dataset,filename,window,AUC_ROC,AUC_PR,Precision,Recall,F,Precision@k,Rprecision,Rrecall,RF
Dodgers,101-freeway-traffic.test.out,70,0.3649408042241167,0.08062131777019182,0.1027190332326284,0.021026592455163882,0.03490759753593429,0.021026592455163882,0.10493827160493827,0.1481749797342934,0.12286378675270429
ECG,MBA_ECG801_data.out,70,0.5026178990910081,0.4758848062642582,0.49615384615384617,0.018052057094878254,0.03483661895760194,0.018052057094878254,0.4881889763779528,0.1524992269288598,0.23240147425401353
ECG,MBA_ECG803_data.out,70,0.7315565059366712,0.1538840773572218,0.019630484988452657,0.017435897435897435,0.018468223791417708,0.017435897435897435,0.027156549520766772,0.21066666666666667,0.048111196689892353
ECG,MBA_ECG805_data.out,70,0.7131770746257541,0.08488608965870073,0.04748603351955307,0.03353057199211045,0.03930635838150289,0.03353057199211045,0.047752808988764044,0.20789067142008316,0.07766568900558261
ECG,MBA_ECG806_data.out,70,0.5280374004813924,0.015999298007741136,0.009908536585365854,0.043333333333333335,0.016129032258064516,0.043333333333333335,0.013597033374536464,0.2128888888888889,0.02556147683142475
ECG,MBA_ECG820_data.out,70,0.4198004314994606,0.05210714757378605,0.04519774011299435,0.02666666666666667,0.033542976939203356,0.02666666666666667,0.05128205128205128,0.21600000000000005,0.08288564850345356
IOPS,KPI-05f10d3a-239c-3bef-9bdc-a2feeb0037aa.test.out,70,0.7375238298639618,0.050400504833693564,0.05476673427991886,0.17419354838709677,0.08333333333333333,0.17419354838709677,0.03617571059431524,0.3433005565862709,0.06545411482095256
IOPS,KPI-0efb375b-b902-3661-ab23-9a0bb799f4e3.test.out,70,0.47504295831225163,0.007211690679904859,0.010362694300518135,0.028169014084507043,0.015151515151515152,0.0,0.010416666666666666,0.0961111111111111,0.01879617557583659
IOPS,KPI-1c6d7a26-1f1a-3321-bb4d-7a9d969ec8f0.test.out,70,0.7265013492665461,0.06516902289639673,0.06806282722513089,0.4642857142857143,0.1187214611872146,0.4642857142857143,0.03431372549019608,0.40224089635854343,0.06323324966817014
IOPS,KPI-301c70d8-1630-35ac-8f96-bc1b6f4359ea.test.out,70,0.4922280862988861,0.022314395211440456,0.03314917127071823,0.02912621359223301,0.031007751937984496,0.02912621359223301,0.03314917127071823,0.057272727272727274,0.041993001166472255
IOPS,KPI-42d6616d-c9c5-370a-a8ba-17ead74f3114.test.out,70,0.6477348654849853,0.018766987153931776,0.028397565922920892,0.27450980392156865,0.051470588235294115,0.27450980392156865,0.026004728132387706,0.31648309178743966,0.04806043474688495
IOPS,KPI-43115f2a-baeb-3b01-96f7-4ea14188343c.test.out,70,0.7510243634707812,0.037447713091071116,0.06451612903225806,0.2318840579710145,0.10094637223974763,0.2318840579710145,0.03591160220994475,0.22505742392156103,0.06193970834066176
IOPS,KPI-431a8542-c468-3988-a508-3afd06a218da.test.out,70,0.8092091375922817,0.1991930246555746,0.23870967741935484,0.4530612244897959,0.3126760563380282,0.4530612244897959,0.12121212121212122,0.5134696168029501,0.19612583032657757
IOPS,KPI-4d2af31a-9916-3d9f-8a8e-8a268a48c095.test.out,70,0.6110551263389692,0.33352918135526827,0.5,0.2222222222222222,0.3076923076923077,0.2222222222222222,0.5,0.3111111111111111,0.3835616438356164
IOPS,KPI-54350a12-7a9d-3ca8-b81f-f886b9d156fd.test.out,70,0.5876010033741786,0.4569300580962602,0.7916666666666666,0.17592592592592593,0.2878787878787879,0.17592592592592593,0.6363636363636364,0.17352092352092352,0.27268677870014174
IOPS,KPI-55f8b8b8-b659-38df-b3df-e4a5a8a54bc9.test.out,70,0.5468779275655435,0.06240177786232361,0.054474708171206226,0.035578144853875476,0.04304381245196003,0.035578144853875476,0.04583333333333333,0.27797889893871036,0.07869189774144834
IOPS,KPI-57051487-3a40-3828-9084-a12f7f23ee38.test.out,70,0.7713221867733423,0.4014845783506756,0.5,0.5434782608695652,0.5208333333333334,0.5434782608695652,0.5,0.6282828282828283,0.5568487018800359
IOPS,KPI-6a757df4-95e5-3357-8406-165e2bd49360.test.out,70,0.666629296062384,0.3750747244535775,0.5,0.3333333333333333,0.4,0.3333333333333333,0.5,0.4666666666666667,0.4827586206896552
IOPS,KPI-6d1114ae-be04-3c46-b5aa-be1a003a57cd.test.out,70,0.5519212685593159,0.01629646948949894,0.01694915254237288,0.05806451612903226,0.026239067055393587,0.0,0.017716535433070866,0.322273425499232,0.03358668912657176
IOPS,KPI-6efa3a07-4544-34a0-b921-a155bd1a05e8.test.out,70,0.6153054263820051,0.12775923826457175,0.06601123595505617,0.028693528693528692,0.04,0.028693528693528692,0.08316008316008316,0.2604532288453374,0.1260679456432046
IOPS,KPI-7103fa0f-cac4-314f-addc-866190247439.test.out,70,0.6665944010850954,0.389088888888889,0.6,0.3333333333333333,0.42857142857142855,0.3333333333333333,0.5555555555555556,0.4333333333333333,0.48689138576779023
IOPS,KPI-847e8ecc-f8d2-3a93-9107-f367a0aab37d.test.out,70,0.7091697545306235,0.04926992634642234,0.058823529411764705,0.2616822429906542,0.09605488850771869,0.2616822429906542,0.036619718309859155,0.3666473071442016,0.0665887377802408
IOPS,KPI-8723f0fb-eaef-32e6-b372-6034c9c04b80.test.out,70,0.5263904814712304,0.02155631596255748,0.016697588126159554,0.05660377358490566,0.025787965616045846,0.05660377358490566,0.02030456852791878,0.28154761904761905,0.0378774987237365
IOPS,KPI-9c639a46-34c8-39bc-aaf0-9144b37adfc8.test.out,70,0.6425710642301788,0.327628090884623,0.48936170212765956,0.2875,0.36220472440944884,0.2875,0.4666666666666667,0.2172071223499795,0.2964386861765117
IOPS,KPI-a07ac296-de40-3a7c-8df3-91f642cc14d0.test.out,70,0.6811216469933575,0.09389385928980946,0.11363636363636363,0.13986013986013987,0.12539184952978055,0.13986013986013987,0.07800175284837862,0.423277306027306,0.13172851020396362
IOPS,KPI-a8c06b47-cc41-3738-9110-12df0ee4c721.test.out,70,0.6978670093429302,0.07863202202186213,0.06153846153846154,0.12598425196850394,0.082687338501292,0.12598425196850394,0.048672566371681415,0.37283568075117374,0.08610445722455029
IOPS,KPI-ab216663-dcc2-3a24-b1ee-2c3e550e06c9.test.out,70,0.4703888300769704,0.02435041413290321,0.018518518518518517,0.0213903743315508,0.019851116625310174,0.0213903743315508,0.018518518518518517,0.09835748792270531,0.03116867211659165
IOPS,KPI-adb2fde9-8589-3f5b-a410-5fe14386c7af.test.out,70,0.7598228399114807,0.02578217474467451,0.03580562659846547,0.25925925925925924,0.06292134831460675,0.25925925925925924,0.03271028037383177,0.3401268115942029,0.059680989952886405
IOPS,KPI-ba5f3328-9f3f-3ff5-a683-84437d16d554.test.out,70,0.5511013041865042,0.06092288290857011,0.058925476603119586,0.0405727923627685,0.0480565371024735,0.0405727923627685,0.0456221198156682,0.1840049214917486,0.07311590592443028
IOPS,KPI-c02607e8-7399-3dde-9d28-8a8da5e5d251.test.out,70,0.5636549690567428,0.01583935062508423,0.016129032258064516,0.04918032786885246,0.024291497975708502,0.0,0.016129032258064516,0.28,0.030501089324618737
IOPS,KPI-c69a50cf-ee03-3bd7-831e-407d36c7ee91.test.out,70,0.7134578225906747,0.08659272789453709,0.07838983050847458,0.46835443037974683,0.13430127041742287,0.46835443037974683,0.03735632183908046,0.45345506623702114,0.06902616282116587
IOPS,KPI-da10a69f-d836-3baa-ad40-3e548ecf1fbd.test.out,70,0.5687740099201007,0.2667442226734821,0.43333333333333335,0.13978494623655913,0.21138211382113822,0.13978494623655913,0.41304347826086957,0.28877575757575763,0.3399078772878617
IOPS,KPI-e0747cad-8dc8-38a9-a9ab-855b61f5551d.test.out,70,0.5488349935553681,0.0234093122759696,0.015544041450777202,0.02586206896551724,0.019417475728155338,0.02586206896551724,0.015706806282722512,0.1186666666666667,0.027741700867577535
IOPS,KPI-f0932edd-6400-3e63-9559-0a9860a1baa9.test.out,70,0.8076112397036194,0.4128809144671408,0.4772727272727273,0.6176470588235294,0.5384615384615384,0.6176470588235294,0.35714285714285715,0.5071313131313131,0.419122385806973
IOPS,KPI-ffb82d38-5f00-37db-abc0-5d2e4e4cb6aa.test.out,70,0.5713912440676159,0.3037952757584156,0.5,0.14285714285714285,0.2222222222222222,0.14285714285714285,0.5,0.2571428571428572,0.339622641509434
MGAB,1.test.out,70,0.5718910042306836,0.007552425319532021,0.0057251908396946565,0.05,0.010273972602739725,0.05,0.002564102564102564,0.10666666666666667,0.005007824726134585
MGAB,10.test.out,70,0.5605658539300824,0.002196476802835981,0.0020242914979757085,0.016666666666666666,0.0036101083032490976,0.016666666666666666,0.0026954177897574125,0.08,0.005215123859191656
MGAB,2.test.out,70,0.5870465931863726,0.0037145744294664893,0.007936507936507936,0.06666666666666667,0.014184397163120567,0.06666666666666667,0.007874015748031496,0.17333333333333334,0.015063731170336037
MGAB,3.test.out,70,0.670504342017368,0.004850573137829697,0.003976143141153081,0.03333333333333333,0.007104795737122558,0.03333333333333333,0.0026455026455026454,0.09333333333333334,0.005145167217934583
MGAB,4.test.out,70,0.4814726771390374,0.0025638888599242068,0.0019083969465648854,0.0125,0.0033112582781456954,0.0125,0.002583979328165375,0.060000000000000005,0.00495458298926507
MGAB,5.test.out,70,0.4096995994659546,0.0010450777861204204,0.0,0.0,0.0,0.0,0.0,0.0,0.0
MGAB,6.test.out,70,0.5593570354278075,0.0035431354116235826,0.005928853754940711,0.0375,0.010238907849829351,0.0375,0.005291005291005291,0.13,0.010168165819319515
MGAB,7.test.out,70,0.5066332665330661,0.0018771146541586288,0.0,0.0,0.0,0.0,0.0,0.0,0.0
MGAB,8.test.out,70,0.5208180249387664,0.0019381286639547084,0.0,0.0,0.0,0.0,0.0,0.0,0.0
MGAB,9.test.out,70,0.578210031173458,0.019555166487932995,0.006048387096774193,0.05,0.01079136690647482,0.05,0.002702702702702703,0.10666666666666667,0.005271828665568369
NAB,NAB_data_CloudWatch_1.out,70,0.5014018176810796,0.11830980141994778,0.13333333333333333,0.01,0.018604651162790697,0.01,0.13333333333333333,0.20400000000000001,0.16126482213438734
NAB,NAB_data_CloudWatch_10.out,70,0.5085995347045429,0.11673272344789382,0.11904761904761904,0.04975124378109453,0.07017543859649122,0.04975124378109453,0.1366906474820144,0.13756218905472636,0.13712503344274277
NAB,NAB_data_CloudWatch_11.out,70,0.5074626865671642,0.5565820117966357,1.0,0.014925373134328358,0.029411764705882353,0.014925373134328358,1.0,0.20298507462686569,0.337468982630273
NAB,NAB_data_CloudWatch_12.out,70,0.5311575550538895,0.18681426125563716,0.25,0.0847457627118644,0.12658227848101267,0.0847457627118644,0.21710526315789475,0.20401427297056202,0.2103562937423525
NAB,NAB_data_CloudWatch_13.out,70,0.5245710548058387,0.1293312315378081,0.16071428571428573,0.045,0.0703125,0.045,0.15384615384615385,0.20450000000000002,0.17559300203928305
NAB,NAB_data_CloudWatch_14.out,70,0.6004135354784705,0.16845503876791182,0.1925925925925926,0.05627705627705628,0.08710217755443886,0.05627705627705628,0.14864864864864866,0.1432900432900433,0.14592016672010263
NAB,NAB_data_CloudWatch_15.out,70,0.5250519360609383,0.225583288243128,0.3333333333333333,0.06451612903225806,0.10810810810810811,0.06451612903225806,0.25,0.15161290322580645,0.18875502008032127
NAB,NAB_data_CloudWatch_16.out,70,0.6372755439272927,0.3252044581535173,0.33587786259541985,0.11,0.1657250470809793,0.11,0.16326530612244897,0.21100000000000002,0.18408855444680736
NAB,NAB_data_CloudWatch_17.out,70,0.48858441200771136,0.1204532539015855,0.3333333333333333,0.07,0.11570247933884298,0.07,0.26666666666666666,0.20742857142857143,0.23334672559260744
NAB,NAB_data_CloudWatch_2.out,70,0.52019829248141,0.1089954650747671,0.17543859649122806,0.025,0.0437636761487965,0.025,0.17543859649122806,0.20400000000000001,0.18864434991677453
NAB,NAB_data_CloudWatch_3.out,70,0.6141837648030847,0.15856366559511398,0.2708333333333333,0.0325,0.05803571428571429,0.0325,0.26666666666666666,0.20450000000000002,0.23148213654050231
NAB,NAB_data_CloudWatch_4.out,70,0.5550338004110065,0.12543914918459764,0.11842105263157894,0.022388059701492536,0.03765690376569038,0.022388059701492536,0.13333333333333333,0.20223880597014926,0.16071163825055595
NAB,NAB_data_CloudWatch_5.out,70,0.6048058159313527,0.374253966374788,0.5714285714285714,0.11695906432748537,0.1941747572815534,0.11695906432748537,0.8,0.21169590643274855,0.3347976878612717
NAB,NAB_data_CloudWatch_6.out,70,0.5703618858038274,0.24557654226917816,0.3409090909090909,0.07462686567164178,0.12244897959183673,0.07462686567164178,0.42857142857142855,0.21990049751243781,0.29066199035510737
NAB,NAB_data_CloudWatch_8.out,70,0.5153740117269809,0.11738384895970179,0.10344827586206896,0.03731343283582089,0.054844606946983544,0.03731343283582089,0.11538461538461539,0.13996683250414596,0.1264924813908178
NAB,NAB_data_CloudWatch_9.out,70,0.5129965400954758,0.13289851487199006,0.12804878048780488,0.04449152542372881,0.0660377358490566,0.04449152542372881,0.13013698630136986,0.20187332738626226,0.15825524303076255
NAB,NAB_data_Exchange_1.out,70,0.4975663548558826,0.09307078587707653,0.0,0.0,0.0,0.0,0.0,0.0,0.0
NAB,NAB_data_Exchange_2.out,70,0.5324525803144223,0.11358870241228519,0.12195121951219512,0.03125,0.04975124378109453,0.03125,0.11764705882352941,0.21250000000000002,0.15144766146993316
NAB,NAB_data_Exchange_3.out,70,0.5303773131458784,0.16848135637839848,0.24,0.08,0.12,0.08,0.25,0.22844444444444448,0.23873664653971205
NAB,NAB_data_Exchange_4.out,70,0.49337355120653625,0.09510194916547961,0.0975609756097561,0.02631578947368421,0.04145077720207254,0.02631578947368421,0.11538461538461539,0.20701754385964913,0.1481791544579322
NAB,NAB_data_Exchange_5.out,70,0.505538872205539,0.16226136234256414,0.21428571428571427,0.018518518518518517,0.03409090909090909,0.018518518518518517,0.21428571428571427,0.14320987654320988,0.17168228909718797
NAB,NAB_data_Exchange_6.out,70,0.5091303981106613,0.20080661649556286,0.2857142857142857,0.025,0.04597701149425287,0.025,0.2857142857142857,0.16500000000000004,0.20919175911251986
NAB,NAB_data_KnownCause_1.out,70,0.5567787867937053,0.12310451892851046,0.12921348314606743,0.031767955801104975,0.050997782705099776,0.031767955801104975,0.1484375,0.20277558537227047,0.17140307242136066
NAB,NAB_data_KnownCause_2.out,70,0.5197403426791277,0.09549926893777752,0.05172413793103448,0.006008010680907877,0.01076555023923445,0.006008010680907877,0.047058823529411764,0.2006008010680908,0.07623396597377476
NAB,NAB_data_KnownCause_3.out,70,0.5016102970472354,0.0908426730633183,0.10884353741496598,0.04664723032069971,0.0653061224489796,0.04664723032069971,0.10344827586206896,0.20824676616915427,0.13822978237743322
NAB,NAB_data_KnownCause_4.out,70,0.5915871453337865,0.15627033584618283,0.19246861924686193,0.05418138987043581,0.08455882352941177,0.05418138987043581,0.18598130841121494,0.20314543720904146,0.1941848235062005
NAB,NAB_data_KnownCause_5.out,70,0.4935590378848769,0.12255553358357782,0.28346456692913385,0.03495145631067961,0.06222990492653414,0.03495145631067961,0.2909090909090909,0.20869902912621358,0.24304026456746328
NAB,NAB_data_KnownCause_6.out,70,0.4967623254703346,0.07622735917808707,0.047619047619047616,0.005319148936170213,0.009569377990430622,0.005319148936170213,0.047619047619047616,0.10425531914893618,0.06537691794529686
NAB,NAB_data_KnownCause_7.out,70,0.49895528625156704,0.049680090327436956,0.0,0.0,0.0,0.0,0.0,0.0,0.0
NAB,NAB_data_Traffic_1.out,70,0.5254944626676625,0.15732827078353634,0.1625,0.052845528455284556,0.07975460122699386,0.052845528455284556,0.17857142857142858,0.22276422764227646,0.19823469830704674
NAB,NAB_data_Traffic_2.out,70,0.5205298486146815,0.14574854799243017,0.16279069767441862,0.06481481481481481,0.09271523178807947,0.06481481481481481,0.1702127659574468,0.2064814814814815,0.18660111918832697
NAB,NAB_data_Traffic_3.out,70,0.5088635641085019,0.1197179125989783,0.17777777777777778,0.03361344537815126,0.05653710247349823,0.03361344537815126,0.16666666666666666,0.20384153661464588,0.1833891348957771
NAB,NAB_data_Traffic_4.out,70,0.5202795173471289,0.12963944388932883,0.25757575757575757,0.06854838709677419,0.10828025477707007,0.06854838709677419,0.18867924528301888,0.21096774193548387,0.19920197374432702
NAB,NAB_data_Traffic_5.out,70,0.5486891350967632,0.1548753393981196,0.1917808219178082,0.058823529411764705,0.09003215434083602,0.058823529411764705,0.18333333333333332,0.20427807486631017,0.19323982524718328
NAB,NAB_data_Traffic_6.out,70,0.606962348548887,0.15527674546655698,0.21212121212121213,0.0625,0.09655172413793103,0.0625,0.2777777777777778,0.18571428571428572,0.2226027397260274
NAB,NAB_data_Traffic_7.out,70,0.5832375836612761,0.13356513123341004,0.11290322580645161,0.028225806451612902,0.04516129032258064,0.028225806451612902,0.11538461538461539,0.20752688172043013,0.1483094262295082
NAB,NAB_data_art1_0.out,70,0.5112756005039559,0.10856422456339605,0.0975609756097561,0.01990049751243781,0.03305785123966942,0.01990049751243781,0.0945945945945946,0.20227434257285004,0.12890576976583176
NAB,NAB_data_art1_1.out,70,0.49345652558371,0.10204143833127502,0.07317073170731707,0.014925373134328358,0.024793388429752067,0.014925373134328358,0.08,0.2019900497512438,0.11460832745236416
NAB,NAB_data_art1_2.out,70,0.5374512118383008,0.1205991978707987,0.13793103448275862,0.01990049751243781,0.034782608695652174,0.01990049751243781,0.13793103448275862,0.2019900497512438,0.1639244978298173
NAB,NAB_data_art1_3.out,70,0.3264251901144594,0.06410164103310033,0.02564102564102564,0.004975124378109453,0.008333333333333333,0.004975124378109453,0.02702702702702703,0.2019900497512438,0.04767496477219352
NAB,NAB_data_art1_4.out,70,0.5087201770151721,0.12782233231673326,0.12883435582822086,0.05223880597014925,0.0743362831858407,0.05223880597014925,0.11801242236024845,0.20219952867242735,0.1490391354962181
NAB,NAB_data_art1_5.out,70,0.619179179879056,0.2527848436467776,0.10256410256410256,0.03980099502487562,0.05734767025089606,0.03980099502487562,0.125,0.20289461781999096,0.15469498948239593
NAB,NAB_data_tweets_1.out,70,0.5061763034409189,0.30346260629517385,0.5,0.013888888888888888,0.02702702702702703,0.013888888888888888,0.42857142857142855,0.10353535353535354,0.16677966101694913
NAB,NAB_data_tweets_10.out,70,0.5274508757083424,0.1690490481073753,0.19963369963369965,0.0689873417721519,0.10253998118532455,0.0689873417721519,0.23809523809523808,0.2091983122362869,0.22271334752805255
NAB,NAB_data_tweets_2.out,70,0.5023274257684547,0.33707153874309015,0.5714285714285714,0.005076142131979695,0.010062893081761006,0.005076142131979695,0.6,0.10126903553299493,0.1732899022801303
NAB,NAB_data_tweets_3.out,70,0.5031446540880503,0.5528270639993766,1.0,0.006289308176100629,0.0125,0.006289308176100629,1.0,0.06918238993710692,0.12941176470588237
NAB,NAB_data_tweets_4.out,70,0.5050429666920787,0.41537487275844076,0.7272727272727273,0.010505581089954037,0.020711974110032363,0.010505581089954037,0.7,0.20204829876512506,0.3135836724689927
NAB,NAB_data_tweets_5.out,70,0.5017585806300336,0.35157653782437104,0.6,0.0037974683544303796,0.007547169811320755,0.0037974683544303796,0.5,0.20151898734177218,0.2872609166365933
NAB,NAB_data_tweets_6.out,70,0.5211109162394219,0.3217927679242852,0.5409836065573771,0.04618614415675298,0.0851063829787234,0.04618614415675298,0.4406779661016949,0.13645217216645789,0.2083809585162714
NAB,NAB_data_tweets_7.out,70,0.5104431692672674,0.23792992682303366,0.36363636363636365,0.02518891687657431,0.04711425206124853,0.02518891687657431,0.23076923076923078,0.20214105793450882,0.21550855991943604
NAB,NAB_data_tweets_8.out,70,0.5012626262626263,0.5511048975560017,1.0,0.0025252525252525255,0.005037783375314861,0.0025252525252525255,1.0,0.13434343434343435,0.23686553873552982
NAB,NAB_data_tweets_9.out,70,0.5101087726915338,0.22335399278713225,0.33884297520661155,0.025883838383838384,0.04809384164222874,0.025883838383838384,0.26605504587155965,0.20265151515151517,0.230064874884152
NASA_SMAP,SMAPA-1_data.out,70,0.5058239075875821,0.2607434640522876,0.5,0.011764705882352941,0.022988505747126436,0.011764705882352941,0.5,0.20941176470588235,0.29519071310116085
NASA_SMAP,SMAPA-2_data.out,70,0.5498335705948163,0.06821244026470409,0.045454545454545456,0.07207207207207207,0.05574912891986063,0.07207207207207207,0.024390243902439025,0.21441441441441442,0.043798306956201696
NASA_SMAP,SMAPA-3_data.out,70,0.6150278840442122,0.07398632546024647,0.07537688442211055,0.08064516129032258,0.07792207792207792,0.08064516129032258,0.0582010582010582,0.2058651026392962,0.0907467036453804
NASA_SMAP,SMAPA-4_data.out,70,0.42457767090719783,0.04508929524799522,0.04430379746835443,0.06306306306306306,0.05204460966542751,0.06306306306306306,0.039473684210526314,0.2084084084084084,0.0663754901648229
NASA_SMAP,SMAPA-5_data.out,70,0.916738474795347,0.46443444395333183,0.4925373134328358,0.6470588235294118,0.559322033898305,0.6470588235294118,0.5,0.37254901960784315,0.42696629213483145
NASA_SMAP,SMAPA-6_data.out,70,0.8865566194193221,0.45352494008508015,0.49056603773584906,0.6341463414634146,0.5531914893617021,0.6341463414634146,0.25,0.7073170731707317,0.36942675159235666
NASA_SMAP,SMAPA-7_data.out,70,0.26802158410453647,0.22551610875546851,0.6798561151079137,0.07871720116618076,0.14109742441209405,0.07871720116618076,0.7398373983739838,0.2006920193509115,0.3157359220728379
NASA_SMAP,SMAPA-8_data.out,70,0.48734244474891736,0.3987717135213607,0.33980582524271846,0.01839201261166579,0.03489531405782652,0.01839201261166579,0.25,0.20294272201786653,0.22402691571436859
NASA_SMAP,SMAPA-9_data.out,70,0.5027906157617127,0.48014670490692357,0.5,0.01966364812419146,0.037839183470251433,0.01966364812419146,0.5,0.2039327296248383,0.2897048553681038
NASA_SMAP,SMAPB-1_data.out,70,0.8787412799889768,0.5683647934698663,0.6923076923076923,0.5070422535211268,0.5853658536585366,0.5070422535211268,0.6923076923076923,0.4028169014084507,0.5092995647012267
NASA_MSL,SMAPC-1_data.out,70,0.4911645518074821,0.12671780623060544,0.04838709677419355,0.009615384615384616,0.016042780748663103,0.009615384615384616,0.08108108108108109,0.10199004975124379,0.09034153507161219
NASA_MSL,SMAPC-2_data.out,70,0.4994737203395648,0.061701891860160354,0.02702702702702703,0.0072992700729927005,0.011494252873563218,0.0072992700729927005,0.02702702702702703,0.10396039603960397,0.04290091930541369
NASA_SMAP,SMAPD-11_data.out,70,0.7353104077229351,0.35262152631690086,0.5,0.4262295081967213,0.46017699115044247,0.4262295081967213,0.5,0.540983606557377,0.5196850393700787
NASA_SMAP,SMAPD-12_data.out,70,0.5383211678832117,0.6980837341878342,1.0,0.043795620437956206,0.08391608391608392,0.043795620437956206,1.0,0.20583941605839418,0.34140435835351096
NASA_SMAP,SMAPD-13_data.out,70,0.8834389504413731,0.7284800281383838,0.7954545454545454,0.43478260869565216,0.5622489959839357,0.43478260869565216,0.7857142857142857,0.28695652173913044,0.42038216560509556
NASA_MSL,SMAPD-14_data.out,70,0.6936318340812723,0.4565351591854326,0.6571428571428571,0.2072072072072072,0.3150684931506849,0.2072072072072072,0.6527777777777778,0.43274105662165363,0.5204584873941429
NASA_MSL,SMAPD-15_data.out,70,0.4939906231714002,0.2838888650124324,0.0,0.0,0.0,0.0,0.0,0.0,0.0
NASA_MSL,SMAPD-16_data.out,70,0.5081079059189658,0.36434271316779154,0.76,0.05837173579109063,0.10841654778887304,0.05837173579109063,0.5,0.2038914490527394,0.28966319924347134
NASA_SMAP,SMAPD-1_data.out,70,0.6319423135931267,0.7729107000075114,1.0,0.07548327707885855,0.14037089871611982,0.07548327707885855,1.0,0.20177607710773787,0.3357964615061128
NASA_SMAP,SMAPD-2_data.out,70,0.5100566639291794,0.6484202359134295,0.75,0.016358463726884778,0.032018561484918794,0.016358463726884778,0.75,0.20436225699383595,0.32120233511365054
NASA_SMAP,SMAPD-3_data.out,70,0.532051282051282,0.7094818376068375,1.0,0.038461538461538464,0.07407407407407407,0.038461538461538464,1.0,0.20512820512820515,0.34042553191489366
NASA_SMAP,SMAPD-4_data.out,70,0.5323275862068966,0.7116029314211065,1.0,0.03879310344827586,0.07468879668049792,0.03879310344827586,1.0,0.20517241379310347,0.3404864091559371
NASA_SMAP,SMAPD-5_data.out,70,0.5389517295634104,0.2775905590343112,0.5,0.0784313725490196,0.13559322033898305,0.0784313725490196,0.5,0.2627450980392157,0.3444730077120823
NASA_SMAP,SMAPD-6_data.out,70,0.5183262847622708,0.267292406561813,0.5,0.037037037037037035,0.06896551724137931,0.037037037037037035,0.5,0.22962962962962963,0.3147208121827411
NASA_SMAP,SMAPD-7_data.out,70,0.538860103626943,0.7019064265790498,1.0,0.04441154700222058,0.08504606661941885,0.04441154700222058,1.0,0.20592153960029608,0.34151730910876504
NASA_SMAP,SMAPD-8_data.out,70,0.5097400074691771,0.26297892791864014,0.5,0.0196078431372549,0.03773584905660377,0.0196078431372549,0.5,0.21568627450980393,0.3013698630136986
NASA_SMAP,SMAPD-9_data.out,70,0.5384948096885813,0.6105309965640877,1.0,0.05795847750865052,0.10956663941128372,0.05795847750865052,1.0,0.21545559400230682,0.3545264756120706
NASA_SMAP,SMAPE-10_data.out,70,0.46299383739809014,0.03766423708027816,0.030303030303030304,0.018633540372670808,0.023076923076923078,0.018633540372670808,0.0297029702970297,0.21863830403009912,0.05230066623435665
NASA_SMAP,SMAPE-11_data.out,70,0.45024942207081153,0.03435643254458698,0.030303030303030304,0.020338983050847456,0.02434077079107505,0.020338983050847456,0.0297029702970297,0.2189649630343941,0.05230999997440301
NASA_SMAP,SMAPE-12_data.out,70,0.43598763641382454,0.06314045445334376,0.0707070707070707,0.024013722126929673,0.03585147247119078,0.024013722126929673,0.06930693069306931,0.21719003390830016,0.10508156446440745
NASA_SMAP,SMAPE-13_data.out,70,0.5381489953257503,0.041165311976920464,0.04819277108433735,0.045454545454545456,0.04678362573099415,0.045454545454545456,0.04132231404958678,0.22433043095622987,0.06978924700100128
NASA_SMAP,SMAPE-1_data.out,70,0.5293895327113831,0.07766050722817025,0.09803921568627451,0.03937007874015748,0.056179775280898875,0.03937007874015748,0.10476190476190476,0.22731588557516738,0.14342449780409297
NASA_SMAP,SMAPE-2_data.out,70,0.4765167749353977,0.19244534676622457,0.29381443298969073,0.0407725321888412,0.07160804020100503,0.0407725321888412,0.22758620689655173,0.2009884250227598,0.21346197312795612
NASA_SMAP,SMAPE-3_data.out,70,0.594926859632742,0.7516019529275539,1.0,0.06971677559912855,0.13034623217922606,0.06971677559912855,1.0,0.2026558771656811,0.3370139056623305
NASA_SMAP,SMAPE-4_data.out,70,0.48452673313781786,0.328014736843399,0.3247422680412371,0.02240398293029872,0.041916167664670656,0.02240398293029872,0.3193717277486911,0.20029382272695476,0.2461898202147439
NASA_SMAP,SMAPE-5_data.out,70,0.45191911330022316,0.04133084091730094,0.05102040816326531,0.03115264797507788,0.03868471953578337,0.03115264797507788,0.0594059405940594,0.20415368639667705,0.09203186318491414
NASA_SMAP,SMAPE-6_data.out,70,0.5901804049727295,0.3024954362906169,0.5,0.18181818181818182,0.26666666666666666,0.18181818181818182,0.5,0.34545454545454546,0.40860215053763443
NASA_SMAP,SMAPE-7_data.out,70,0.6184538343877111,0.5294468764053042,0.8589743589743589,0.23843416370106763,0.3732590529247911,0.23843416370106763,0.875,0.22724961870869345,0.3607956183338138
NASA_SMAP,SMAPE-8_data.out,70,0.515366811931954,0.07718397390278309,0.07027027027027027,0.02086677367576244,0.03217821782178218,0.02086677367576244,0.06521739130434782,0.20185482432673446,0.0985834114842677
NASA_SMAP,SMAPE-9_data.out,70,0.5793652073365316,0.0604286612432928,0.06217616580310881,0.03418803418803419,0.04411764705882353,0.03418803418803419,0.08,0.20341880341880342,0.11483715319662242
NASA_SMAP,SMAPF-1_data.out,70,0.5143110916066262,0.01417277336439805,0.028409090909090908,0.04950495049504951,0.036101083032490974,0.04950495049504951,0.02857142857142857,0.20792079207920794,0.05023923444976076
NASA_SMAP,SMAPF-2_data.out,70,0.427029797891612,0.28783703168459285,0.3263157894736842,0.02096719648292188,0.03940260565618049,0.02096719648292188,0.29444444444444445,0.20031648598464788,0.23842657251719324
NASA_SMAP,SMAPF-3_data.out,70,0.4874025194961008,0.002447468958930277,0.0,0.0,0.0,0.0,0.0,0.0,0.0
NASA_MSL,SMAPF-4_data.out,70,0.6925197859793798,0.04051831457240364,0.03225806451612903,0.028169014084507043,0.03007518796992481,0.028169014084507043,0.03225806451612903,0.21126760563380284,0.055970149253731345
NASA_MSL,SMAPF-5_data.out,70,0.8347962228298569,0.25126934685189495,0.2807017543859649,0.2119205298013245,0.24150943396226415,0.2119205298013245,0.21428571428571427,0.2565121412803532,0.23350525822225202
NASA_MSL,SMAPF-7_data.out,70,0.5804081140918458,0.09717869950614626,0.034482758620689655,0.0070921985815602835,0.011764705882352941,0.0070921985815602835,0.03614457831325301,0.1373002971938985,0.057224652268877844
NASA_MSL,SMAPF-8_data.out,70,0.5525755622403667,0.3024052057434398,0.22772277227722773,0.04283054003724395,0.07210031347962383,0.04283054003724395,0.21428571428571427,0.20190357955721086,0.20791045518142628
NASA_SMAP,SMAPG-1_data.out,70,0.5166754446059233,0.023368151439805446,0.018779342723004695,0.03305785123966942,0.023952095808383235,0.03305785123966942,0.020833333333333332,0.2088154269972452,0.0378867396411256
NASA_SMAP,SMAPG-2_data.out,70,0.5121268159402905,0.26491214409495,0.5,0.024390243902439025,0.046511627906976744,0.024390243902439025,0.5,0.21951219512195125,0.30508474576271194
NASA_SMAP,SMAPG-3_data.out,70,0.5097402759474462,0.2629656769752292,0.5,0.0196078431372549,0.03773584905660377,0.0196078431372549,0.5,0.21568627450980393,0.3013698630136986
NASA_SMAP,SMAPG-4_data.out,70,0.5321265028795023,0.2760934435652938,0.5,0.06451612903225806,0.11428571428571428,0.06451612903225806,0.5,0.2516129032258065,0.33476394849785407
NASA_SMAP,SMAPG-6_data.out,70,0.7360039376697946,0.45063559073976217,0.5769230769230769,0.297029702970297,0.39215686274509803,0.297029702970297,0.5769230769230769,0.3188118811881188,0.4106793639996599
NASA_SMAP,SMAPG-7_data.out,70,0.6793097712058186,0.21397122480866107,0.16770186335403728,0.10074626865671642,0.1258741258741259,0.10074626865671642,0.06756756756756757,0.2561002550559316,0.10692487839726719
NASA_MSL,SMAPM-1_data.out,70,0.4530079248497117,0.4589860136920235,0.23636363636363636,0.011393514460999123,0.021739130434782608,0.011393514460999123,0.13793103448275862,0.20227870289219985,0.16401947198237574
NASA_MSL,SMAPM-2_data.out,70,0.6489678099270468,0.5983303853548123,0.4918032786885246,0.026292725679228746,0.04991680532445923,0.026292725679228746,0.6060606060606061,0.20105170902716915,0.3019394410040078
NASA_MSL,SMAPM-3_data.out,70,0.6253843899455482,0.16804293282651228,0.16666666666666666,0.02390438247011952,0.041811846689895474,0.02390438247011952,0.22,0.20318725099601595,0.21125964978346828
NASA_MSL,SMAPM-4_data.out,70,0.5667637229481626,0.17801847500246598,0.3103448275862069,0.035856573705179286,0.06428571428571428,0.035856573705179286,0.3333333333333333,0.20358565737051795,0.2527825871877319
NASA_MSL,SMAPM-5_data.out,70,0.5829842914560521,0.16376240478060014,0.26666666666666666,0.026578073089700997,0.04833836858006042,0.026578073089700997,0.2222222222222222,0.2035437430786268,0.21247326744118838
NASA_MSL,SMAPM-6_data.out,70,0.6988950276243093,0.7254933682782869,1.0,0.1878453038674033,0.31627906976744186,0.1878453038674033,1.0,0.2751381215469613,0.43154246100519933
NASA_MSL,SMAPM-7_data.out,70,0.8175616101756161,0.42534399993201705,0.4,0.15841584158415842,0.22695035460992907,0.15841584158415842,0.4,0.2633663366336634,0.3176119402985075
NASA_MSL,SMAPP-10_data.out,70,0.7030241489425646,0.4211776901735434,0.5932203389830508,0.26717557251908397,0.3684210526315789,0.26717557251908397,0.75,0.27124681933842243,0.3984053818363025
NASA_MSL,SMAPP-11_data.out,70,0.661902715664274,0.2547411224086523,0.20202020202020202,0.08771929824561403,0.12232415902140673,0.08771929824561403,0.1,0.2409175870858114,0.1413347953945073
NASA_MSL,SMAPP-14_data.out,70,0.7427228916337407,0.6908513486289142,0.9491525423728814,0.30939226519337015,0.4666666666666667,0.30939226519337015,0.96875,0.2618784530386741,0.41230113078369207
NASA_MSL,SMAPP-15_data.out,70,0.828395061728395,0.3797969187675071,0.3333333333333333,0.6666666666666666,0.4444444444444444,0.6666666666666666,0.3333333333333333,0.7333333333333334,0.45833333333333337
NASA_SMAP,SMAPP-1_data.out,70,0.5233596198963671,0.13472184130449788,0.18888888888888888,0.045272969374167776,0.07303974221267455,0.045272969374167776,0.14556962025316456,0.20480885398304913,0.17018138550771073
NASA_SMAP,SMAPP-2_data.out,70,0.7664877049675496,0.7604156295972853,0.9132947976878613,0.1409455842997324,0.24420401854714066,0.1409455842997324,0.9746835443037974,0.2014643697070102,0.33391039269428985
NASA_SMAP,SMAPP-3_data.out,70,0.7097073841697631,0.5245468053567414,0.329004329004329,0.05688622754491018,0.09700063816209317,0.05688622754491018,0.2713675213675214,0.2010583484194402,0.23098102432635587
NASA_SMAP,SMAPP-4_data.out,70,0.5218900117479903,0.37653234539667135,0.6666666666666666,0.045146726862302484,0.08456659619450317,0.045146726862302484,0.6875,0.21660619261166147,0.32942315545997175
NASA_SMAP,SMAPP-7_data.out,70,0.5000945334744731,0.23758098429872002,0.38372093023255816,0.039975772259236826,0.07240811848601207,0.039975772259236826,0.36129032258064514,0.20057108246084626,0.2579440069469698
NASA_SMAP,SMAPR-1_data.out,70,0.5061030363510702,0.26169465066023134,0.5,0.012345679012345678,0.024096385542168676,0.012345679012345678,0.5,0.20987654320987656,0.2956521739130435
NASA_SMAP,SMAPS-1_data.out,70,0.539486681731388,0.14079435636321844,1.0,0.03794642857142857,0.07311827956989247,0.03794642857142857,1.0,0.2025297619047619,0.3368395000618735
NASA_MSL,SMAPS-2_data.out,70,0.635537645174209,0.3430984724088172,0.5,0.2727272727272727,0.35294117647058826,0.2727272727272727,0.5,0.4181818181818182,0.45544554455445546
NASA_MSL,SMAPT-12_data.out,70,0.631841267909617,0.06525427926929811,0.07142857142857142,0.03305785123966942,0.04519774011299435,0.03305785123966942,0.12121212121212122,0.2066115702479339,0.15278838808250575
NASA_MSL,SMAPT-13_data.out,70,0.6067493112947657,0.25305702527924745,0.3333333333333333,0.0873015873015873,0.13836477987421383,0.0873015873015873,0.3333333333333333,0.14356435643564358,0.20069204152249137
NASA_SMAP,SMAPT-1_data.out,70,0.4885210662951056,0.18611721215589072,0.18532818532818532,0.0625,0.0934761441090555,0.0625,0.1825242718446602,0.10027234042553192,0.1294367409524956
NASA_SMAP,SMAPT-2_data.out,70,0.48743566432420926,0.2118922338248711,0.20689655172413793,0.06050420168067227,0.09362808842652796,0.06050420168067227,0.20270270270270271,0.2004609843937575,0.20157561121489068
NASA_SMAP,SMAPT-3_data.out,70,0.5053156640857653,0.26604207949644476,0.5,0.010869565217391304,0.02127659574468085,0.010869565217391304,0.5,0.2087796731480377,0.29456216234411026
NASA_MSL,SMAPT-4_data.out,70,0.47265740965643804,0.06129265253776145,0.25,0.057971014492753624,0.09411764705882353,0.057971014492753624,0.125,0.2463768115942029,0.16585365853658537
NASA_MSL,SMAPT-5_data.out,70,0.5949957888826501,0.311266351122077,0.5,0.19230769230769232,0.2777777777777778,0.19230769230769232,0.5,0.35384615384615387,0.4144144144144144
NASA_MSL,SMAPT-8_data.out,70,0.5203135594393015,0.10977708977166824,0.15555555555555556,0.06862745098039216,0.09523809523809523,0.06862745098039216,0.15555555555555556,0.21631347461015596,0.18097104081047502
NASA_MSL,SMAPT-9_data.out,70,0.6562817581300813,0.3312847224876409,0.39473684210526316,0.13392857142857142,0.2,0.13392857142857142,0.5,0.24327625116155582,0.32730260220392565
SensorScope,stb-10.test.out,70,0.5252294389089935,0.2472768236339378,0.24166666666666667,0.030114226375908618,0.05355493998153278,0.030114226375908618,0.2579185520361991,0.20361073985758113,0.2275694657975153
SensorScope,stb-11.test.out,70,0.5180454190296365,0.21786870553244683,0.22105263157894736,0.030390738060781478,0.05343511450381679,0.030390738060781478,0.19736842105263158,0.20369170366407216,0.2004802145917453
SensorScope,stb-12.test.out,70,0.520832595697116,0.2613559046260599,0.2620967741935484,0.03130267276667469,0.05592600559260056,0.03130267276667469,0.2894736842105263,0.20427011563192607,0.23952026522642628
SensorScope,stb-13.test.out,70,0.5357879050287723,0.2760459898233241,0.26640926640926643,0.03322899109077775,0.05908798972382787,0.03322899109077775,0.2804878048780488,0.2049290416410418,0.23682777990853057
SensorScope,stb-14.test.out,70,0.5169095711399767,0.2557661283497972,0.23739495798319327,0.027209246327955693,0.04882263987902355,0.027209246327955693,0.2289156626506024,0.20450912400964905,0.21602521628491986
SensorScope,stb-15.test.out,70,0.5026534796146299,0.27060622229019615,0.289532293986637,0.030908226343319068,0.055853920515574654,0.030908226343319068,0.2867647058823529,0.20377743612358526,0.23825140199568215
SensorScope,stb-17.test.out,70,0.5916602180097564,0.35838250372817965,0.4117647058823529,0.06487488415199258,0.11208967173738991,0.06487488415199258,0.41356570890249644,0.17840930102533206,0.24928068859641836
SensorScope,stb-18.test.out,70,0.4898754438157101,0.1392509577816151,0.1273100616016427,0.022198353025420694,0.03780487804878049,0.022198353025420694,0.078125,0.12443243382226532,0.09598545665714199
SensorScope,stb-19.test.out,70,0.5093299909644385,0.3115310179857339,0.38415841584158417,0.034257460709871096,0.062905317769131,0.034257460709871096,0.4864864864864865,0.17666615691844836,0.2592033638561431
SensorScope,stb-2.test.out,70,0.5039800897097748,0.24512509372994584,0.15562913907284767,0.012443738416732858,0.02304486393723952,0.012443738416732858,0.17307692307692307,0.028808546329404494,0.049395279132020985
SensorScope,stb-20.test.out,70,0.5049475369893043,0.22734139156911676,0.22244094488188976,0.029388816644993498,0.05191821732138755,0.029388816644993498,0.24193548387096775,0.2037147376938648,0.22118612872020046
SensorScope,stb-25.test.out,70,0.5333693506067331,0.20228980801543417,0.210412147505423,0.031772027513920734,0.05520774046670461,0.031772027513920734,0.25609756097560976,0.20378264624801337,0.22696449141980346
SensorScope,stb-28.test.out,70,0.5557833772736721,0.22492709157792076,0.26693227091633465,0.044166117336849046,0.0757918552036199,0.044166117336849046,0.30897435897435893,0.2059965739932852,0.24718932788576786
SensorScope,stb-29.test.out,70,0.5659524048531844,0.2408403252851096,0.27765726681127983,0.051821862348178135,0.08734220402592972,0.051821862348178135,0.29653679653679654,0.20830184730419024,0.24470853515618537
SensorScope,stb-3.test.out,70,0.4920396164092124,0.22347315448247332,0.21320754716981133,0.02689195621132794,0.04775993237531699,0.02689195621132794,0.2126865671641791,0.20361514722058022,0.20805202183217134
SensorScope,stb-31.test.out,70,0.5392012171011391,0.1902332430614989,0.18421052631578946,0.0298932384341637,0.05143906919779547,0.0298932384341637,0.1956521739130435,0.20457388486521486,0.20001358942942607
SensorScope,stb-32.test.out,70,0.5269332598166419,0.19559027772316429,0.22072936660268713,0.03855179349648005,0.0656392694063927,0.03855179349648005,0.2608695652173913,0.2058275665786768,0.23010275463443697
SensorScope,stb-4.test.out,70,0.5135825609776068,0.2173892321433971,0.2188976377952756,0.03535096642929807,0.0608714692358222,0.03535096642929807,0.1955128205128205,0.17566909885383364,0.18506052801527703
SensorScope,stb-5.test.out,70,0.5766209188291181,0.25565951157356454,0.2517857142857143,0.04268846503178928,0.07300025886616619,0.04268846503178928,0.2439878234398782,0.20653368989293466,0.2237038808255895
SensorScope,stb-6.test.out,70,0.5055854448523892,0.45177375351757154,0.6666666666666666,0.013197690404179268,0.025882987328120787,0.013197690404179268,0.68,0.05410970695970696,0.1002427849237533
SensorScope,stb-7.test.out,70,0.5091521155377324,0.5716147823685744,0.8508771929824561,0.01941941941941942,0.03797220591113721,0.01941941941941942,0.8387096774193549,0.028647798556449822,0.0554031908447514
SensorScope,stb-8.test.out,70,0.5026069205469998,0.24576439954359697,0.23060796645702306,0.02603550295857988,0.04678860059549128,0.02603550295857988,0.2226027397260274,0.20340339033861418,0.21257042452449051
SensorScope,stb-9.test.out,70,0.5186851692775035,0.41578149680262894,0.6785714285714286,0.04197967300044189,0.07906783187682064,0.04197967300044189,0.7421383647798742,0.15165159306159667,0.25184097069696176
YAHOO,YahooA3Benchmark-TS100_data.out,70,0.7979341317365269,0.10138859348868297,0.046511627906976744,0.2,0.07547169811320754,0.2,0.07692307692307693,0.2,0.1111111111111111
YAHOO,YahooA3Benchmark-TS10_data.out,70,0.6841916167664671,0.07706053976462587,0.038461538461538464,0.2,0.06451612903225806,0.2,0.07407407407407407,0.2222222222222222,0.1111111111111111
YAHOO,YahooA3Benchmark-TS11_data.out,70,0.7387498932627444,0.013115402094399937,0.021739130434782608,0.14285714285714285,0.03773584905660377,0.14285714285714285,0.038461538461538464,0.14285714285714285,0.060606060606060615
YAHOO,YahooA3Benchmark-TS12_data.out,70,0.8883761709196623,0.2975093920753111,0.20588235294117646,0.5384615384615384,0.2978723404255319,0.5384615384615384,0.2413793103448276,0.5384615384615385,0.3333333333333333
YAHOO,YahooA3Benchmark-TS13_data.out,70,0.7041026664006915,0.10167797733268796,0.05714285714285714,0.2222222222222222,0.09090909090909091,0.2222222222222222,0.08695652173913043,0.2222222222222222,0.125
YAHOO,YahooA3Benchmark-TS14_data.out,70,0.5406406406406407,0.053541066337144956,0.041666666666666664,0.13333333333333333,0.06349206349206349,0.13333333333333333,0.06315789473684211,0.13333333333333333,0.08571428571428572
YAHOO,YahooA3Benchmark-TS15_data.out,70,0.6987256073277579,0.008414983135936468,0.03225806451612903,0.16666666666666666,0.05405405405405406,0.16666666666666666,0.045454545454545456,0.16666666666666666,0.07142857142857144
YAHOO,YahooA3Benchmark-TS16_data.out,70,0.6947602899128931,0.017072141218686186,0.025,0.1111111111111111,0.04081632653061224,0.1111111111111111,0.03225806451612903,0.1111111111111111,0.049999999999999996
YAHOO,YahooA3Benchmark-TS17_data.out,70,0.9946396664681356,0.05,0.02564102564102564,1.0,0.05,0.0,0.047619047619047616,1.0,0.0909090909090909
YAHOO,YahooA3Benchmark-TS18_data.out,70,0.7229466426858514,0.13206605057346812,0.11904761904761904,0.4166666666666667,0.18518518518518517,0.4166666666666667,0.17857142857142858,0.4166666666666667,0.25
YAHOO,YahooA3Benchmark-TS19_data.out,70,0.8035628742514969,0.016897454929350825,0.0,0.0,0.0,0.0,0.0,0.0,0.0
YAHOO,YahooA3Benchmark-TS1_data.out,70,0.7712021351925487,0.055946945164828385,0.05405405405405406,0.18181818181818182,0.08333333333333333,0.18181818181818182,0.07407407407407407,0.18181818181818182,0.10526315789473684
YAHOO,YahooA3Benchmark-TS20_data.out,70,0.6599720223820943,0.018510004711768405,0.044444444444444446,0.16666666666666666,0.07017543859649122,0.16666666666666666,0.08333333333333333,0.16666666666666666,0.1111111111111111
YAHOO,YahooA3Benchmark-TS21_data.out,70,0.5656474820143885,0.059203639611115105,0.020833333333333332,0.08333333333333333,0.03333333333333333,0.08333333333333333,0.0625,0.08333333333333333,0.07142857142857144
YAHOO,YahooA3Benchmark-TS22_data.out,70,0.5943466587112172,0.012740136977825223,0.024390243902439025,0.25,0.044444444444444446,0.25,0.03333333333333333,0.25,0.058823529411764705
YAHOO,YahooA3Benchmark-TS23_data.out,70,0.8832832832832833,0.43669360746252067,0.4666666666666667,0.4666666666666667,0.4666666666666667,0.4666666666666667,0.4666666666666667,0.46666666666666673,0.46666666666666673
YAHOO,YahooA3Benchmark-TS24_data.out,70,0.6836872009569379,0.008562067255058174,0.0,0.0,0.0,0.0,0.0,0.0,0.0
YAHOO,YahooA3Benchmark-TS25_data.out,70,0.9256555423122765,0.010137419366628292,0.023809523809523808,0.5,0.045454545454545456,0.5,0.047619047619047616,0.5,0.08695652173913042
YAHOO,YahooA3Benchmark-TS26_data.out,70,0.533062802984912,0.012127397523600935,0.024390243902439025,0.09090909090909091,0.038461538461538464,0.09090909090909091,0.05555555555555555,0.09090909090909091,0.06896551724137931
YAHOO,YahooA3Benchmark-TS27_data.out,70,0.8928120220759359,0.023805546132411856,0.0,0.0,0.0,0.0,0.0,0.0,0.0
YAHOO,YahooA3Benchmark-TS28_data.out,70,0.9433849821215733,0.128926917989418,0.03125,0.5,0.058823529411764705,0.5,0.041666666666666664,0.5,0.07692307692307693
YAHOO,YahooA3Benchmark-TS29_data.out,70,0.9301163484486874,0.05782043124573848,0.046511627906976744,0.5,0.0851063829787234,0.5,0.06896551724137931,0.5,0.1212121212121212
YAHOO,YahooA3Benchmark-TS2_data.out,70,0.909405048076923,0.23420717365288335,0.1702127659574468,0.5,0.25396825396825395,0.5,0.21839080459770116,0.5,0.304
YAHOO,YahooA3Benchmark-TS30_data.out,70,0.48183313397129185,0.004138093317197795,0.0,0.0,0.0,0.0,0.0,0.0,0.0
YAHOO,YahooA3Benchmark-TS31_data.out,70,0.7042097173597472,0.010442190911282984,0.037037037037037035,0.14285714285714285,0.058823529411764705,0.14285714285714285,0.043478260869565216,0.14285714285714285,0.06666666666666667
YAHOO,YahooA3Benchmark-TS32_data.out,70,0.7769036185902933,0.07932544844458164,0.21428571428571427,0.21428571428571427,0.21428571428571427,0.21428571428571427,0.2727272727272727,0.21428571428571433,0.24000000000000002
YAHOO,YahooA3Benchmark-TS33_data.out,70,0.8767194976076553,0.19563470586554862,0.0975609756097561,0.5,0.16326530612244897,0.5,0.11764705882352941,0.5,0.19047619047619047
YAHOO,YahooA3Benchmark-TS34_data.out,70,0.3046456223942823,0.00029761904761904765,0.0,0.0,0.0,0.0,0.0,0.0,0.0
YAHOO,YahooA3Benchmark-TS35_data.out,70,0.8726893261776983,0.018684359335621913,0.04,0.3333333333333333,0.07142857142857142,0.3333333333333333,0.0625,0.3333333333333333,0.10526315789473684
YAHOO,YahooA3Benchmark-TS36_data.out,70,0.7555190930787591,0.007680410092532474,0.0,0.0,0.0,0.0,0.0,0.0,0.0
YAHOO,YahooA3Benchmark-TS37_data.out,70,0.8309281437125748,0.06224405524223986,0.061224489795918366,0.3,0.1016949152542373,0.3,0.08108108108108109,0.30000000000000004,0.12765957446808512
YAHOO,YahooA3Benchmark-TS38_data.out,70,0.9579606440071556,0.19971236969234682,0.027777777777777776,0.3333333333333333,0.05128205128205128,0.0,0.0625,0.3333333333333333,0.10526315789473684
YAHOO,YahooA3Benchmark-TS39_data.out,70,0.6799060751398881,0.12120393723223859,0.045454545454545456,0.16666666666666666,0.07142857142857142,0.16666666666666666,0.06521739130434782,0.16666666666666666,0.09375000000000001
YAHOO,YahooA3Benchmark-TS3_data.out,70,0.809189565909996,0.03035897336506589,0.04,0.3333333333333333,0.07142857142857142,0.3333333333333333,0.07407407407407407,0.3333333333333333,0.12121212121212122
YAHOO,YahooA3Benchmark-TS40_data.out,70,0.8043413173652695,0.2393376513733081,0.09259259259259259,0.5,0.15625,0.5,0.12857142857142856,0.5111111111111111,0.20545905707196027
YAHOO,YahooA3Benchmark-TS41_data.out,70,0.6627936889041331,0.09829441399269294,0.08333333333333333,0.21428571428571427,0.12,0.21428571428571427,0.08333333333333333,0.21428571428571433,0.12
YAHOO,YahooA3Benchmark-TS42_data.out,70,0.7219613882211539,0.06669422370374722,0.04,0.125,0.06060606060606061,0.125,0.052083333333333336,0.125,0.07352941176470588
YAHOO,YahooA3Benchmark-TS43_data.out,70,0.5824024024024024,0.05421896675424751,0.04,0.13333333333333333,0.06153846153846154,0.13333333333333333,0.06896551724137931,0.13333333333333333,0.09090909090909091
YAHOO,YahooA3Benchmark-TS44_data.out,70,0.8246131310096152,0.1341236914189347,0.07692307692307693,0.1875,0.10909090909090909,0.1875,0.07692307692307693,0.18750000000000003,0.10909090909090909
YAHOO,YahooA3Benchmark-TS45_data.out,70,0.7915820895522389,0.2223483238047293,0.05263157894736842,0.4,0.09302325581395349,0.4,0.06451612903225806,0.4,0.1111111111111111
YAHOO,YahooA3Benchmark-TS46_data.out,70,0.5258397932816538,0.001964955151229661,0.0,0.0,0.0,0.0,0.0,0.0,0.0
YAHOO,YahooA3Benchmark-TS47_data.out,70,0.8841841841841842,0.0741496270622185,0.08888888888888889,0.26666666666666666,0.13333333333333333,0.26666666666666666,0.11764705882352941,0.26666666666666666,0.163265306122449
YAHOO,YahooA3Benchmark-TS48_data.out,70,0.6473859074338978,0.026222759912981487,0.045454545454545456,0.15384615384615385,0.07017543859649122,0.15384615384615385,0.07692307692307693,0.15384615384615385,0.10256410256410257
YAHOO,YahooA3Benchmark-TS49_data.out,70,0.7598970853365384,0.09661803538189241,0.125,0.25,0.16666666666666666,0.25,0.125,0.25,0.16666666666666666
YAHOO,YahooA3Benchmark-TS4_data.out,70,0.6050378335324573,0.015270892075877776,0.03125,0.16666666666666666,0.05263157894736842,0.16666666666666666,0.018518518518518517,0.16666666666666666,0.03333333333333333
YAHOO,YahooA3Benchmark-TS50_data.out,70,0.4372384937238494,0.0020833333333333333,0.0,0.0,0.0,0.0,0.0,0.0,0.0
YAHOO,YahooA3Benchmark-TS51_data.out,70,0.7597711226985372,0.04434902932097645,0.075,0.23076923076923078,0.11320754716981132,0.23076923076923078,0.12,0.2307692307692308,0.15789473684210525
YAHOO,YahooA3Benchmark-TS52_data.out,70,0.7663281561131023,0.18177655446451593,0.038461538461538464,0.3333333333333333,0.06896551724137931,0.3333333333333333,0.04878048780487805,0.3333333333333333,0.0851063829787234
YAHOO,YahooA3Benchmark-TS53_data.out,70,0.7208208208208208,0.08287283246677389,0.09523809523809523,0.26666666666666666,0.14035087719298245,0.26666666666666666,0.1111111111111111,0.26666666666666666,0.1568627450980392
YAHOO,YahooA3Benchmark-TS54_data.out,70,0.8527268629807692,0.21470125260013326,0.18421052631578946,0.4375,0.25925925925925924,0.4375,0.20833333333333334,0.46666666666666673,0.2880658436213992
YAHOO,YahooA3Benchmark-TS55_data.out,70,0.7433053557154276,0.05692947474300083,0.12903225806451613,0.3333333333333333,0.18604651162790697,0.3333333333333333,0.19047619047619047,0.3333333333333333,0.24242424242424246
YAHOO,YahooA3Benchmark-TS56_data.out,70,0.99434187016081,0.045454545454545456,0.022727272727272728,1.0,0.044444444444444446,1.0,0.041666666666666664,1.0,0.07999999999999999
YAHOO,YahooA3Benchmark-TS57_data.out,70,0.825985770330474,0.03008625576108239,0.038461538461538464,0.2222222222222222,0.06557377049180328,0.2222222222222222,0.05555555555555555,0.2222222222222222,0.08888888888888888
YAHOO,YahooA3Benchmark-TS58_data.out,70,0.6584178095806004,0.0035667363377958235,0.0,0.0,0.0,0.0,0.0,0.0,0.0
YAHOO,YahooA3Benchmark-TS59_data.out,70,0.8226755269894875,0.04625635912986305,0.06666666666666667,0.18181818181818182,0.0975609756097561,0.18181818181818182,0.09090909090909091,0.18181818181818182,0.12121212121212123
YAHOO,YahooA3Benchmark-TS5_data.out,70,0.9515792610250298,0.029791666666666668,0.027777777777777776,0.5,0.05263157894736842,0.5,0.05555555555555555,0.5,0.09999999999999999
YAHOO,YahooA3Benchmark-TS60_data.out,70,0.5980465627498002,0.014495656195147736,0.02,0.08333333333333333,0.03225806451612903,0.08333333333333333,0.034482758620689655,0.08333333333333333,0.04878048780487805
YAHOO,YahooA3Benchmark-TS61_data.out,70,0.856859397351299,0.045792377625662316,0.08333333333333333,0.23076923076923078,0.12244897959183673,0.23076923076923078,0.1,0.2307692307692308,0.13953488372093023
YAHOO,YahooA3Benchmark-TS62_data.out,70,0.4769184652278177,0.005734126984126984,0.0,0.0,0.0,0.0,0.0,0.0,0.0
YAHOO,YahooA3Benchmark-TS63_data.out,70,0.7463772455089819,0.02303752456808357,0.025,0.1,0.04,0.1,0.045454545454545456,0.1,0.06250000000000001
YAHOO,YahooA3Benchmark-TS64_data.out,70,0.9971217105263158,0.3998267357642358,0.5714285714285714,1.0,0.7272727272727273,1.0,0.5714285714285714,1.0,0.7272727272727273
YAHOO,YahooA3Benchmark-TS65_data.out,70,0.9336521219366407,0.25060311961517573,0.23076923076923078,0.42857142857142855,0.3,0.42857142857142855,0.2727272727272727,0.42857142857142866,0.33333333333333337
YAHOO,YahooA3Benchmark-TS66_data.out,70,0.31625967837998814,0.0004351610095735422,0.0,0.0,0.0,0.0,0.0,0.0,0.0
YAHOO,YahooA3Benchmark-TS67_data.out,70,0.8695725661057693,0.12084707893948367,0.10638297872340426,0.3125,0.15873015873015872,0.3125,0.15151515151515152,0.3125,0.20408163265306123
YAHOO,YahooA3Benchmark-TS68_data.out,70,0.7636343149038463,0.04014468248300379,0.10526315789473684,0.25,0.14814814814814814,0.25,0.11666666666666667,0.25,0.1590909090909091
YAHOO,YahooA3Benchmark-TS69_data.out,70,0.8649987191529331,0.4176597713339496,0.5,0.5714285714285714,0.5333333333333333,0.5714285714285714,0.5,0.5714285714285714,0.5333333333333333
YAHOO,YahooA3Benchmark-TS6_data.out,70,0.8726602947033054,0.012640141941645186,0.0,0.0,0.0,0.0,0.0,0.0,0.0
YAHOO,YahooA3Benchmark-TS70_data.out,70,0.7948001861825919,0.04693062722850275,0.03636363636363636,0.2222222222222222,0.0625,0.2222222222222222,0.05714285714285714,0.2222222222222222,0.0909090909090909
YAHOO,YahooA3Benchmark-TS71_data.out,70,0.6787860576923077,0.12357481242718357,0.08771929824561403,0.3125,0.136986301369863,0.3125,0.1724137931034483,0.3125,0.22222222222222224
YAHOO,YahooA3Benchmark-TS72_data.out,70,0.4946172248803828,0.004513888888888889,0.0,0.0,0.0,0.0,0.0,0.0,0.0
YAHOO,YahooA3Benchmark-TS73_data.out,70,0.7365765765765766,0.07973417718662924,0.09375,0.2,0.1276595744680851,0.2,0.09375,0.20000000000000004,0.1276595744680851
YAHOO,YahooA3Benchmark-TS74_data.out,70,0.4295101553166069,0.0017857142857142857,0.0,0.0,0.0,0.0,0.0,0.0,0.0
YAHOO,YahooA3Benchmark-TS75_data.out,70,0.7468273023495113,0.0431775029204528,0.07692307692307693,0.21428571428571427,0.11320754716981132,0.21428571428571427,0.10344827586206896,0.21428571428571433,0.13953488372093023
YAHOO,YahooA3Benchmark-TS76_data.out,70,0.8304477611940299,0.14080048711007428,0.375,0.6,0.46153846153846156,0.6,0.375,0.6000000000000001,0.46153846153846156
YAHOO,YahooA3Benchmark-TS77_data.out,70,0.9207106370192307,0.3741039066645643,0.3939393939393939,0.8125,0.5306122448979592,0.8125,0.3939393939393939,0.8125,0.5306122448979591
YAHOO,YahooA3Benchmark-TS78_data.out,70,0.8451051051051051,0.1389632435996045,0.10909090909090909,0.4,0.17142857142857143,0.4,0.1527777777777778,0.4000000000000001,0.221105527638191
YAHOO,YahooA3Benchmark-TS79_data.out,70,0.8357611940298507,0.07867723308999494,0.07692307692307693,0.6,0.13636363636363635,0.6,0.10344827586206896,0.6000000000000001,0.17647058823529413
YAHOO,YahooA3Benchmark-TS7_data.out,70,0.7768358208955224,0.23942554540232974,0.06666666666666667,0.4,0.11428571428571428,0.4,0.09090909090909091,0.4,0.14814814814814814
YAHOO,YahooA3Benchmark-TS80_data.out,70,0.46248442619168467,0.005694826007326007,0.0,0.0,0.0,0.0,0.0,0.0,0.0
YAHOO,YahooA3Benchmark-TS81_data.out,70,0.7291666666666666,0.03928643616730987,0.07142857142857142,0.25,0.1111111111111111,0.25,0.1,0.25000000000000006,0.14285714285714288
YAHOO,YahooA3Benchmark-TS82_data.out,70,0.6796174536760311,0.009536574441672004,0.0,0.0,0.0,0.0,0.0,0.0,0.0
YAHOO,YahooA3Benchmark-TS83_data.out,70,0.8300359712230216,0.09569335143172811,0.12195121951219512,0.4166666666666667,0.18867924528301888,0.4166666666666667,0.1388888888888889,0.4166666666666667,0.20833333333333334
YAHOO,YahooA3Benchmark-TS84_data.out,70,0.6224477611940299,0.010522399709112873,0.022222222222222223,0.2,0.04,0.2,0.041666666666666664,0.2,0.06896551724137931
YAHOO,YahooA3Benchmark-TS85_data.out,70,0.7601300837320574,0.055983986859911274,0.058823529411764705,0.25,0.09523809523809523,0.25,0.06060606060606061,0.25,0.0975609756097561
YAHOO,YahooA3Benchmark-TS86_data.out,70,0.8852614092566102,0.16339103060619686,0.36363636363636365,0.3076923076923077,0.3333333333333333,0.3076923076923077,0.36363636363636365,0.3076923076923077,0.33333333333333337
YAHOO,YahooA3Benchmark-TS87_data.out,70,0.7938263171377338,0.020826510236297967,0.02631578947368421,0.14285714285714285,0.044444444444444446,0.14285714285714285,0.016666666666666666,0.14285714285714285,0.029850746268656716
YAHOO,YahooA3Benchmark-TS88_data.out,70,0.6828037569944045,0.09499420407484702,0.03333333333333333,0.08333333333333333,0.047619047619047616,0.08333333333333333,0.037037037037037035,0.08333333333333333,0.05128205128205128
YAHOO,YahooA3Benchmark-TS89_data.out,70,0.6614431486880467,0.04018860171317816,0.1111111111111111,0.2857142857142857,0.16,0.2857142857142857,0.17391304347826086,0.3076923076923077,0.2222222222222222
YAHOO,YahooA3Benchmark-TS8_data.out,70,0.5478072792362768,0.014495798319327732,0.020833333333333332,0.25,0.038461538461538464,0.0,0.04,0.25,0.06896551724137932
YAHOO,YahooA3Benchmark-TS90_data.out,70,0.7742514970059879,0.10320429803978476,0.1111111111111111,0.5,0.18181818181818182,0.5,0.2,0.5,0.28571428571428575
YAHOO,YahooA3Benchmark-TS91_data.out,70,0.9590447761194031,0.4710465113245885,0.11538461538461539,0.6,0.1935483870967742,0.6,0.15789473684210525,0.6000000000000001,0.24999999999999997
YAHOO,YahooA3Benchmark-TS92_data.out,70,0.7904455741626794,0.03937163570545304,0.058823529411764705,0.25,0.09523809523809523,0.25,0.06666666666666667,0.25,0.10526315789473685
YAHOO,YahooA3Benchmark-TS93_data.out,70,0.8895695695695696,0.07303627297769444,0.0851063829787234,0.26666666666666666,0.12903225806451613,0.26666666666666666,0.09523809523809523,0.26666666666666666,0.14035087719298245
YAHOO,YahooA3Benchmark-TS94_data.out,70,0.964420592327569,0.34850103754008677,0.02857142857142857,0.3333333333333333,0.05263157894736842,0.3333333333333333,0.043478260869565216,0.3333333333333333,0.07692307692307691
YAHOO,YahooA3Benchmark-TS95_data.out,70,0.50634765625,0.047416621311078856,0.04,0.125,0.06060606060606061,0.125,0.05555555555555556,0.125,0.07692307692307693
YAHOO,YahooA3Benchmark-TS96_data.out,70,0.8454328358208956,0.05950979427052715,0.06521739130434782,0.6,0.11764705882352941,0.6,0.11538461538461539,0.6000000000000001,0.19354838709677422
YAHOO,YahooA3Benchmark-TS97_data.out,70,0.8454491017964072,0.18916971480701228,0.08571428571428572,0.3,0.13333333333333333,0.3,0.13636363636363635,0.30000000000000004,0.18749999999999997
YAHOO,YahooA3Benchmark-TS98_data.out,70,0.8166905080522358,0.04385245660145167,0.05405405405405406,0.15384615384615385,0.08,0.15384615384615385,0.08,0.15384615384615385,0.10526315789473685
YAHOO,YahooA3Benchmark-TS99_data.out,70,0.4281006590772918,0.003273809523809524,0.0,0.0,0.0,0.0,0.0,0.0,0.0
YAHOO,YahooA3Benchmark-TS9_data.out,70,0.8962874251497005,0.08764974031284015,0.13513513513513514,0.5,0.2127659574468085,0.5,0.19230769230769232,0.5,0.2777777777777778
YAHOO,YahooA4Benchmark-TS100_data.out,70,0.5069165741610452,0.0042063628120794115,0.0,0.0,0.0,0.0,0.0,0.0,0.0
YAHOO,YahooA4Benchmark-TS10_data.out,70,0.85277446300716,0.02531824996804488,0.05555555555555555,0.5,0.1,0.5,0.07407407407407407,0.5,0.12903225806451613
YAHOO,YahooA4Benchmark-TS11_data.out,70,0.9241791044776119,0.1829919566638099,0.075,0.6,0.13333333333333333,0.0,0.11904761904761904,0.6000000000000001,0.1986754966887417
YAHOO,YahooA4Benchmark-TS12_data.out,70,0.6311044776119402,0.04317042000552639,0.04081632653061224,0.4,0.07407407407407407,0.0,0.08,0.4,0.13333333333333333
YAHOO,YahooA4Benchmark-TS13_data.out,70,0.7936245926942206,0.09842577043771907,0.15625,0.35714285714285715,0.21739130434782608,0.35714285714285715,0.25,0.35714285714285715,0.2941176470588235
YAHOO,YahooA4Benchmark-TS14_data.out,70,0.8072062748515714,0.1277068532937316,0.12903225806451613,0.36363636363636365,0.19047619047619047,0.36363636363636365,0.2,0.36363636363636365,0.25806451612903225
YAHOO,YahooA4Benchmark-TS15_data.out,70,0.6464525566859499,0.03047715189918663,0.05,0.2222222222222222,0.08163265306122448,0.2222222222222222,0.06666666666666667,0.2222222222222222,0.10256410256410256
YAHOO,YahooA4Benchmark-TS16_data.out,70,0.940738534842168,0.0049504950495049506,0.0,0.0,0.0,0.0,0.0,0.0,0.0
YAHOO,YahooA4Benchmark-TS17_data.out,70,0.7254790419161676,0.08704243849144001,0.10344827586206896,0.3,0.15384615384615385,0.3,0.14285714285714285,0.30000000000000004,0.19354838709677422
YAHOO,YahooA4Benchmark-TS18_data.out,70,0.3436569386539607,0.00029761904761904765,0.0,0.0,0.0,0.0,0.0,0.0,0.0
YAHOO,YahooA4Benchmark-TS19_data.out,70,0.6390387689848123,0.014372758724004588,0.0,0.0,0.0,0.0,0.0,0.0,0.0
YAHOO,YahooA4Benchmark-TS1_data.out,70,0.6919385353698491,0.0811405498353223,0.0625,0.15384615384615385,0.08888888888888889,0.15384615384615385,0.1111111111111111,0.15384615384615385,0.12903225806451615
YAHOO,YahooA4Benchmark-TS20_data.out,70,0.6319966775875594,0.02700743522858235,0.06060606060606061,0.15384615384615385,0.08695652173913043,0.15384615384615385,0.07692307692307693,0.15384615384615385,0.10256410256410257
YAHOO,YahooA4Benchmark-TS21_data.out,70,0.6836094319597619,0.01899178012497113,0.0,0.0,0.0,0.0,0.0,0.0,0.0
YAHOO,YahooA4Benchmark-TS22_data.out,70,0.5948203592814372,0.025600152277902175,0.023809523809523808,0.1,0.038461538461538464,0.1,0.047619047619047616,0.1,0.06451612903225806
YAHOO,YahooA4Benchmark-TS23_data.out,70,0.9170644391408114,0.02192015029125254,0.03571428571428571,0.25,0.0625,0.25,0.05,0.25,0.08333333333333334
YAHOO,YahooA4Benchmark-TS24_data.out,70,0.6966221158321697,0.0663825464974034,0.08108108108108109,0.3333333333333333,0.13043478260869565,0.3333333333333333,0.15,0.33333333333333337,0.20689655172413793
YAHOO,YahooA4Benchmark-TS25_data.out,70,0.4494525845634294,0.005104430998278112,0.0,0.0,0.0,0.0,0.0,0.0,0.0
YAHOO,YahooA4Benchmark-TS26_data.out,70,0.4599225268176401,0.0010633158316925545,0.0,0.0,0.0,0.0,0.0,0.0,0.0
YAHOO,YahooA4Benchmark-TS27_data.out,70,0.6643843843843844,0.017377796214046615,0.044444444444444446,0.13333333333333333,0.06666666666666667,0.13333333333333333,0.045714285714285714,0.13333333333333333,0.06808510638297872
YAHOO,YahooA4Benchmark-TS28_data.out,70,0.8151978417266187,0.050578487065762505,0.07142857142857142,0.25,0.1111111111111111,0.25,0.07692307692307693,0.25000000000000006,0.11764705882352942
YAHOO,YahooA4Benchmark-TS29_data.out,70,0.7937746527182302,0.06290362355750015,0.11428571428571428,0.2857142857142857,0.16326530612244897,0.2857142857142857,0.14285714285714285,0.2857142857142857,0.19047619047619047
YAHOO,YahooA4Benchmark-TS2_data.out,70,0.622268656716418,0.0058860575042531385,0.0,0.0,0.0,0.0,0.0,0.0,0.0
YAHOO,YahooA4Benchmark-TS30_data.out,70,0.8093731343283581,0.04021824106209939,0.05128205128205128,0.4,0.09090909090909091,0.4,0.06896551724137931,0.4,0.1176470588235294
YAHOO,YahooA4Benchmark-TS31_data.out,70,0.6820554892601431,0.15712682661994798,0.017241379310344827,0.25,0.03225806451612903,0.0,0.041666666666666664,0.25,0.07142857142857142
YAHOO,YahooA4Benchmark-TS32_data.out,70,0.7240590446102728,0.041268991495936706,0.10810810810810811,0.36363636363636365,0.16666666666666666,0.36363636363636365,0.18181818181818182,0.36363636363636365,0.24242424242424246
YAHOO,YahooA4Benchmark-TS33_data.out,70,0.8254027446300716,0.04947877169515825,0.05128205128205128,0.5,0.09302325581395349,0.5,0.07407407407407407,0.5,0.12903225806451613
YAHOO,YahooA4Benchmark-TS34_data.out,70,0.7513083133971292,0.04435991565379329,0.05357142857142857,0.375,0.09375,0.375,0.06976744186046512,0.37500000000000006,0.11764705882352941
YAHOO,YahooA4Benchmark-TS35_data.out,70,0.6701139088729018,0.020937868271462833,0.03225806451612903,0.08333333333333333,0.046511627906976744,0.08333333333333333,0.058823529411764705,0.08333333333333333,0.06896551724137931
YAHOO,YahooA4Benchmark-TS36_data.out,70,0.8805605605605605,0.12763231243836548,0.13953488372093023,0.4,0.20689655172413793,0.4,0.17647058823529413,0.4000000000000001,0.2448979591836735
YAHOO,YahooA4Benchmark-TS37_data.out,70,0.8391969787318624,0.005217492569018304,0.0,0.0,0.0,0.0,0.0,0.0,0.0
YAHOO,YahooA4Benchmark-TS38_data.out,70,0.6902387126803643,0.03266144969787833,0.07142857142857142,0.3333333333333333,0.11764705882352941,0.3333333333333333,0.10714285714285714,0.33333333333333337,0.16216216216216217
YAHOO,YahooA4Benchmark-TS39_data.out,70,0.8373084435096153,0.08327593746893978,0.15625,0.3125,0.20833333333333334,0.3125,0.18055555555555555,0.3125,0.22887323943661972
YAHOO,YahooA4Benchmark-TS3_data.out,70,0.6531760254878534,0.005666138862871413,0.0,0.0,0.0,0.0,0.0,0.0,0.0
YAHOO,YahooA4Benchmark-TS40_data.out,70,0.8621565113500598,0.09498385785083767,0.05555555555555555,0.5,0.1,0.5,0.08333333333333333,0.5000000000000001,0.14285714285714285
YAHOO,YahooA4Benchmark-TS41_data.out,70,0.768400166120622,0.021485450179012752,0.03773584905660377,0.15384615384615385,0.06060606060606061,0.15384615384615385,0.05263157894736842,0.15384615384615385,0.0784313725490196
YAHOO,YahooA4Benchmark-TS42_data.out,70,0.7051014319809069,0.18196681192370848,0.046511627906976744,0.5,0.0851063829787234,0.0,0.09523809523809523,0.5,0.16
YAHOO,YahooA4Benchmark-TS43_data.out,70,0.6620730976632715,0.026805766168417115,0.05128205128205128,0.18181818181818182,0.08,0.18181818181818182,0.08695652173913043,0.18181818181818182,0.1176470588235294
YAHOO,YahooA4Benchmark-TS44_data.out,70,0.8187725360576923,0.05877707083513259,0.07142857142857142,0.125,0.09090909090909091,0.125,0.09090909090909091,0.125,0.10526315789473685
YAHOO,YahooA4Benchmark-TS45_data.out,70,0.8752881905900435,0.07898558395396933,0.05405405405405406,0.2857142857142857,0.09090909090909091,0.2857142857142857,0.09523809523809523,0.2857142857142857,0.14285714285714285
YAHOO,YahooA4Benchmark-TS46_data.out,70,0.9000265975131325,0.029490738198063454,0.02857142857142857,0.1111111111111111,0.045454545454545456,0.1111111111111111,0.03571428571428571,0.1111111111111111,0.05405405405405406
YAHOO,YahooA4Benchmark-TS47_data.out,70,0.9743895175699822,0.011111111111111112,0.0,0.0,0.0,0.0,0.0,0.0,0.0
YAHOO,YahooA4Benchmark-TS48_data.out,70,0.6295463629096721,0.026165209220113977,0.05405405405405406,0.16666666666666666,0.08163265306122448,0.16666666666666666,0.08333333333333333,0.16666666666666666,0.1111111111111111
YAHOO,YahooA4Benchmark-TS49_data.out,70,0.6045282266108118,0.07288350514972783,0.018518518518518517,0.1111111111111111,0.031746031746031744,0.1111111111111111,0.041666666666666664,0.1111111111111111,0.06060606060606061
YAHOO,YahooA4Benchmark-TS4_data.out,70,0.6050378335324573,0.015270892075877776,0.03125,0.16666666666666666,0.05263157894736842,0.16666666666666666,0.018518518518518517,0.16666666666666666,0.03333333333333333
YAHOO,YahooA4Benchmark-TS50_data.out,70,0.7993339595252328,0.027447969814342908,0.04,0.2857142857142857,0.07017543859649122,0.2857142857142857,0.04807692307692308,0.2857142857142857,0.0823045267489712
YAHOO,YahooA4Benchmark-TS51_data.out,70,0.3180464562239428,0.00029761904761904765,0.0,0.0,0.0,0.0,0.0,0.0,0.0
YAHOO,YahooA4Benchmark-TS52_data.out,70,0.5673511629173702,0.11665075516312715,0.2,0.18181818181818182,0.19047619047619047,0.18181818181818182,0.2222222222222222,0.18181818181818182,0.19999999999999998
YAHOO,YahooA4Benchmark-TS53_data.out,70,0.9848033373063171,0.03663121217678342,0.030303030303030304,0.5,0.05714285714285714,0.5,0.043478260869565216,0.5,0.08
YAHOO,YahooA4Benchmark-TS54_data.out,70,0.5711588153448619,0.1957355767637605,0.025,0.3333333333333333,0.046511627906976744,0.0,0.047619047619047616,0.3333333333333333,0.08333333333333333
YAHOO,YahooA4Benchmark-TS55_data.out,70,0.8237485101311084,0.003211566063959681,0.0,0.0,0.0,0.0,0.0,0.0,0.0
YAHOO,YahooA4Benchmark-TS56_data.out,70,0.6696213942307692,0.024410022174421578,0.025,0.0625,0.03571428571428571,0.0625,0.018518518518518517,0.0625,0.02857142857142857
YAHOO,YahooA4Benchmark-TS57_data.out,70,0.5503783353245718,0.0045305615921971765,0.0,0.0,0.0,0.0,0.0,0.0,0.0
YAHOO,YahooA4Benchmark-TS58_data.out,70,0.6504934210526315,0.011506459254524365,0.029411764705882353,0.125,0.047619047619047616,0.125,0.05555555555555555,0.125,0.07692307692307691
YAHOO,YahooA4Benchmark-TS59_data.out,70,0.3302561048243002,0.00029761904761904765,0.0,0.0,0.0,0.0,0.0,0.0,0.0
YAHOO,YahooA4Benchmark-TS5_data.out,70,0.855336519315014,0.2070546295127515,0.08333333333333333,0.6666666666666666,0.14814814814814814,0.0,0.16666666666666666,0.6666666666666666,0.26666666666666666
YAHOO,YahooA4Benchmark-TS60_data.out,70,0.5049691910157026,0.0020966297404889723,0.0,0.0,0.0,0.0,0.0,0.0,0.0
YAHOO,YahooA4Benchmark-TS61_data.out,70,0.6354601470880541,0.002293340458436215,0.0,0.0,0.0,0.0,0.0,0.0,0.0
YAHOO,YahooA4Benchmark-TS62_data.out,70,0.6433716343680329,0.015641716824325115,0.02631578947368421,0.07142857142857142,0.038461538461538464,0.07142857142857142,0.045454545454545456,0.07142857142857142,0.05555555555555555
YAHOO,YahooA4Benchmark-TS63_data.out,70,0.743531722312356,0.010721129172089738,0.0,0.0,0.0,0.0,0.0,0.0,0.0
YAHOO,YahooA4Benchmark-TS64_data.out,70,0.46740298507462685,0.0025788260197233005,0.0,0.0,0.0,0.0,0.0,0.0,0.0
YAHOO,YahooA4Benchmark-TS65_data.out,70,0.9596996996996998,0.23687739999567348,0.22727272727272727,0.6666666666666666,0.3389830508474576,0.6666666666666666,0.2702702702702703,0.6666666666666666,0.3846153846153846
YAHOO,YahooA4Benchmark-TS66_data.out,70,0.9809410363311494,0.014285714285714285,0.0,0.0,0.0,0.0,0.0,0.0,0.0
YAHOO,YahooA4Benchmark-TS67_data.out,70,0.918731778425656,0.16121933659906248,0.17142857142857143,0.42857142857142855,0.24489795918367346,0.42857142857142855,0.2727272727272727,0.42857142857142866,0.33333333333333337
YAHOO,YahooA4Benchmark-TS68_data.out,70,0.9999999999999999,1.0,0.029411764705882353,1.0,0.05714285714285714,1.0,0.041666666666666664,1.0,0.07999999999999999
YAHOO,YahooA4Benchmark-TS69_data.out,70,0.8671036948748511,0.004531574732136431,0.0,0.0,0.0,0.0,0.0,0.0,0.0
YAHOO,YahooA4Benchmark-TS6_data.out,70,0.8427033492822966,0.017285116411823682,0.0,0.0,0.0,0.0,0.0,0.0,0.0
YAHOO,YahooA4Benchmark-TS70_data.out,70,0.7696897374701671,0.05365700880127172,0.07142857142857142,0.5,0.125,0.5,0.07407407407407407,0.5,0.12903225806451613
YAHOO,YahooA4Benchmark-TS71_data.out,70,0.6562275449101796,0.027150555777208263,0.046511627906976744,0.2,0.07547169811320754,0.2,0.08,0.2,0.11428571428571428
YAHOO,YahooA4Benchmark-TS72_data.out,70,0.8001194029850746,0.17913051650957412,0.125,0.4,0.19047619047619047,0.4,0.25,0.4,0.3076923076923077
YAHOO,YahooA4Benchmark-TS73_data.out,70,0.8463880597014927,0.30969065193811907,0.07692307692307693,0.6,0.13636363636363635,0.6,0.1,0.6000000000000001,0.17142857142857146
YAHOO,YahooA4Benchmark-TS74_data.out,70,0.9018176400476758,0.016272449421183596,0.030303030303030304,0.5,0.05714285714285714,0.5,0.019230769230769232,0.5,0.037037037037037035
YAHOO,YahooA4Benchmark-TS75_data.out,70,0.8015781459092796,0.09786109609113086,0.14285714285714285,0.46153846153846156,0.21818181818181817,0.46153846153846156,0.16216216216216217,0.4615384615384616,0.24000000000000005
YAHOO,YahooA4Benchmark-TS76_data.out,70,0.5336619641592679,0.010705777251286706,0.024390243902439025,0.09090909090909091,0.038461538461538464,0.09090909090909091,0.037037037037037035,0.09090909090909091,0.05263157894736842
YAHOO,YahooA4Benchmark-TS77_data.out,70,0.8021088090074292,0.21387603802550412,0.16666666666666666,0.5384615384615384,0.2545454545454545,0.5384615384615384,0.22580645161290322,0.55,0.3201663201663202
YAHOO,YahooA4Benchmark-TS78_data.out,70,0.6774721978681186,0.04039491696394025,0.05555555555555555,0.15384615384615385,0.08163265306122448,0.15384615384615385,0.07142857142857142,0.15384615384615385,0.0975609756097561
YAHOO,YahooA4Benchmark-TS79_data.out,70,0.7580997813555952,0.19834641486177798,0.023255813953488372,0.3333333333333333,0.043478260869565216,0.0,0.043478260869565216,0.3333333333333333,0.07692307692307691
YAHOO,YahooA4Benchmark-TS7_data.out,70,0.734093637454982,0.06541440074752504,0.075,0.21428571428571427,0.1111111111111111,0.21428571428571427,0.1111111111111111,0.21428571428571433,0.14634146341463414
YAHOO,YahooA4Benchmark-TS80_data.out,70,0.6957184252597923,0.04222789220806797,0.11764705882352941,0.3333333333333333,0.17391304347826086,0.3333333333333333,0.25,0.3333333333333333,0.28571428571428575
YAHOO,YahooA4Benchmark-TS81_data.out,70,0.7298690072478222,0.044982381433110216,0.08571428571428572,0.3333333333333333,0.13636363636363635,0.3333333333333333,0.09615384615384616,0.33333333333333337,0.1492537313432836
YAHOO,YahooA4Benchmark-TS82_data.out,70,0.7709226547761961,0.16525576313987098,0.16,0.2857142857142857,0.20512820512820512,0.2857142857142857,0.2857142857142857,0.2857142857142857,0.2857142857142857
YAHOO,YahooA4Benchmark-TS83_data.out,70,0.23315444245676803,0.0008928571428571428,0.0,0.0,0.0,0.0,0.0,0.0,0.0
YAHOO,YahooA4Benchmark-TS84_data.out,70,0.738918704034983,0.02693412255650749,0.02,0.3333333333333333,0.03773584905660377,0.3333333333333333,0.05263157894736842,0.3333333333333333,0.09090909090909091
YAHOO,YahooA4Benchmark-TS85_data.out,70,0.8268479567307693,0.18417077555374972,0.17391304347826086,0.5,0.25806451612903225,0.5,0.21052631578947367,0.5,0.2962962962962963
YAHOO,YahooA4Benchmark-TS86_data.out,70,0.7595395395395396,0.11076081738917895,0.10638297872340426,0.3333333333333333,0.16129032258064516,0.3333333333333333,0.12745098039215685,0.3333333333333333,0.18439716312056736
YAHOO,YahooA4Benchmark-TS87_data.out,70,0.9344848123883264,0.004464285714285714,0.0,0.0,0.0,0.0,0.0,0.0,0.0
YAHOO,YahooA4Benchmark-TS88_data.out,70,0.7336763416547458,0.02584596382021566,0.02702702702702703,0.07692307692307693,0.04,0.07692307692307693,0.037037037037037035,0.07692307692307693,0.05
YAHOO,YahooA4Benchmark-TS89_data.out,70,0.6379745993749584,0.010929772773107123,0.027777777777777776,0.1111111111111111,0.044444444444444446,0.1111111111111111,0.03225806451612903,0.1111111111111111,0.049999999999999996
YAHOO,YahooA4Benchmark-TS8_data.out,70,0.6514235614415579,0.037729127380459915,0.07142857142857142,0.23076923076923078,0.10909090909090909,0.23076923076923078,0.12,0.2307692307692308,0.15789473684210525
YAHOO,YahooA4Benchmark-TS90_data.out,70,0.7483762989608314,0.038110967873802394,0.06060606060606061,0.16666666666666666,0.08888888888888889,0.16666666666666666,0.07407407407407407,0.16666666666666666,0.10256410256410256
YAHOO,YahooA4Benchmark-TS91_data.out,70,0.5227817745803357,0.06369886293753779,0.0196078431372549,0.08333333333333333,0.031746031746031744,0.08333333333333333,0.037037037037037035,0.08333333333333333,0.05128205128205128
YAHOO,YahooA4Benchmark-TS92_data.out,70,0.5737137137137137,0.14061678981937603,0.0625,0.2,0.09523809523809523,0.2,0.14285714285714285,0.20000000000000004,0.16666666666666669
YAHOO,YahooA4Benchmark-TS93_data.out,70,0.7100258861011548,0.01654172776565173,0.03571428571428571,0.16666666666666666,0.058823529411764705,0.16666666666666666,0.038461538461538464,0.16666666666666666,0.0625
YAHOO,YahooA4Benchmark-TS94_data.out,70,0.586613446541461,0.06873795591815167,0.08108108108108109,0.23076923076923078,0.12,0.23076923076923078,0.10416666666666667,0.2307692307692308,0.14354066985645936
YAHOO,YahooA4Benchmark-TS95_data.out,70,0.6854328358208955,0.027026632745876893,0.047619047619047616,0.4,0.0851063829787234,0.4,0.08695652173913043,0.4,0.14285714285714285
YAHOO,YahooA4Benchmark-TS96_data.out,70,0.8429678188319428,0.0035272753169064237,0.0,0.0,0.0,0.0,0.0,0.0,0.0
YAHOO,YahooA4Benchmark-TS97_data.out,70,0.6998197115384615,0.07271680157937768,0.125,0.3125,0.17857142857142858,0.3125,0.1875,0.3125,0.234375
YAHOO,YahooA4Benchmark-TS98_data.out,70,0.6126126126126126,0.07554631967536996,0.075,0.2,0.10909090909090909,0.2,0.11904761904761904,0.20000000000000004,0.14925373134328357
YAHOO,YahooA4Benchmark-TS99_data.out,70,0.5216346153846154,0.010293116341270794,0.0,0.0,0.0,0.0,0.0,0.0,0.0
YAHOO,YahooA4Benchmark-TS9_data.out,70,0.9886837403216199,0.025,0.02127659574468085,1.0,0.041666666666666664,0.0,0.02857142857142857,1.0,0.05555555555555556
YAHOO,Yahoo_A1real_10_data.out,70,0.9312762973352033,0.1560158587789523,0.14814814814814814,0.3076923076923077,0.2,0.3076923076923077,0.05,0.4461538461538462,0.08992248062015504
YAHOO,Yahoo_A1real_11_data.out,70,0.7105263157894737,0.7143484144691123,1.0,0.42105263157894735,0.5925925925925926,0.42105263157894735,1.0,0.5368421052631579,0.6986301369863014
YAHOO,Yahoo_A1real_12_data.out,70,0.6666666666666666,0.6673615936993282,1.0,0.3333333333333333,0.5,0.3333333333333333,1.0,0.30000000000000004,0.46153846153846156
YAHOO,Yahoo_A1real_13_data.out,70,0.9620999766409718,0.2749761308560038,0.2727272727272727,0.75,0.4,0.75,0.13333333333333333,0.6666666666666666,0.2222222222222222
YAHOO,Yahoo_A1real_14_data.out,70,0.993562978427279,0.32179487179487176,0.05714285714285714,1.0,0.10810810810810811,0.0,0.04,1.0,0.07692307692307693
YAHOO,Yahoo_A1real_15_data.out,70,0.9701189643107068,0.2761232824343455,0.26666666666666666,0.8,0.4,0.8,0.18333333333333335,0.6666666666666666,0.28758169934640526
YAHOO,Yahoo_A1real_16_data.out,70,0.8326474622770919,0.5003422313483915,0.5,0.6666666666666666,0.5714285714285714,0.6666666666666666,0.5,0.4666666666666667,0.4827586206896552
YAHOO,Yahoo_A1real_17_data.out,70,0.8404785826534028,0.5930260280141085,0.6304347826086957,0.1277533039647577,0.21245421245421245,0.1277533039647577,0.6666666666666666,0.23285778548936445,0.34515687325117583
YAHOO,Yahoo_A1real_18_data.out,70,0.9817101051668954,0.05060715584651755,0.058823529411764705,0.6666666666666666,0.10810810810810811,0.6666666666666666,0.03571428571428571,0.7333333333333334,0.06811145510835913
YAHOO,Yahoo_A1real_19_data.out,70,0.7934594194737947,0.5281275562960909,0.5581395348837209,0.10572687224669604,0.17777777777777778,0.10572687224669604,0.5555555555555556,0.24575397725840206,0.34076716119007533
YAHOO,Yahoo_A1real_1_data.out,70,0.9943582510578279,0.10555555555555556,0.06896551724137931,1.0,0.12903225806451613,0.0,0.08333333333333333,1.0,0.15384615384615385
YAHOO,Yahoo_A1real_20_data.out,70,0.5103846237755524,0.09264218711859679,0.0967741935483871,0.09090909090909091,0.09375,0.09090909090909091,0.18181818181818182,0.41111111111111115,0.25212947189097107
YAHOO,Yahoo_A1real_21_data.out,70,0.9161362564827912,0.7309076682316118,0.8333333333333334,0.8333333333333334,0.8333333333333334,0.8333333333333334,0.6666666666666666,0.9200000000000002,0.7731092436974789
YAHOO,Yahoo_A1real_22_data.out,70,0.873015873015873,0.8786496758327744,1.0,0.49206349206349204,0.6595744680851063,0.49206349206349204,1.0,0.2787301587301587,0.435948361469712
YAHOO,Yahoo_A1real_23_data.out,70,0.9644426913107178,0.22001399625978568,0.3076923076923077,0.42105263157894735,0.35555555555555557,0.42105263157894735,0.3,0.45555555555555566,0.36176470588235293
YAHOO,Yahoo_A1real_24_data.out,70,0.9718858131487889,0.14809904083626863,0.1346153846153846,0.4375,0.20588235294117646,0.4375,0.04954954954954956,0.8285714285714286,0.09350725487322294
YAHOO,Yahoo_A1real_25_data.out,70,1.0,1.0000000000000002,1.0,0.6511627906976745,0.7887323943661971,0.6511627906976745,1.0,0.2868217054263566,0.4457831325301205
YAHOO,Yahoo_A1real_26_data.out,70,0.3971127450980393,0.03741213494171717,0.03225806451612903,0.013333333333333334,0.018867924528301886,0.013333333333333334,0.038461538461538464,0.04695652173913044,0.042286609240407204
YAHOO,Yahoo_A1real_27_data.out,70,0.6975438596491228,0.026233777650114774,0.038461538461538464,0.5,0.07142857142857142,0.5,0.05263157894736842,0.5,0.09523809523809525
YAHOO,Yahoo_A1real_28_data.out,70,0.36427430499470553,0.034404694938319276,0.08,0.024390243902439025,0.037383177570093455,0.024390243902439025,0.125,0.5,0.2
YAHOO,Yahoo_A1real_29_data.out,70,0.9837617055190276,0.17378190888778292,0.16216216216216217,0.8571428571428571,0.2727272727272727,0.8571428571428571,0.20833333333333334,0.9199999999999999,0.3397341211225997
YAHOO,Yahoo_A1real_2_data.out,70,0.71875,0.7218771716469771,1.0,0.4375,0.6086956521739131,0.4375,1.0,0.38461538461538464,0.5555555555555556
YAHOO,Yahoo_A1real_30_data.out,70,0.9731787572696664,0.13421757115141467,0.10714285714285714,0.6666666666666666,0.18461538461538463,0.6666666666666666,0.030303030303030304,0.4,0.05633802816901409
YAHOO,Yahoo_A1real_31_data.out,70,0.9868139700641483,0.526736774545909,0.37777777777777777,0.7083333333333334,0.4927536231884058,0.7083333333333334,0.18095238095238095,0.7391304347826086,0.29072907290729066
YAHOO,Yahoo_A1real_32_data.out,70,0.7653715695343818,0.4449482769040155,0.5714285714285714,0.3404255319148936,0.4266666666666667,0.3404255319148936,0.5384615384615384,0.45108695652173914,0.4909167722855936
YAHOO,Yahoo_A1real_33_data.out,70,0.75,0.7503474635163307,1.0,0.5,0.6666666666666666,0.5,1.0,0.6000000000000001,0.7500000000000001
YAHOO,Yahoo_A1real_34_data.out,70,0.7854124748490946,0.17825301333553967,0.06451612903225806,0.2857142857142857,0.10526315789473684,0.2857142857142857,0.0625,0.15000000000000002,0.08823529411764706
YAHOO,Yahoo_A1real_36_data.out,70,0.9881868131868132,0.11605888719124013,0.10869565217391304,1.0,0.19607843137254902,1.0,0.09090909090909091,1.0,0.16666666666666669
YAHOO,Yahoo_A1real_37_data.out,70,0.8570378151260504,0.09811034487858428,0.07692307692307693,0.058823529411764705,0.06666666666666667,0.058823529411764705,0.1111111111111111,0.34623655913978496,0.1682340647857889
YAHOO,Yahoo_A1real_38_data.out,70,0.7323303557436138,0.043890686479407005,0.08695652173913043,0.4444444444444444,0.14545454545454545,0.4444444444444444,0.10714285714285714,0.4444444444444445,0.1726618705035971
YAHOO,Yahoo_A1real_39_data.out,70,0.6894495412844037,0.027242831926058277,0.03333333333333333,0.1,0.05,0.1,0.0625,0.11666666666666667,0.08139534883720931
YAHOO,Yahoo_A1real_3_data.out,70,0.9666666666666667,0.9670088980150582,1.0,0.9333333333333333,0.9655172413793104,0.9333333333333333,1.0,0.5,0.6666666666666666
YAHOO,Yahoo_A1real_40_data.out,70,0.31038882702301407,0.046936665789350664,0.125,0.05,0.07142857142857142,0.05,0.13636363636363635,0.10675105485232068,0.11975386557273589
YAHOO,Yahoo_A1real_41_data.out,70,0.9949953445065177,0.15460927960927962,0.125,1.0,0.2222222222222222,0.0,0.10185185185185185,1.0000000000000002,0.18487394957983194
YAHOO,Yahoo_A1real_42_data.out,70,0.9545454545454546,0.9559343434343435,1.0,0.6590909090909091,0.7945205479452054,0.6590909090909091,1.0,0.6847058823529412,0.8128491620111732
YAHOO,Yahoo_A1real_43_data.out,70,0.9498956853693181,0.261791115619256,0.22448979591836735,0.34375,0.2716049382716049,0.34375,0.15789473684210525,0.6466666666666667,0.2538159616223288
YAHOO,Yahoo_A1real_44_data.out,70,0.7831726354453626,0.06920057909920367,0.09803921568627451,0.5555555555555556,0.16666666666666666,0.5555555555555556,0.07200000000000001,0.1777777777777778,0.10249110320284699
YAHOO,Yahoo_A1real_45_data.out,70,0.9996525364836691,0.75,0.5,1.0,0.6666666666666666,0.0,0.5,1.0,0.6666666666666666
YAHOO,Yahoo_A1real_46_data.out,70,0.2951208088822767,0.0452962113801231,0.030303030303030304,0.009174311926605505,0.014084507042253521,0.009174311926605505,0.045454545454545456,0.06915887850467291,0.054855448480355826
YAHOO,Yahoo_A1real_47_data.out,70,0.5277699364855328,0.007055696857927519,0.0,0.0,0.0,0.0,0.0,0.0,0.0
YAHOO,Yahoo_A1real_48_data.out,70,0.5577444051825678,0.0368239469988164,0.07272727272727272,0.16666666666666666,0.10126582278481013,0.16666666666666666,0.05357142857142857,0.26666666666666666,0.0892193308550186
YAHOO,Yahoo_A1real_49_data.out,70,0.9817101051668954,0.05060715584651755,0.058823529411764705,0.6666666666666666,0.10810810810810811,0.6666666666666666,0.03571428571428571,0.7333333333333334,0.06811145510835913
YAHOO,Yahoo_A1real_4_data.out,70,1.0,1.0,1.0,1.0,1.0,1.0,1.0,1.0000000000000002,1.0000000000000002
YAHOO,Yahoo_A1real_50_data.out,70,0.9368515562649641,0.07108113187292742,0.15789473684210525,0.42857142857142855,0.23076923076923078,0.42857142857142855,0.1111111111111111,0.37142857142857144,0.17105263157894737
YAHOO,Yahoo_A1real_51_data.out,70,0.7095045678144765,0.004549262516963562,0.0,0.0,0.0,0.0,0.0,0.0,0.0
YAHOO,Yahoo_A1real_52_data.out,70,0.8181178427483846,0.23994478843463235,0.16216216216216217,0.5454545454545454,0.25,0.5454545454545454,0.14814814814814814,0.8333333333333333,0.25157232704402516
YAHOO,Yahoo_A1real_53_data.out,70,0.9735008962033567,0.1634880905119751,0.15384615384615385,0.47058823529411764,0.2318840579710145,0.47058823529411764,0.06306306306306307,0.8714285714285714,0.11761465362897673
YAHOO,Yahoo_A1real_54_data.out,70,0.6646879240162822,0.04159993817434834,0.125,0.5,0.2,0.5,0.08333333333333333,0.5,0.14285714285714285
YAHOO,Yahoo_A1real_55_data.out,70,0.8125879043600563,0.052341263357784065,0.058823529411764705,0.4,0.10256410256410256,0.4,0.10526315789473684,0.5,0.17391304347826086
YAHOO,Yahoo_A1real_56_data.out,70,0.9914205344585091,0.17268747381650607,0.14285714285714285,1.0,0.25,1.0,0.14130434782608695,1.0,0.2476190476190476
YAHOO,Yahoo_A1real_57_data.out,70,0.6121928604543346,0.335439725237888,0.03125,0.3333333333333333,0.05714285714285714,0.3333333333333333,0.009090909090909092,0.3333333333333333,0.01769911504424779
YAHOO,Yahoo_A1real_58_data.out,70,1.0,1.0000000000000002,1.0,0.627906976744186,0.7714285714285715,0.627906976744186,1.0,0.7023255813953488,0.825136612021858
YAHOO,Yahoo_A1real_5_data.out,70,0.749652052887961,0.5003474635163307,0.5,0.5,0.5,0.5,0.5,0.6000000000000001,0.5454545454545455
YAHOO,Yahoo_A1real_60_data.out,70,0.7163927335640139,0.4147569469373884,0.5,0.4375,0.4666666666666667,0.4375,0.5,0.568,0.5318352059925093
YAHOO,Yahoo_A1real_61_data.out,70,0.5554428369795342,0.11257727586185583,0.19444444444444445,0.2916666666666667,0.23333333333333334,0.2916666666666667,0.2,0.6208695652173912,0.30254237288135594
YAHOO,Yahoo_A1real_62_data.out,70,0.8515959517321915,0.3569437350452388,0.4166666666666667,0.7142857142857143,0.5263157894736842,0.7142857142857143,0.3,0.8,0.4363636363636363
YAHOO,Yahoo_A1real_63_data.out,70,0.8550401816911251,0.1874524279888685,0.1,0.25,0.14285714285714285,0.25,0.11764705882352941,0.30000000000000004,0.16901408450704225
YAHOO,Yahoo_A1real_65_data.out,70,0.7856724779464025,0.4470042152128584,0.25,0.5294117647058824,0.33962264150943394,0.5294117647058824,0.1958041958041958,0.7555555555555556,0.31100947402809537
YAHOO,Yahoo_A1real_66_data.out,70,0.9492753623188406,0.6454556256495041,0.5277777777777778,0.9047619047619048,0.6666666666666666,0.9047619047619048,0.38080808080808076,0.8333333333333334,0.5227398779811425
YAHOO,Yahoo_A1real_67_data.out,70,0.9565217391304348,0.9572244798191205,1.0,0.9130434782608695,0.9545454545454546,0.9130434782608695,1.0,0.8800000000000001,0.9361702127659575
YAHOO,Yahoo_A1real_6_data.out,70,0.9882512229210343,0.18969944652889026,0.17391304347826086,1.0,0.2962962962962963,1.0,0.03571428571428571,1.0,0.0689655172413793
YAHOO,Yahoo_A1real_7_data.out,70,0.8534339568137502,0.31786006465368444,0.41025641025641024,0.26229508196721313,0.32,0.26229508196721313,0.42857142857142855,0.40405797101449287,0.41595384921424317
YAHOO,Yahoo_A1real_8_data.out,70,0.99177304964539,0.3674846077835208,0.3333333333333333,1.0,0.5,1.0,0.24537037037037035,1.0000000000000002,0.39405204460966536
YAHOO,Yahoo_A1real_9_data.out,70,0.6243117687543014,0.3770533880903491,0.5,0.25,0.3333333333333333,0.25,0.5,0.5,0.5
YAHOO,Yahoo_A2synthetic_100_data.out,70,0.9961185603387437,0.45059523809523805,0.10810810810810811,1.0,0.1951219512195122,0.0,0.07142857142857142,1.0,0.13333333333333333
YAHOO,Yahoo_A2synthetic_10_data.out,70,0.6167960479887085,0.008739424279618956,0.0,0.0,0.0,0.0,0.0,0.0,0.0
YAHOO,Yahoo_A2synthetic_11_data.out,70,0.9227651872836009,0.04755081218272967,0.07142857142857142,0.2222222222222222,0.10810810810810811,0.0,0.07142857142857142,0.3111111111111111,0.1161825726141079
YAHOO,Yahoo_A2synthetic_12_data.out,70,0.6711267605633803,0.0010660980810234541,0.0,0.0,0.0,0.0,0.0,0.0,0.0
YAHOO,Yahoo_A2synthetic_13_data.out,70,0.9461891319689485,0.032063422919348966,0.037037037037037035,0.25,0.06451612903225806,0.25,0.038461538461538464,0.30000000000000004,0.06818181818181819
YAHOO,Yahoo_A2synthetic_14_data.out,70,0.9193421466792572,0.12619755850841746,0.10869565217391304,0.5555555555555556,0.18181818181818182,0.0,0.058823529411764705,0.5777777777777778,0.10677618069815195
YAHOO,Yahoo_A2synthetic_15_data.out,70,0.06795774647887326,0.0003518648838845883,0.0,0.0,0.0,0.0,0.0,0.0,0.0
YAHOO,Yahoo_A2synthetic_16_data.out,70,0.9620677487649966,0.03760592969006846,0.08,0.5,0.13793103448275862,0.0,0.08,0.6000000000000001,0.14117647058823532
YAHOO,Yahoo_A2synthetic_17_data.out,70,0.6351510859301226,0.018658637949873564,0.03125,0.1111111111111111,0.04878048780487805,0.1111111111111111,0.03125,0.15555555555555556,0.05204460966542751
YAHOO,Yahoo_A2synthetic_18_data.out,70,0.9429577464788733,0.006097560975609756,0.0,0.0,0.0,0.0,0.0,0.0,0.0
YAHOO,Yahoo_A2synthetic_19_data.out,70,0.2838743824982357,0.001917771439153222,0.0,0.0,0.0,0.0,0.0,0.0,0.0
YAHOO,Yahoo_A2synthetic_1_data.out,70,0.06175017642907549,0.0014074595355383533,0.0,0.0,0.0,0.0,0.0,0.0,0.0
YAHOO,Yahoo_A2synthetic_20_data.out,70,0.697080579162732,0.03654281051039399,0.07407407407407407,0.2222222222222222,0.1111111111111111,0.2222222222222222,0.08333333333333333,0.3111111111111111,0.13145539906103287
YAHOO,Yahoo_A2synthetic_21_data.out,70,0.995774647887324,0.07142857142857142,0.02857142857142857,1.0,0.05555555555555555,0.0,0.043478260869565216,1.0,0.08333333333333333
YAHOO,Yahoo_A2synthetic_22_data.out,70,0.6603740296400847,0.005414326769530103,0.0,0.0,0.0,0.0,0.0,0.0,0.0
YAHOO,Yahoo_A2synthetic_23_data.out,70,0.9427919420837269,0.08482571557092652,0.1111111111111111,0.5555555555555556,0.18518518518518517,0.5555555555555556,0.06896551724137931,0.5777777777777778,0.12322274881516587
YAHOO,Yahoo_A2synthetic_24_data.out,70,0.3538732394366197,0.000544069640914037,0.0,0.0,0.0,0.0,0.0,0.0,0.0
YAHOO,Yahoo_A2synthetic_25_data.out,70,0.9760056457304164,0.1833688697485494,0.075,0.75,0.13636363636363635,0.0,0.06451612903225806,0.8,0.11940298507462686
YAHOO,Yahoo_A2synthetic_26_data.out,70,0.6748504878816493,0.013143012036419363,0.02857142857142857,0.1111111111111111,0.045454545454545456,0.1111111111111111,0.02857142857142857,0.15555555555555556,0.04827586206896552
YAHOO,Yahoo_A2synthetic_27_data.out,70,0.95,0.006944444444444444,0.0,0.0,0.0,0.0,0.0,0.0,0.0
YAHOO,Yahoo_A2synthetic_28_data.out,70,0.9961185603387439,0.45059523809523805,0.10526315789473684,1.0,0.19047619047619047,0.0,0.07142857142857142,1.0,0.13333333333333333
YAHOO,Yahoo_A2synthetic_29_data.out,70,0.8404548316021403,0.025071820409655405,0.029411764705882353,0.1111111111111111,0.046511627906976744,0.1111111111111111,0.029411764705882353,0.15555555555555556,0.04946996466431095
YAHOO,Yahoo_A2synthetic_2_data.out,70,0.5374567201762669,0.008094205766434829,0.0,0.0,0.0,0.0,0.0,0.0,0.0
YAHOO,Yahoo_A2synthetic_30_data.out,70,0.9880281690140844,0.027777777777777776,0.029411764705882353,1.0,0.05714285714285714,0.0,0.03333333333333333,1.0,0.06451612903225806
YAHOO,Yahoo_A2synthetic_31_data.out,70,0.8218948482709951,0.015525643337899641,0.037037037037037035,0.25,0.06451612903225806,0.25,0.037037037037037035,0.30000000000000004,0.06593406593406592
YAHOO,Yahoo_A2synthetic_32_data.out,70,0.9193814919735599,0.06768064051402368,0.09523809523809523,0.2222222222222222,0.13333333333333333,0.2222222222222222,0.09523809523809523,0.3111111111111111,0.14583333333333331
YAHOO,Yahoo_A2synthetic_33_data.out,70,0.3746478873239436,0.0005624296962879641,0.0,0.0,0.0,0.0,0.0,0.0,0.0
YAHOO,Yahoo_A2synthetic_34_data.out,70,0.9731827805222302,0.048711521849327186,0.08,0.5,0.13793103448275862,0.5,0.08,0.6000000000000001,0.14117647058823532
YAHOO,Yahoo_A2synthetic_35_data.out,70,0.9896521875983633,0.3049696830070469,0.2,1.0,0.3333333333333333,1.0,0.12,1.0000000000000002,0.2142857142857143
YAHOO,Yahoo_A2synthetic_36_data.out,70,0.13204225352112675,0.0003518648838845883,0.0,0.0,0.0,0.0,0.0,0.0,0.0
YAHOO,Yahoo_A2synthetic_37_data.out,70,0.9888849682427663,0.1025205058099795,0.0975609756097561,1.0,0.17777777777777778,0.0,0.08695652173913043,1.0,0.16
YAHOO,Yahoo_A2synthetic_38_data.out,70,0.6736307837582625,0.028385502888145387,0.029411764705882353,0.1111111111111111,0.046511627906976744,0.1111111111111111,0.029411764705882353,0.15555555555555556,0.04946996466431095
YAHOO,Yahoo_A2synthetic_39_data.out,70,0.9964788732394366,0.5454545454545454,0.023809523809523808,1.0,0.046511627906976744,0.0,0.030303030303030304,1.0,0.05882352941176471
YAHOO,Yahoo_A2synthetic_3_data.out,70,0.0823943661971831,0.0003518648838845883,0.0,0.0,0.0,0.0,0.0,0.0,0.0
YAHOO,Yahoo_A2synthetic_40_data.out,70,0.6940719830628087,0.009704310320355201,0.03225806451612903,0.25,0.05714285714285714,0.25,0.03225806451612903,0.30000000000000004,0.05825242718446602
YAHOO,Yahoo_A2synthetic_41_data.out,70,0.9208372678627635,0.03882472358683804,0.03125,0.1111111111111111,0.04878048780487805,0.0,0.038461538461538464,0.15555555555555556,0.06167400881057269
YAHOO,Yahoo_A2synthetic_42_data.out,70,0.9985915492957746,0.6,0.02702702702702703,1.0,0.05263157894736842,0.0,0.037037037037037035,1.0,0.07142857142857142
YAHOO,Yahoo_A2synthetic_43_data.out,70,0.980681016231475,0.06834671522171522,0.09523809523809523,0.5,0.16,0.0,0.09523809523809523,0.6000000000000001,0.1643835616438356
YAHOO,Yahoo_A2synthetic_44_data.out,70,0.9630547686496694,0.1532053001696525,0.12903225806451613,0.4444444444444444,0.2,0.0,0.06944444444444443,0.48888888888888893,0.12161415146489772
YAHOO,Yahoo_A2synthetic_45_data.out,70,0.8471830985915493,0.00228310502283105,0.0,0.0,0.0,0.0,0.0,0.0,0.0
YAHOO,Yahoo_A2synthetic_46_data.out,70,0.9822688779110796,0.06702652127911897,0.08695652173913043,0.5,0.14814814814814814,0.0,0.08695652173913043,0.6000000000000001,0.1518987341772152
YAHOO,Yahoo_A2synthetic_47_data.out,70,0.8768098835379288,0.05351741088721252,0.08695652173913043,0.2222222222222222,0.125,0.2222222222222222,0.08695652173913043,0.3111111111111111,0.13592233009708737
YAHOO,Yahoo_A2synthetic_48_data.out,70,0.9894366197183098,0.03125,0.03225806451612903,1.0,0.0625,0.0,0.037037037037037035,1.0,0.07142857142857142
YAHOO,Yahoo_A2synthetic_49_data.out,70,0.9973535638673253,0.4402462121212121,0.09090909090909091,1.0,0.16666666666666666,1.0,0.07407407407407407,1.0,0.13793103448275862
YAHOO,Yahoo_A2synthetic_4_data.out,70,0.30681016231474945,0.0039797271886275985,0.0,0.0,0.0,0.0,0.0,0.0,0.0
YAHOO,Yahoo_A2synthetic_50_data.out,70,0.9287850173119294,0.043628466392826915,0.08,0.2222222222222222,0.11764705882352941,0.2222222222222222,0.08,0.3111111111111111,0.1272727272727273
YAHOO,Yahoo_A2synthetic_51_data.out,70,0.997887323943662,0.5714285714285714,0.022727272727272728,1.0,0.044444444444444446,0.0,0.030303030303030304,1.0,0.05882352941176471
YAHOO,Yahoo_A2synthetic_52_data.out,70,0.9777699364855329,0.05452880178489934,0.041666666666666664,0.25,0.07142857142857142,0.25,0.043478260869565216,0.30000000000000004,0.0759493670886076
YAHOO,Yahoo_A2synthetic_53_data.out,70,0.9598677998111425,0.14748154330477353,0.12195121951219512,0.5555555555555556,0.2,0.0,0.07407407407407407,0.5777777777777778,0.1313131313131313
YAHOO,Yahoo_A2synthetic_54_data.out,70,0.7288732394366197,0.0012953367875647669,0.0,0.0,0.0,0.0,0.0,0.0,0.0
YAHOO,Yahoo_A2synthetic_55_data.out,70,0.904728299223712,0.022637259042822343,0.029411764705882353,0.25,0.05263157894736842,0.0,0.03571428571428571,0.30000000000000004,0.06382978723404256
YAHOO,Yahoo_A2synthetic_56_data.out,70,0.9894948064211521,0.3292617782070705,0.1956521739130435,1.0,0.32727272727272727,1.0,0.08870967741935484,1.0000000000000002,0.16296296296296298
YAHOO,Yahoo_A2synthetic_57_data.out,70,0.9964788732394366,0.08333333333333333,0.029411764705882353,1.0,0.05714285714285714,1.0,0.030303030303030304,1.0,0.05882352941176471
YAHOO,Yahoo_A2synthetic_58_data.out,70,0.9902964008468595,0.23515604765604764,0.10256410256410256,1.0,0.18604651162790697,0.0,0.07142857142857142,1.0,0.13333333333333333
YAHOO,Yahoo_A2synthetic_59_data.out,70,0.9524315391879131,0.06346461904294017,0.07692307692307693,0.3333333333333333,0.125,0.0,0.058823529411764705,0.4000000000000001,0.10256410256410256
YAHOO,Yahoo_A2synthetic_5_data.out,70,0.7123072080579163,0.02665393016932717,0.047619047619047616,0.1111111111111111,0.06666666666666667,0.1111111111111111,0.047619047619047616,0.15555555555555556,0.07291666666666666
YAHOO,Yahoo_A2synthetic_60_data.out,70,0.997887323943662,0.5714285714285714,0.02702702702702703,1.0,0.05263157894736842,0.0,0.1111111111111111,1.0,0.19999999999999998
YAHOO,Yahoo_A2synthetic_61_data.out,70,0.6543754410726889,0.003932027407072924,0.0,0.0,0.0,0.0,0.0,0.0,0.0
YAHOO,Yahoo_A2synthetic_62_data.out,70,0.9753698457664464,0.10564297279879781,0.11904761904761904,0.5555555555555556,0.19607843137254902,0.0,0.11764705882352941,0.5777777777777778,0.19548872180451127
YAHOO,Yahoo_A2synthetic_63_data.out,70,0.9989436619718309,0.625,0.03333333333333333,1.0,0.06451612903225806,0.0,0.125,1.0,0.2222222222222222
YAHOO,Yahoo_A2synthetic_64_data.out,70,0.7934015525758644,0.009633338069503266,0.0,0.0,0.0,0.0,0.0,0.0,0.0
YAHOO,Yahoo_A2synthetic_65_data.out,70,0.993271954674221,0.401023051023051,0.23684210526315788,1.0,0.3829787234042553,1.0,0.375,1.0000000000000002,0.5454545454545455
YAHOO,Yahoo_A2synthetic_66_data.out,70,0.2591549295774648,0.0004748338081671415,0.0,0.0,0.0,0.0,0.0,0.0,0.0
YAHOO,Yahoo_A2synthetic_67_data.out,70,0.997529992942837,0.5416666666666666,0.0975609756097561,1.0,0.17777777777777778,1.0,0.25,1.0,0.4
YAHOO,Yahoo_A2synthetic_68_data.out,70,0.6824047843877872,0.01556360981362697,0.023809523809523808,0.1111111111111111,0.0392156862745098,0.1111111111111111,0.023809523809523808,0.15555555555555556,0.04129793510324484
YAHOO,Yahoo_A2synthetic_69_data.out,70,0.9936619718309859,0.05,0.02702702702702703,1.0,0.05263157894736842,0.0,0.013888888888888888,1.0,0.0273972602739726
YAHOO,Yahoo_A2synthetic_6_data.out,70,0.9450704225352113,0.006329113924050633,0.0,0.0,0.0,0.0,0.0,0.0,0.0
YAHOO,Yahoo_A2synthetic_70_data.out,70,0.9957657021877205,0.4375,0.1,1.0,0.18181818181818182,0.0,0.1111111111111111,1.0,0.19999999999999998
YAHOO,Yahoo_A2synthetic_71_data.out,70,0.7562165564998427,0.014339514072121093,0.0,0.0,0.0,0.0,0.0,0.0,0.0
YAHOO,Yahoo_A2synthetic_72_data.out,70,0.998943661971831,0.625,0.023809523809523808,1.0,0.046511627906976744,0.0,0.058823529411764705,1.0,0.1111111111111111
YAHOO,Yahoo_A2synthetic_73_data.out,70,0.8036344389555399,0.014843229105302462,0.03333333333333333,0.25,0.058823529411764705,0.0,0.03333333333333333,0.30000000000000004,0.060000000000000005
YAHOO,Yahoo_A2synthetic_74_data.out,70,0.9857963487566888,0.2823506518439415,0.175,0.7777777777777778,0.2857142857142857,0.7777777777777778,0.15789473684210525,0.8222222222222223,0.2649164677804296
YAHOO,Yahoo_A2synthetic_75_data.out,70,0.7316901408450704,0.0013089005235602095,0.0,0.0,0.0,0.0,0.0,0.0,0.0
YAHOO,Yahoo_A2synthetic_76_data.out,70,0.9895906845448129,0.10746735148909062,0.09302325581395349,1.0,0.1702127659574468,0.0,0.09090909090909091,1.0,0.16666666666666669
YAHOO,Yahoo_A2synthetic_77_data.out,70,0.993271954674221,0.401023051023051,0.23684210526315788,1.0,0.3829787234042553,1.0,0.16666666666666666,1.0000000000000002,0.2857142857142857
YAHOO,Yahoo_A2synthetic_78_data.out,70,0.1109154929577465,0.0003518648838845883,0.0,0.0,0.0,0.0,0.0,0.0,0.0
YAHOO,Yahoo_A2synthetic_79_data.out,70,0.9971771347918137,0.5,0.13333333333333333,1.0,0.23529411764705882,0.0,0.3333333333333333,1.0,0.5
YAHOO,Yahoo_A2synthetic_7_data.out,70,0.9872971065631616,0.2104091680378445,0.11764705882352941,1.0,0.21052631578947367,0.0,0.08,1.0,0.14814814814814814
YAHOO,Yahoo_A2synthetic_80_data.out,70,0.6636370790053508,0.022064442515510724,0.0625,0.2222222222222222,0.0975609756097561,0.2222222222222222,0.0625,0.3111111111111111,0.10408921933085502
YAHOO,Yahoo_A2synthetic_81_data.out,70,0.998943661971831,0.625,0.025,1.0,0.04878048780487805,0.0,0.1,1.0,0.18181818181818182
YAHOO,Yahoo_A2synthetic_82_data.out,70,0.7904022582921666,0.010298087470684236,0.0,0.0,0.0,0.0,0.0,0.0,0.0
YAHOO,Yahoo_A2synthetic_83_data.out,70,0.9820192005036197,0.2632250479356776,0.25,0.8888888888888888,0.3902439024390244,0.8888888888888888,0.21111111111111114,0.8222222222222223,0.33596176821983276
YAHOO,Yahoo_A2synthetic_84_data.out,70,0.9982394366197184,0.5833333333333334,0.02631578947368421,1.0,0.05128205128205128,0.0,0.058823529411764705,1.0,0.1111111111111111
YAHOO,Yahoo_A2synthetic_85_data.out,70,0.9698306280875089,0.054119731162870666,0.1111111111111111,0.5,0.18181818181818182,0.0,0.1111111111111111,0.6000000000000001,0.1875
YAHOO,Yahoo_A2synthetic_86_data.out,70,0.9903210576015109,0.34126954534250886,0.20454545454545456,1.0,0.33962264150943394,1.0,0.11538461538461539,1.0000000000000002,0.20689655172413796
YAHOO,Yahoo_A2synthetic_87_data.out,70,0.8595070422535211,0.0024875621890547263,0.0,0.0,0.0,0.0,0.0,0.0,0.0
YAHOO,Yahoo_A2synthetic_88_data.out,70,0.9931192660550459,0.2729152426520848,0.08888888888888889,1.0,0.16326530612244897,0.0,0.07692307692307693,1.0,0.14285714285714288
YAHOO,Yahoo_A2synthetic_89_data.out,70,0.9167453572552722,0.11595078843522899,0.07692307692307693,0.3333333333333333,0.125,0.0,0.0625,0.4000000000000001,0.10810810810810811
YAHOO,Yahoo_A2synthetic_8_data.out,70,0.3772820270695625,0.00469141524235881,0.0,0.0,0.0,0.0,0.0,0.0,0.0
YAHOO,Yahoo_A2synthetic_90_data.out,70,0.9922535211267606,0.041666666666666664,0.02127659574468085,1.0,0.041666666666666664,0.0,0.03571428571428571,1.0,0.0689655172413793
YAHOO,Yahoo_A2synthetic_91_data.out,70,0.9971771347918137,0.5,0.13333333333333333,1.0,0.23529411764705882,0.0,0.11764705882352941,1.0,0.21052631578947367
YAHOO,Yahoo_A2synthetic_92_data.out,70,0.9283915643689015,0.043581203554603376,0.05,0.1111111111111111,0.06896551724137931,0.1111111111111111,0.05,0.15555555555555556,0.07567567567567568
YAHOO,Yahoo_A2synthetic_93_data.out,70,0.9989436619718309,0.625,0.03333333333333333,1.0,0.06451612903225806,0.0,0.125,1.0,0.2222222222222222
YAHOO,Yahoo_A2synthetic_94_data.out,70,0.974770642201835,0.04858714139885977,0.043478260869565216,0.25,0.07407407407407407,0.0,0.045454545454545456,0.30000000000000004,0.07894736842105264
YAHOO,Yahoo_A2synthetic_95_data.out,70,0.9940195152659742,0.4562357677629698,0.1956521739130435,1.0,0.32727272727272727,1.0,0.1875,1.0000000000000002,0.31578947368421056
YAHOO,Yahoo_A2synthetic_96_data.out,70,0.6042253521126761,0.0008880994671403197,0.0,0.0,0.0,0.0,0.0,0.0,0.0
YAHOO,Yahoo_A2synthetic_97_data.out,70,0.9714184897671136,0.07723773370901615,0.08571428571428572,0.75,0.15384615384615385,0.0,0.07894736842105263,0.8,0.1437125748502994
YAHOO,Yahoo_A2synthetic_98_data.out,70,0.9900456405413912,0.33872977532397824,0.1956521739130435,1.0,0.32727272727272727,1.0,0.11538461538461539,1.0000000000000002,0.20689655172413796
YAHOO,Yahoo_A2synthetic_99_data.out,70,0.9922535211267606,0.041666666666666664,0.05,1.0,0.09523809523809523,0.0,0.05,1.0,0.09523809523809523
YAHOO,Yahoo_A2synthetic_9_data.out,70,0.9267605633802818,0.004761904761904762,0.0,0.0,0.0,0.0,0.0,0.0,0.0
KDD21,001_UCR_Anomaly_DISTORTED1sddb40_35000_52000_52620.txt,70,0.6501858022793648,0.033797797027514634,0.01060070671378092,0.00967741935483871,0.01011804384485666,0.00967741935483871,0.010638297872340425,0.20129032258064516,0.020208562730746813
KDD21,002_UCR_Anomaly_DISTORTED2sddb40_35000_56600_56900.txt,70,0.4013474747474748,0.008568063245073448,0.0034965034965034965,0.006666666666666667,0.0045871559633027525,0.0,0.0035087719298245615,0.2026666666666667,0.006898116632629907
KDD21,003_UCR_Anomaly_DISTORTED3sddb40_35000_46600_46900.txt,70,0.4494214365881033,0.015715122732142803,0.012567324955116697,0.023333333333333334,0.01633605600933489,0.0,0.012750455373406194,0.2026666666666667,0.02399152179305058
KDD21,004_UCR_Anomaly_DISTORTEDBIDMC1_2500_5400_5600.txt,70,0.5483395833333333,0.06958635048259505,0.1366120218579235,0.125,0.13054830287206268,0.125,0.030303030303030304,0.23333333333333334,0.053639846743295014
KDD21,005_UCR_Anomaly_DISTORTEDCIMIS44AirTemperature1_4000_5391_5392.txt,70,0.9831357692777709,0.0035714285714285713,0.0058823529411764705,1.0,0.011695906432748537,0.0,0.00423728813559322,1.0,0.008438818565400843
KDD21,006_UCR_Anomaly_DISTORTEDCIMIS44AirTemperature2_4000_5703_5727.txt,70,0.5897084354575163,0.003596279509887053,0.0,0.0,0.0,0.0,0.0,0.0,0.0
KDD21,007_UCR_Anomaly_DISTORTEDCIMIS44AirTemperature3_4000_6520_6544.txt,70,0.5832771650326798,0.005201716726451768,0.0,0.0,0.0,0.0,0.0,0.0,0.0
KDD21,008_UCR_Anomaly_DISTORTEDCIMIS44AirTemperature4_4000_5549_5597.txt,70,0.7038906301212718,0.016241688460144278,0.011428571428571429,0.041666666666666664,0.017937219730941704,0.041666666666666664,0.008403361344537815,0.23333333333333334,0.016222479721900347
KDD21,009_UCR_Anomaly_DISTORTEDCIMIS44AirTemperature5_4000_4852_4900.txt,70,0.5677633870042609,0.00656752566709478,0.0,0.0,0.0,0.0,0.0,0.0,0.0
KDD21,010_UCR_Anomaly_DISTORTEDCIMIS44AirTemperature6_4000_6006_6054.txt,70,0.5022648824156014,0.005474979927536586,0.0,0.0,0.0,0.0,0.0,0.0,0.0
KDD21,011_UCR_Anomaly_DISTORTEDECG1_10000_11800_12100.txt,70,0.5732230817610062,0.023652466451199044,0.01088139281828074,0.03333333333333333,0.016406890894175553,0.0,0.00881057268722467,0.20333333333333334,0.016889319581920123
KDD21,012_UCR_Anomaly_DISTORTEDECG2_15000_16000_16100.txt,70,0.5098264705882353,0.013683301407373775,0.00432152117545376,0.05,0.007955449482895784,0.0,0.0043821209465381246,0.20800000000000002,0.00858340761282229
KDD21,013_UCR_Anomaly_DISTORTEDECG3_15000_16000_16100.txt,70,0.518623875432526,0.0037305597406240396,0.0,0.0,0.0,0.0,0.0,0.0,0.0
KDD21,014_UCR_Anomaly_DISTORTEDECG3_8000_17000_17100.txt,70,0.36272043010752686,0.0025156755286558884,0.0,0.0,0.0,0.0,0.0,0.0,0.0
KDD21,015_UCR_Anomaly_DISTORTEDECG4_5000_16800_17100.txt,70,0.573334455667789,0.014744717867503239,0.007233273056057866,0.013333333333333334,0.009378663540445486,0.013333333333333334,0.007285974499089253,0.2026666666666667,0.014066259485471036
KDD21,016_UCR_Anomaly_DISTORTEDECG4_5000_16900_17100.txt,70,0.6226656810035842,0.015855063724560643,0.011467889908256881,0.025,0.015723270440251572,0.025,0.012048192771084338,0.20400000000000001,0.022752621012714698
KDD21,017_UCR_Anomaly_DISTORTEDECG4_5000_17000_17100.txt,70,0.6623216845878137,0.016477940093952544,0.009501187648456057,0.04,0.015355086372360844,0.0,0.00997506234413965,0.20800000000000002,0.019037159070108
KDD21,018_UCR_Anomaly_DISTORTEDECG4_8000_17000_17100.txt,70,0.3842844086021506,0.007663303248146811,0.001893939393939394,0.01,0.0031847133757961785,0.0,0.0019267822736030828,0.20800000000000002,0.0038181951685145755
KDD21,019_UCR_Anomaly_DISTORTEDGP711MarkerLFM5z1_5000_6168_6212.txt,70,0.5711063672861096,0.003923126062119503,0.0,0.0,0.0,0.0,0.0,0.0,0.0
KDD21,020_UCR_Anomaly_DISTORTEDGP711MarkerLFM5z2_5000_7175_7388.txt,70,0.36341381907576226,0.014697965831549708,0.007434944237918215,0.009389671361502348,0.008298755186721992,0.009389671361502348,0.007434944237918215,0.20375586854460095,0.014346396046477033
KDD21,021_UCR_Anomaly_DISTORTEDGP711MarkerLFM5z3_5000_5948_5993.txt,70,0.4755146614619638,0.003259441328703843,0.0,0.0,0.0,0.0,0.0,0.0,0.0
KDD21,022_UCR_Anomaly_DISTORTEDGP711MarkerLFM5z4_4000_6527_6645.txt,70,0.5021075890322636,0.013727379764182857,0.007352941176470588,0.01694915254237288,0.010256410256410256,0.01694915254237288,0.007352941176470588,0.20677966101694917,0.014200907926900243
KDD21,023_UCR_Anomaly_DISTORTEDGP711MarkerLFM5z5_5000_8612_8716.txt,70,0.4259564462521339,0.006799964879762718,0.0,0.0,0.0,0.0,0.0,0.0,0.0
KDD21,024_UCR_Anomaly_DISTORTEDInternalBleeding10_3200_4526_4556.txt,70,0.6759536875920226,0.009908950572610974,0.0053475935828877,0.03333333333333333,0.009216589861751152,0.03333333333333333,0.005434782608695652,0.22666666666666668,0.010615048392132377
KDD21,025_UCR_Anomaly_DISTORTEDInternalBleeding14_2800_5607_5634.txt,70,0.6476575585486477,0.006104538683951729,0.005235602094240838,0.037037037037037035,0.009174311926605505,0.037037037037037035,0.005235602094240838,0.22962962962962963,0.01023778071334214
KDD21,026_UCR_Anomaly_DISTORTEDInternalBleeding15_1700_5684_5854.txt,70,0.5170739430208902,0.02516938706926717,0.04477611940298507,0.03529411764705882,0.039473684210526314,0.03529411764705882,0.045112781954887216,0.20470588235294118,0.07393244104525175
KDD21,027_UCR_Anomaly_DISTORTEDInternalBleeding16_1200_4187_4199.txt,70,0.5301887212355899,0.001814269293305705,0.0,0.0,0.0,0.0,0.0,0.0,0.0
KDD21,028_UCR_Anomaly_DISTORTEDInternalBleeding17_1600_3198_3309.txt,70,0.488963994445115,0.018965612062476808,0.022058823529411766,0.02702702702702703,0.024291497975708502,0.02702702702702703,0.022388059701492536,0.20720720720720723,0.0404099560761347
KDD21,029_UCR_Anomaly_DISTORTEDInternalBleeding18_2300_4485_4587.txt,70,0.5383993554166733,0.02007310317896768,0.014285714285714285,0.0196078431372549,0.01652892561983471,0.0196078431372549,0.014388489208633094,0.20784313725490197,0.0269137996699251
KDD21,030_UCR_Anomaly_DISTORTEDInternalBleeding19_3000_4187_4197.txt,70,0.6213017356475301,0.001973798930849267,0.0,0.0,0.0,0.0,0.0,0.0,0.0
KDD21,031_UCR_Anomaly_DISTORTEDInternalBleeding20_2700_5759_5919.txt,70,0.44793639305177113,0.020935628904516453,0.013888888888888888,0.0125,0.013157894736842105,0.0125,0.013986013986013986,0.20500000000000002,0.026185534089094683
KDD21,032_UCR_Anomaly_DISTORTEDInternalBleeding4_1000_4675_5033.txt,70,0.46045177342008076,0.042876048152671806,0.02564102564102564,0.0111731843575419,0.01556420233463035,0.0111731843575419,0.01948051948051948,0.20297951582867785,0.035549274338207315
KDD21,033_UCR_Anomaly_DISTORTEDInternalBleeding5_4000_6200_6370.txt,70,0.48954451345755695,0.022357170259869448,0.02127659574468085,0.01764705882352941,0.01929260450160772,0.01764705882352941,0.02127659574468085,0.20470588235294118,0.03854674346477625
KDD21,034_UCR_Anomaly_DISTORTEDInternalBleeding6_1500_3474_3629.txt,70,0.4428594780379319,0.01831714920981424,0.02717391304347826,0.03225806451612903,0.029498525073746312,0.03225806451612903,0.02717391304347826,0.20516129032258065,0.04799130723491594
KDD21,035_UCR_Anomaly_DISTORTEDInternalBleeding8_2500_5865_5974.txt,70,0.45542230132253075,0.013060820693144284,0.018518518518518517,0.027522935779816515,0.02214022140221402,0.027522935779816515,0.018633540372670808,0.20733944954128442,0.03419406899334275
KDD21,036_UCR_Anomaly_DISTORTEDInternalBleeding9_4200_6599_6681.txt,70,0.5308617623175828,0.011441479728242002,0.00641025641025641,0.012195121951219513,0.008403361344537815,0.012195121951219513,0.0064516129032258064,0.20975609756097563,0.012518195050946144
KDD21,037_UCR_Anomaly_DISTORTEDLab2Cmac011215EPG1_5000_17210_17260.txt,70,0.6216134962690603,0.0029683260902797076,0.0056657223796034,0.04,0.009925558312655087,0.04,0.003676470588235294,0.232,0.007238237863471858
KDD21,038_UCR_Anomaly_DISTORTEDLab2Cmac011215EPG2_5000_27862_27932.txt,70,0.49610748283330247,0.005337924665729596,0.0,0.0,0.0,0.0,0.0,0.0,0.0
KDD21,039_UCR_Anomaly_DISTORTEDLab2Cmac011215EPG3_5000_16390_16420.txt,70,0.6282649842271293,0.001571941700743984,0.0,0.0,0.0,0.0,0.0,0.0,0.0
KDD21,040_UCR_Anomaly_DISTORTEDLab2Cmac011215EPG4_6000_17390_17520.txt,70,0.4715258113700719,0.005589931630469927,0.018518518518518517,0.023076923076923078,0.02054794520547945,0.023076923076923078,0.014285714285714285,0.20923076923076925,0.026745329400196655
KDD21,041_UCR_Anomaly_DISTORTEDLab2Cmac011215EPG5_7000_17390_17520.txt,70,0.5781785068370435,0.005758481634724425,0.006944444444444444,0.007692307692307693,0.0072992700729927005,0.007692307692307693,0.008064516129032258,0.20615384615384616,0.015521834819877215
KDD21,042_UCR_Anomaly_DISTORTEDLab2Cmac011215EPG6_7000_12190_12420.txt,70,0.4365930202554509,0.006931724929105035,0.005952380952380952,0.004347826086956522,0.005025125628140704,0.004347826086956522,0.006993006993006993,0.20347826086956522,0.013521322084826072
KDD21,043_UCR_Anomaly_DISTORTEDMesoplodonDensirostris_10000_19280_19440.txt,70,0.49856241039205024,0.01696743973523978,0.014732965009208104,0.05,0.02275960170697013,0.05,0.012285012285012284,0.20800000000000002,0.023199785848130632
KDD21,044_UCR_Anomaly_DISTORTEDPowerDemand1_9000_18485_18821.txt,70,0.49697046378873266,0.020548041300031954,0.026785714285714284,0.044642857142857144,0.033482142857142856,0.044642857142857144,0.015544041450777202,0.20595238095238097,0.028906402294689354
KDD21,045_UCR_Anomaly_DISTORTEDPowerDemand2_14000_23357_23717.txt,70,0.5092804934896243,0.01796995942869118,0.013921113689095127,0.016666666666666666,0.015170670037926675,0.016666666666666666,0.015444015444015444,0.20333333333333334,0.02870757103359021
KDD21,046_UCR_Anomaly_DISTORTEDPowerDemand3_16000_23405_23477.txt,70,0.543739577183224,0.00381174823875418,0.0,0.0,0.0,0.0,0.0,0.0,0.0
KDD21,047_UCR_Anomaly_DISTORTEDPowerDemand4_18000_24005_24077.txt,70,0.4955843802947475,0.003930675317053007,0.0072992700729927005,0.041666666666666664,0.012422360248447204,0.041666666666666664,0.007751937984496124,0.21666666666666667,0.014968336211859527
KDD21,048_UCR_Anomaly_DISTORTEDTkeepFifthMARS_3500_5988_6085.txt,70,0.40329260203543343,0.011736236386585483,0.005597014925373134,0.030927835051546393,0.009478672985781991,0.0,0.005758157389635317,0.20824742268041238,0.011206450181226424
KDD21,049_UCR_Anomaly_DISTORTEDTkeepFirstMARS_3500_5365_5380.txt,70,0.8182161355456062,0.003357933161973947,0.0033500837520938024,0.13333333333333333,0.006535947712418301,0.0,0.0034129692832764505,0.25333333333333335,0.00673520028358738
KDD21,050_UCR_Anomaly_DISTORTEDTkeepForthMARS_3500_5988_6085.txt,70,0.5133852337588175,0.01961347595052553,0.010507880910683012,0.061855670103092786,0.017964071856287425,0.0,0.010771992818671455,0.20824742268041238,0.020484391637230214
KDD21,051_UCR_Anomaly_DISTORTEDTkeepSecondMARS_3500_9330_9340.txt,70,0.37561082791351735,0.000639807692786808,0.0,0.0,0.0,0.0,0.0,0.0,0.0
KDD21,052_UCR_Anomaly_DISTORTEDTkeepThirdMARS_3500_4711_4809.txt,70,0.49343288608931535,0.0081465654204526,0.006420545746388443,0.04081632653061224,0.011095700416088766,0.0,0.006568144499178982,0.20816326530612245,0.012734479852679547
KDD21,053_UCR_Anomaly_DISTORTEDWalkingAceleration1_1500_2764_2995.txt,70,0.4245587306954114,0.04462569613539004,0.08196721311475409,0.04329004329004329,0.056657223796033995,0.04329004329004329,0.05405405405405406,0.20577200577200577,0.08561736363363454
KDD21,054_UCR_Anomaly_DISTORTEDWalkingAceleration5_2700_5920_5979.txt,70,0.5937422449632235,0.010707507177863548,0.0,0.0,0.0,0.0,0.0,0.0,0.0
KDD21,055_UCR_Anomaly_DISTORTEDapneaecg2_10000_20950_21100.txt,70,0.6182906756002234,0.017676902442362207,0.003927729772191673,0.03333333333333333,0.007027406886858749,0.0,0.004043126684636119,0.2088888888888889,0.007932712593884499
KDD21,056_UCR_Anomaly_DISTORTEDapneaecg3_5000_11111_11211.txt,70,0.4785657990850025,0.013069844227337953,0.005119453924914676,0.06,0.009433962264150943,0.0,0.005747126436781609,0.21200000000000002,0.011190878378378377
KDD21,057_UCR_Anomaly_DISTORTEDapneaecg4_6000_16000_16100.txt,70,0.4509060200668897,0.006810875200679287,0.0007199424046076314,0.01,0.001343183344526528,0.0,0.001218026796589525,0.20800000000000002,0.0024218713613711517
KDD21,058_UCR_Anomaly_DISTORTEDapneaecg_10000_12240_12308.txt,70,0.46269029104354825,0.008939629749871269,0.0016474464579901153,0.029411764705882353,0.0031201248049922,0.0,0.0013568521031207597,0.2235294117647059,0.0026973310618966496
KDD21,059_UCR_Anomaly_DISTORTEDgait1_20000_38500_38800.txt,70,0.5498569023569023,0.013943952287299787,0.007614213197969543,0.02,0.011029411764705883,0.02,0.007643312101910828,0.2026666666666667,0.014731061217896947
KDD21,060_UCR_Anomaly_DISTORTEDgait2_22000_46500_46800.txt,70,0.5552167227833894,0.018106565264415793,0.011299435028248588,0.03333333333333333,0.016877637130801686,0.0,0.011454753722794959,0.2026666666666667,0.021683928214785014
KDD21,061_UCR_Anomaly_DISTORTEDgait3_24500_59900_60500.txt,70,0.5136689743589744,0.03780433763364664,0.03153988868274583,0.028333333333333332,0.029850746268656716,0.028333333333333332,0.02819548872180451,0.2015111111111111,0.04946922957184858
KDD21,062_UCR_Anomaly_DISTORTEDgaitHunt1_18500_33070_33180.txt,70,0.5487051005200888,0.008563769281604587,0.0029850746268656717,0.01818181818181818,0.005128205128205128,0.0,0.0029985007496251873,0.20727272727272728,0.005911483315616168
KDD21,063_UCR_Anomaly_DISTORTEDgaitHunt2_18500_31200_31850.txt,70,0.49138624033547373,0.023805767359440504,0.011851851851851851,0.012307692307692308,0.012075471698113207,0.012307692307692308,0.01188707280832095,0.20123076923076924,0.02244809521562099
KDD21,064_UCR_Anomaly_DISTORTEDgaitHunt3_23400_38400_39200.txt,70,0.4998513056506849,0.03188254542214122,0.024691358024691357,0.02,0.022099447513812154,0.02,0.024806201550387597,0.201,0.04416217515191047
KDD21,065_UCR_Anomaly_DISTORTEDinsectEPG1_3000_7000_7030.txt,70,0.4506184602012503,0.0027865642330605666,0.0,0.0,0.0,0.0,0.0,0.0,0.0
KDD21,066_UCR_Anomaly_DISTORTEDinsectEPG2_3700_8000_8025.txt,70,0.6137390955580067,0.0035574778731685642,0.0,0.0,0.0,0.0,0.0,0.0,0.0
KDD21,067_UCR_Anomaly_DISTORTEDinsectEPG3_5200_7000_7050.txt,70,0.4143204664254121,0.004143584564230016,0.00819672131147541,0.02,0.011627906976744186,0.02,0.008771929824561403,0.21600000000000003,0.016859194505151418
KDD21,068_UCR_Anomaly_DISTORTEDinsectEPG4_1300_6508_6558.txt,70,0.46082328106151993,0.004521811542365305,0.005952380952380952,0.02,0.009174311926605505,0.02,0.006211180124223602,0.21600000000000003,0.012075134168157422
KDD21,069_UCR_Anomaly_DISTORTEDinsectEPG5_3200_8500_8501.txt,70,0.3175925002493268,7.30033581544751e-05,0.0,0.0,0.0,0.0,0.0,0.0,0.0
KDD21,070_UCR_Anomaly_DISTORTEDltstdbs30791AI_17555_52600_52800.txt,70,0.6432516509305245,0.025443029867331924,0.015901060070671377,0.045,0.02349869451697128,0.045,0.018633540372670808,0.20600000000000002,0.03417574517502627
KDD21,071_UCR_Anomaly_DISTORTEDltstdbs30791AS_23000_52600_52800.txt,70,0.7292095930232556,0.04694467191470658,0.0297029702970297,0.09,0.04466501240694789,0.09,0.03289473684210526,0.2144,0.057038266717745714
KDD21,072_UCR_Anomaly_DISTORTEDltstdbs30791ES_20000_52600_52800.txt,70,0.5925369186046511,0.018609341135123844,0.005012531328320802,0.01,0.00667779632721202,0.01,0.005025125628140704,0.20400000000000001,0.009808635445715934
KDD21,073_UCR_Anomaly_DISTORTEDpark3m_60000_72150_72495.txt,70,0.5093534096212726,0.013732960669925177,0.0055248618784530384,0.011594202898550725,0.007483629560336763,0.0,0.0055248618784530384,0.20231884057971017,0.010756002095725336
KDD21,074_UCR_Anomaly_DISTORTEDqtdbSel1005V_4000_12400_12800.txt,70,0.47156666666666663,0.01801640473280419,0.0121580547112462,0.02,0.015122873345935728,0.02,0.013084112149532711,0.2022857142857143,0.02457845665542551
KDD21,075_UCR_Anomaly_DISTORTEDqtdbSel100MLII_4000_13400_13800.txt,70,0.5125474107142857,0.019822689638170025,0.012542759407069556,0.0275,0.017227877838684416,0.0275,0.013059701492537313,0.20314285714285715,0.024541662146569488
KDD21,076_UCR_Anomaly_DISTORTEDresperation10_48000_130700_131880.txt,70,0.5319056622637294,0.048525737587372,0.040998217468805706,0.019491525423728815,0.026421596783457783,0.019491525423728815,0.04114490161001789,0.20067796610169492,0.06828862173941391
KDD21,077_UCR_Anomaly_DISTORTEDresperation11_58000_110800_110801.txt,70,0.4909330311010367,3.273751063969096e-05,0.0,0.0,0.0,0.0,0.0,0.0,0.0
KDD21,078_UCR_Anomaly_DISTORTEDresperation1_100000_110260_110412.txt,70,0.35047904999365204,0.006665250807807386,0.0026560424966799467,0.013157894736842105,0.004419889502762431,0.0,0.0017825311942959,0.2105263157894737,0.0035351303579319484
KDD21,080_UCR_Anomaly_DISTORTEDresperation2_30000_168250_168251.txt,70,0.16933897796593222,1.6666666666666667e-05,0.0,0.0,0.0,0.0,0.0,0.0,0.0
KDD21,081_UCR_Anomaly_DISTORTEDresperation3_45000_158250_158251.txt,70,0.19390646354878494,1.6666666666666667e-05,0.0,0.0,0.0,0.0,0.0,0.0,0.0
KDD21,082_UCR_Anomaly_DISTORTEDresperation4_70000_128430_128431.txt,70,0.2150738357945265,1.6666666666666667e-05,0.0,0.0,0.0,0.0,0.0,0.0,0.0
KDD21,083_UCR_Anomaly_DISTORTEDresperation9_38000_143411_143511.txt,70,0.5831048494983276,0.0046280169497573045,0.0037688442211055275,0.03,0.006696428571428571,0.0,0.004784688995215311,0.20800000000000002,0.00935420039575463
KDD21,084_UCR_Anomaly_DISTORTEDs20101mML2_12000_35774_35874.txt,70,0.5651487503921364,0.006315182496231586,0.00819672131147541,0.04,0.013605442176870748,0.04,0.009584664536741214,0.21066666666666667,0.01833513848058177
KDD21,085_UCR_Anomaly_DISTORTEDs20101m_10000_35774_35874.txt,70,0.43727517515424036,0.004227371096919288,0.002183406113537118,0.01,0.0035842293906810036,0.01,0.002183406113537118,0.20800000000000002,0.004321449347627357
KDD21,086_UCR_Anomaly_DISTORTEDsddb49_20000_67950_68200.txt,70,0.6404994029850747,0.018667887380963016,0.018604651162790697,0.032,0.023529411764705882,0.032,0.018648018648018648,0.20320000000000002,0.03416102079585764
KDD21,087_UCR_Anomaly_DISTORTEDsel840mECG1_17000_51370_51740.txt,70,0.4852610327438358,0.016432853054487138,0.009448818897637795,0.016216216216216217,0.011940298507462687,0.016216216216216217,0.00974025974025974,0.20216216216216218,0.018585082241473556
KDD21,088_UCR_Anomaly_DISTORTEDsel840mECG2_20000_49370_49740.txt,70,0.4791112076993214,0.018909787917515936,0.016339869281045753,0.02702702702702703,0.020366598778004074,0.02702702702702703,0.016042780748663103,0.20240240240240243,0.029729173405475345
KDD21,089_UCR_Anomaly_DISTORTEDtiltAPB1_100000_114283_114350.txt,70,0.48857149125584454,0.001967735569801501,0.0,0.0,0.0,0.0,0.0,0.0,0.0
KDD21,090_UCR_Anomaly_DISTORTEDtiltAPB2_50000_124159_124985.txt,70,0.4940830925390159,0.04991905505461193,0.05183585313174946,0.029055690072639227,0.037238169123351435,0.029055690072639227,0.052060737527114966,0.20096852300242132,0.08269849507005708
KDD21,091_UCR_Anomaly_DISTORTEDtiltAPB3_40000_114000_114370.txt,70,0.5396297580064033,0.018357244009858394,0.009497964721845319,0.01891891891891892,0.012646793134598013,0.01891891891891892,0.009510869565217392,0.20216216216216218,0.018167056423352094
KDD21,092_UCR_Anomaly_DISTORTEDtiltAPB4_20000_67995_67996.txt,70,0.4133637787926264,2.840909090909091e-05,0.0,0.0,0.0,0.0,0.0,0.0,0.0
KDD21,093_UCR_Anomaly_NOISE1sddb40_35000_52000_52620.txt,70,0.6707045883747995,0.03682833222050939,0.017825311942959002,0.016129032258064516,0.01693480101608806,0.016129032258064516,0.017825311942959002,0.20129032258064516,0.032750404131589445
KDD21,094_UCR_Anomaly_NOISEBIDMC1_2500_5400_5600.txt,70,0.5681402777777778,0.06515454670232448,0.11650485436893204,0.12,0.11822660098522167,0.12,0.0410958904109589,0.216,0.06905370843989769
KDD21,095_UCR_Anomaly_NOISECIMIS44AirTemperature4_4000_5549_5597.txt,70,0.7048265425270402,0.014454406960594444,0.012578616352201259,0.041666666666666664,0.01932367149758454,0.041666666666666664,0.0078125,0.23333333333333334,0.01511879049676026
KDD21,096_UCR_Anomaly_NOISEECG4_5000_16900_17100.txt,70,0.638413440860215,0.016806151268366053,0.008583690987124463,0.02,0.012012012012012012,0.02,0.008908685968819599,0.20400000000000001,0.01707184401020963
KDD21,097_UCR_Anomaly_NOISEGP711MarkerLFM5z3_5000_5948_5993.txt,70,0.46533017333519217,0.003249964018300239,0.0,0.0,0.0,0.0,0.0,0.0,0.0
KDD21,098_UCR_Anomaly_NOISEInternalBleeding16_1200_4187_4199.txt,70,0.40467129567810567,0.0013852250275972634,0.0,0.0,0.0,0.0,0.0,0.0,0.0
KDD21,099_UCR_Anomaly_NOISEInternalBleeding6_1500_3474_3629.txt,70,0.6179688474592311,0.03394844282879032,0.026737967914438502,0.03225806451612903,0.029239766081871343,0.03225806451612903,0.026737967914438502,0.20516129032258065,0.04731016424660795
KDD21,100_UCR_Anomaly_NOISELab2Cmac011215EPG1_5000_17210_17260.txt,70,0.6264965213943262,0.003088773674254699,0.009433962264150943,0.04,0.015267175572519083,0.04,0.005747126436781609,0.232,0.011216399149100754
KDD21,101_UCR_Anomaly_NOISELab2Cmac011215EPG4_6000_17390_17520.txt,70,0.4777999318622276,0.006562018277615863,0.0196078431372549,0.023076923076923078,0.02120141342756184,0.023076923076923078,0.015267175572519083,0.20923076923076925,0.028457836367440887
KDD21,102_UCR_Anomaly_NOISEMesoplodonDensirostris_10000_19280_19440.txt,70,0.48343318954862313,0.01579936473319731,0.015122873345935728,0.05,0.023222060957910014,0.05,0.010940919037199124,0.20800000000000002,0.02078835851922923
KDD21,103_UCR_Anomaly_NOISETkeepThirdMARS_3500_4711_4809.txt,70,0.48625816963716806,0.007906918183412385,0.006535947712418301,0.04081632653061224,0.011267605633802818,0.0,0.006837606837606838,0.20816326530612245,0.013240305046243713
KDD21,104_UCR_Anomaly_NOISEapneaecg4_6000_16000_16100.txt,70,0.4513861204013378,0.006812235536416401,0.000727802037845706,0.01,0.0013568521031207597,0.0,0.0011560693641618498,0.20800000000000002,0.002299358832633208
KDD21,105_UCR_Anomaly_NOISEgait3_24500_59900_60500.txt,70,0.49824576923076924,0.034099276237201985,0.03270223752151463,0.03166666666666667,0.03217612193056731,0.03166666666666667,0.03356890459363958,0.20133333333333334,0.05754342332223516
KDD21,106_UCR_Anomaly_NOISEgaitHunt2_18500_31200_31850.txt,70,0.4804458393395361,0.02350242361341719,0.015037593984962405,0.015384615384615385,0.015209125475285171,0.015384615384615385,0.015060240963855422,0.20123076923076924,0.028023206986091235
KDD21,107_UCR_Anomaly_NOISEinsectEPG3_5200_7000_7050.txt,70,0.5077734217933253,0.004838836766260374,0.0,0.0,0.0,0.0,0.0,0.0,0.0
KDD21,109_UCR_Anomaly_1sddb40_35000_52000_52620.txt,70,0.673881700300841,0.03706507817754183,0.010452961672473868,0.00967741935483871,0.010050251256281407,0.00967741935483871,0.01048951048951049,0.20129032258064516,0.019939924586182652
KDD21,110_UCR_Anomaly_2sddb40_35000_56600_56900.txt,70,0.4143437149270483,0.00876065204323629,0.0034542314335060447,0.006666666666666667,0.004550625711035267,0.0,0.003472222222222222,0.2026666666666667,0.006827471589633024
KDD21,111_UCR_Anomaly_3sddb40_35000_46600_46900.txt,70,0.4645192480359147,0.016176179985342223,0.01060070671378092,0.02,0.013856812933025405,0.0,0.01073345259391771,0.2026666666666667,0.02038717753833773
KDD21,112_UCR_Anomaly_BIDMC1_2500_5400_5600.txt,70,0.5583902777777779,0.07710873473642965,0.14444444444444443,0.13,0.1368421052631579,0.13,0.04672897196261682,0.22080000000000002,0.07713375440165447
KDD21,113_UCR_Anomaly_CIMIS44AirTemperature1_4000_5391_5392.txt,70,0.9822803372846145,0.003401360544217687,0.006060606060606061,1.0,0.012048192771084338,0.0,0.004424778761061947,1.0,0.00881057268722467
KDD21,114_UCR_Anomaly_CIMIS44AirTemperature2_4000_5703_5727.txt,70,0.4736851511437908,0.00260790904379825,0.0,0.0,0.0,0.0,0.0,0.0,0.0
KDD21,115_UCR_Anomaly_CIMIS44AirTemperature3_4000_6520_6544.txt,70,0.5899688521241832,0.00393127204659967,0.0,0.0,0.0,0.0,0.0,0.0,0.0
KDD21,116_UCR_Anomaly_CIMIS44AirTemperature4_4000_5549_5597.txt,70,0.6947619632907243,0.014117413832377933,0.012269938650306749,0.041666666666666664,0.018957345971563982,0.041666666666666664,0.008849557522123894,0.23333333333333334,0.017052375152253347
KDD21,117_UCR_Anomaly_CIMIS44AirTemperature5_4000_4852_4900.txt,70,0.5337517412323828,0.005928639754320854,0.0,0.0,0.0,0.0,0.0,0.0,0.0
KDD21,118_UCR_Anomaly_CIMIS44AirTemperature6_4000_6006_6054.txt,70,0.5178220255653884,0.005980322519066726,0.006134969325153374,0.020833333333333332,0.009478672985781991,0.020833333333333332,0.008928571428571428,0.21666666666666667,0.017150395778364115
KDD21,119_UCR_Anomaly_ECG1_10000_11800_12100.txt,70,0.585697106918239,0.02472547586145172,0.011876484560570071,0.03333333333333333,0.017513134851138354,0.0,0.009580838323353293,0.20333333333333334,0.018299428142870534
KDD21,120_UCR_Anomaly_ECG2_15000_16000_16100.txt,70,0.5075531141868512,0.013659437215572678,0.0048216007714561235,0.05,0.008795074758135445,0.0,0.004849660523763337,0.20800000000000002,0.009478327439757938
KDD21,121_UCR_Anomaly_ECG3_15000_16000_16100.txt,70,0.44326937716262965,0.01346049462948838,0.0055248618784530384,0.03,0.00933125972006221,0.03,0.004819277108433735,0.21200000000000002,0.009424316514781062
KDD21,122_UCR_Anomaly_ECG3_8000_17000_17100.txt,70,0.4794946236559139,0.0032061194933999835,0.0,0.0,0.0,0.0,0.0,0.0,0.0
KDD21,123_UCR_Anomaly_ECG4_5000_16800_17100.txt,70,0.5563939393939393,0.014192642005774515,0.008561643835616438,0.016666666666666666,0.011312217194570135,0.016666666666666666,0.008620689655172414,0.2026666666666667,0.01653791752801654
KDD21,124_UCR_Anomaly_ECG4_5000_16900_17100.txt,70,0.6320667562724014,0.016552076239017947,0.008097165991902834,0.02,0.011527377521613832,0.0,0.008333333333333333,0.20400000000000001,0.016012558869701727
KDD21,125_UCR_Anomaly_ECG4_5000_17000_17100.txt,70,0.6875225806451614,0.017099637685378297,0.006072874493927126,0.03,0.010101010101010102,0.0,0.00625,0.20800000000000002,0.012135355892648775
KDD21,126_UCR_Anomaly_ECG4_8000_17000_17100.txt,70,0.5393566308243728,0.0036609743840226284,0.0,0.0,0.0,0.0,0.0,0.0,0.0
KDD21,127_UCR_Anomaly_GP711MarkerLFM5z1_5000_6168_6212.txt,70,0.588254470938897,0.004209776358142537,0.0,0.0,0.0,0.0,0.0,0.0,0.0
KDD21,128_UCR_Anomaly_GP711MarkerLFM5z2_5000_7175_7388.txt,70,0.3791132587783709,0.015018969711832988,0.007518796992481203,0.009389671361502348,0.008350730688935281,0.009389671361502348,0.007518796992481203,0.20375586854460095,0.014502439350397647
KDD21,129_UCR_Anomaly_GP711MarkerLFM5z3_5000_5948_5993.txt,70,0.4442622798457177,0.003203771807120684,0.0,0.0,0.0,0.0,0.0,0.0,0.0
KDD21,130_UCR_Anomaly_GP711MarkerLFM5z4_4000_6527_6645.txt,70,0.5058406249019312,0.013880810722590897,0.007352941176470588,0.01694915254237288,0.010256410256410256,0.01694915254237288,0.007352941176470588,0.20677966101694917,0.014200907926900243
KDD21,131_UCR_Anomaly_GP711MarkerLFM5z5_5000_8612_8716.txt,70,0.4380080085096477,0.006977032996785043,0.0,0.0,0.0,0.0,0.0,0.0,0.0
KDD21,132_UCR_Anomaly_InternalBleeding10_3200_4526_4556.txt,70,0.8077544282336144,0.044385385076373456,0.005813953488372093,0.03333333333333333,0.009900990099009901,0.03333333333333333,0.005813953488372093,0.22666666666666668,0.011337112370790263
KDD21,133_UCR_Anomaly_InternalBleeding14_2800_5607_5634.txt,70,0.5765171111705765,0.004566670136172741,0.005780346820809248,0.037037037037037035,0.01,0.037037037037037035,0.005780346820809248,0.22962962962962963,0.011276827937431792
KDD21,134_UCR_Anomaly_InternalBleeding15_1700_5684_5854.txt,70,0.5293341882574588,0.03273581152615983,0.033112582781456956,0.029411764705882353,0.03115264797507788,0.029411764705882353,0.034013605442176874,0.20470588235294118,0.05833445085154888
KDD21,135_UCR_Anomaly_InternalBleeding16_1200_4187_4199.txt,70,0.37684715360306226,0.0012779917613074412,0.0,0.0,0.0,0.0,0.0,0.0,0.0
KDD21,136_UCR_Anomaly_InternalBleeding17_1600_3198_3309.txt,70,0.4921943868350689,0.0186002189466465,0.01639344262295082,0.018018018018018018,0.017167381974248927,0.018018018018018018,0.01639344262295082,0.20720720720720723,0.030383091149273452
KDD21,137_UCR_Anomaly_InternalBleeding18_2300_4485_4587.txt,70,0.5229964113247353,0.018661116976579926,0.01639344262295082,0.0196078431372549,0.017857142857142856,0.0196078431372549,0.01639344262295082,0.20784313725490197,0.03038990825688074
KDD21,138_UCR_Anomaly_InternalBleeding19_3000_4187_4197.txt,70,0.5957743658210948,0.0017552418598442165,0.0,0.0,0.0,0.0,0.0,0.0,0.0
KDD21,139_UCR_Anomaly_InternalBleeding20_2700_5759_5919.txt,70,0.44975178814713895,0.021032150252815733,0.00819672131147541,0.00625,0.0070921985815602835,0.00625,0.00819672131147541,0.20500000000000002,0.015763168012302962
KDD21,140_UCR_Anomaly_InternalBleeding4_1000_4675_5033.txt,70,0.44338169751206896,0.04365912694306302,0.03361344537815126,0.0111731843575419,0.016771488469601678,0.0111731843575419,0.025423728813559324,0.20297951582867785,0.045187590686105165
KDD21,141_UCR_Anomaly_InternalBleeding5_4000_6200_6370.txt,70,0.4873604514269476,0.021660956933669477,0.014285714285714285,0.011764705882352941,0.012903225806451613,0.011764705882352941,0.014705882352941176,0.20470588235294118,0.02744046680334332
KDD21,142_UCR_Anomaly_InternalBleeding6_1500_3474_3629.txt,70,0.6189169308595985,0.04819321960297523,0.03888888888888889,0.04516129032258064,0.041791044776119404,0.04516129032258064,0.03888888888888889,0.20516129032258065,0.06538405052136878
KDD21,143_UCR_Anomaly_InternalBleeding8_2500_5865_5974.txt,70,0.4684601999682275,0.01321489728631102,0.013605442176870748,0.01834862385321101,0.015625,0.01834862385321101,0.013888888888888888,0.20733944954128442,0.026033867066006217
KDD21,144_UCR_Anomaly_InternalBleeding9_4200_6599_6681.txt,70,0.48930399534484625,0.009989114571073552,0.007462686567164179,0.012195121951219513,0.009259259259259259,0.012195121951219513,0.007518796992481203,0.20975609756097563,0.01451721809588116
KDD21,145_UCR_Anomaly_Lab2Cmac011215EPG1_5000_17210_17260.txt,70,0.609157204138279,0.002950313891032343,0.00847457627118644,0.04,0.013986013986013986,0.04,0.005025125628140704,0.232,0.00983717774762551
KDD21,146_UCR_Anomaly_Lab2Cmac011215EPG2_5000_27862_27932.txt,70,0.4609892047076205,0.006414702453214488,0.0425531914893617,0.02857142857142857,0.03418803418803419,0.02857142857142857,0.05555555555555555,0.21142857142857144,0.08799048751486326
KDD21,147_UCR_Anomaly_Lab2Cmac011215EPG3_5000_16390_16420.txt,70,0.6233274915293843,0.0014071325282017618,0.0,0.0,0.0,0.0,0.0,0.0,0.0
KDD21,148_UCR_Anomaly_Lab2Cmac011215EPG4_6000_17390_17520.txt,70,0.4728099570508632,0.006904485398790116,0.025423728813559324,0.023076923076923078,0.024193548387096774,0.023076923076923078,0.020202020202020204,0.20923076923076925,0.03684638309401247
KDD21,149_UCR_Anomaly_Lab2Cmac011215EPG5_7000_17390_17520.txt,70,0.5974675895407603,0.0067928659537194,0.017094017094017096,0.015384615384615385,0.016194331983805668,0.015384615384615385,0.02040816326530612,0.20615384615384616,0.03713968957871397
KDD21,150_UCR_Anomaly_Lab2Cmac011215EPG6_7000_12190_12420.txt,70,0.4326383692426784,0.006879872279124191,0.018518518518518517,0.008695652173913044,0.011834319526627219,0.008695652173913044,0.022727272727272728,0.20347826086956522,0.04088764633933252
KDD21,151_UCR_Anomaly_MesoplodonDensirostris_10000_19280_19440.txt,70,0.5073827680822662,0.017061558348365972,0.014571948998178506,0.05,0.022566995768688293,0.0,0.012254901960784314,0.20800000000000002,0.02314608742099172
KDD21,152_UCR_Anomaly_PowerDemand1_9000_18485_18821.txt,70,0.5140624715033466,0.03045348135354766,0.05615942028985507,0.09226190476190477,0.06981981981981981,0.09226190476190477,0.019287833827893175,0.21054421768707485,0.03533834256278737
KDD21,153_UCR_Anomaly_PowerDemand2_14000_23357_23717.txt,70,0.5534300592899867,0.02052904617531678,0.018469656992084433,0.019444444444444445,0.018944519621109608,0.019444444444444445,0.01818181818181818,0.2038888888888889,0.033386399818057765
KDD21,154_UCR_Anomaly_PowerDemand3_16000_23405_23477.txt,70,0.47836262080109376,0.0030096237825023987,0.0,0.0,0.0,0.0,0.0,0.0,0.0
KDD21,155_UCR_Anomaly_PowerDemand4_18000_24005_24077.txt,70,0.5218992759182891,0.003926674156619672,0.005291005291005291,0.027777777777777776,0.008888888888888889,0.027777777777777776,0.004608294930875576,0.22222222222222224,0.009029345372460496
KDD21,156_UCR_Anomaly_TkeepFifthMARS_3500_5988_6085.txt,70,0.40939862695862067,0.011594207693901439,0.004366812227074236,0.030927835051546393,0.007653061224489796,0.0,0.004405286343612335,0.20824742268041238,0.008628053989407141
KDD21,157_UCR_Anomaly_TkeepFirstMARS_3500_5365_5380.txt,70,0.7962923945805168,0.03706358384632388,0.004329004329004329,0.2,0.00847457627118644,0.0,0.004366812227074236,0.25333333333333335,0.008585630366018978
KDD21,158_UCR_Anomaly_TkeepForthMARS_3500_5988_6085.txt,70,0.4915073284982441,0.01874269094573914,0.008733624454148471,0.061855670103092786,0.015306122448979591,0.0,0.00881057268722467,0.20824742268041238,0.016905887768339123
KDD21,159_UCR_Anomaly_TkeepSecondMARS_3500_9330_9340.txt,70,0.37845842854631745,0.0006505473554206827,0.0,0.0,0.0,0.0,0.0,0.0,0.0
KDD21,160_UCR_Anomaly_TkeepThirdMARS_3500_4711_4809.txt,70,0.5017017422490851,0.01869894514523637,0.008733624454148471,0.061224489795918366,0.015286624203821656,0.0,0.00881057268722467,0.20816326530612245,0.01690561034225574
KDD21,161_UCR_Anomaly_WalkingAceleration1_1500_2764_2995.txt,70,0.4210136162716358,0.046913072572247944,0.09243697478991597,0.047619047619047616,0.06285714285714286,0.047619047619047616,0.054982817869415807,0.20634920634920637,0.08682947192652891
KDD21,162_UCR_Anomaly_WalkingAceleration5_2700_5920_5979.txt,70,0.6671710905020788,0.012533930074569533,0.0,0.0,0.0,0.0,0.0,0.0,0.0
KDD21,163_UCR_Anomaly_apneaecg2_10000_20950_21100.txt,70,0.6087927414852038,0.017152599605068073,0.0038729666924864447,0.03333333333333333,0.006939625260235947,0.0,0.004048582995951417,0.2088888888888889,0.007943214466790603
KDD21,164_UCR_Anomaly_apneaecg3_5000_11111_11211.txt,70,0.4783037945484603,0.013063169719026066,0.005042016806722689,0.06,0.009302325581395349,0.0,0.005649717514124294,0.21200000000000002,0.011006126051292699
KDD21,165_UCR_Anomaly_apneaecg4_6000_16000_16100.txt,70,0.45110468227424744,0.0068114351547441995,0.000727802037845706,0.01,0.0013568521031207597,0.0,0.0011792452830188679,0.20800000000000002,0.002345194606052406
KDD21,166_UCR_Anomaly_apneaecg_10000_12240_12308.txt,70,0.46159433153505763,0.008932376487990223,0.0016051364365971107,0.029411764705882353,0.0030441400304414,0.0,0.0013386880856760374,0.2235294117647059,0.0026614371760750807
KDD21,167_UCR_Anomaly_gait1_20000_38500_38800.txt,70,0.5359044893378226,0.01742655059714082,0.008787346221441126,0.016666666666666666,0.011507479861910242,0.0,0.00929368029739777,0.2026666666666667,0.01777237331337839
KDD21,168_UCR_Anomaly_gait2_22000_46500_46800.txt,70,0.5380209315375982,0.01737926516455885,0.009345794392523364,0.016666666666666666,0.011976047904191617,0.0,0.007905138339920948,0.20333333333333334,0.015218611613547057
KDD21,169_UCR_Anomaly_gait3_24500_59900_60500.txt,70,0.479808376068376,0.037281515718915276,0.031055900621118012,0.016666666666666666,0.021691973969631236,0.016666666666666666,0.03367003367003367,0.20133333333333334,0.057691940321317366
KDD21,170_UCR_Anomaly_gaitHunt1_18500_33070_33180.txt,70,0.664186258706165,0.014660722751122861,0.0038314176245210726,0.01818181818181818,0.006329113924050633,0.0,0.0038314176245210726,0.20727272727272728,0.007523759239704329
KDD21,171_UCR_Anomaly_gaitHunt2_18500_31200_31850.txt,70,0.531110234569519,0.02733159849598873,0.014953271028037384,0.012307692307692308,0.01350210970464135,0.012307692307692308,0.014953271028037384,0.20123076923076924,0.027837931309691664
KDD21,172_UCR_Anomaly_gaitHunt3_23400_38400_39200.txt,70,0.5416556934931507,0.03598167614395663,0.024714828897338403,0.01625,0.0196078431372549,0.01625,0.024714828897338403,0.201,0.04401731718410458
KDD21,173_UCR_Anomaly_insectEPG1_3000_7000_7030.txt,70,0.4438672149232775,0.002568055466754082,0.0,0.0,0.0,0.0,0.0,0.0,0.0
KDD21,174_UCR_Anomaly_insectEPG2_3700_8000_8025.txt,70,0.6406397272636117,0.004406317886237528,0.0,0.0,0.0,0.0,0.0,0.0,0.0
KDD21,175_UCR_Anomaly_insectEPG3_5200_7000_7050.txt,70,0.4385615199034982,0.004091647408077494,0.0,0.0,0.0,0.0,0.0,0.0,0.0
KDD21,176_UCR_Anomaly_insectEPG4_1300_6508_6558.txt,70,0.5478950542822677,0.005524039663171431,0.0,0.0,0.0,0.0,0.0,0.0,0.0
KDD21,177_UCR_Anomaly_insectEPG5_3200_8500_8501.txt,70,0.3866061633589309,8.105041335710812e-05,0.0,0.0,0.0,0.0,0.0,0.0,0.0
KDD21,178_UCR_Anomaly_ltstdbs30791AI_17555_52600_52800.txt,70,0.6626017846422529,0.030893183486305993,0.0162748643761302,0.045,0.02390438247011952,0.045,0.019736842105263157,0.20600000000000002,0.0360223828398228
KDD21,179_UCR_Anomaly_ltstdbs30791AS_23000_52600_52800.txt,70,0.7289680232558139,0.04679430846901943,0.0297029702970297,0.09,0.04466501240694789,0.09,0.03289473684210526,0.2144,0.057038266717745714
KDD21,180_UCR_Anomaly_ltstdbs30791ES_20000_52600_52800.txt,70,0.5760975290697674,0.018076847027185497,0.005089058524173028,0.01,0.006745362563237774,0.01,0.00510204081632653,0.20400000000000001,0.009955104430997461
KDD21,181_UCR_Anomaly_park3m_60000_72150_72495.txt,70,0.5298578581220266,0.01744363942616238,0.010452961672473868,0.02608695652173913,0.014925373134328358,0.0,0.010452961672473868,0.20231884057971017,0.019878866126184284
KDD21,182_UCR_Anomaly_qtdbSel1005V_4000_12400_12800.txt,70,0.4501727314814814,0.017033451075839413,0.011869436201780416,0.02,0.0148975791433892,0.02,0.012704174228675136,0.2022857142857143,0.02390691930691159
KDD21,183_UCR_Anomaly_qtdbSel100MLII_4000_13400_13800.txt,70,0.495975,0.018647742702706437,0.012359550561797753,0.0275,0.017054263565891473,0.0275,0.01282051282051282,0.20314285714285715,0.02411886427626446
KDD21,184_UCR_Anomaly_resperation10_48000_130700_131880.txt,70,0.5650964931368282,0.051884966535939867,0.046511627906976744,0.030508474576271188,0.0368474923234391,0.030508474576271188,0.04340567612687813,0.2009387222946545,0.07139006384115144
KDD21,185_UCR_Anomaly_resperation11_58000_110800_110801.txt,70,0.9310310343678122,0.00024015369836695484,0.0,0.0,0.0,0.0,0.0,0.0,0.0
KDD21,186_UCR_Anomaly_resperation1_100000_110260_110412.txt,70,0.3806828501248431,0.006870751315921561,0.0028011204481792717,0.013157894736842105,0.004618937644341801,0.013157894736842105,0.0018214936247723133,0.2105263157894737,0.0036117381489841984
KDD21,188_UCR_Anomaly_resperation2_30000_168250_168251.txt,70,0.18853961798726626,1.6666666666666667e-05,0.0,0.0,0.0,0.0,0.0,0.0,0.0
KDD21,189_UCR_Anomaly_resperation3_45000_158250_158251.txt,70,0.20995699856661887,1.6666666666666667e-05,0.0,0.0,0.0,0.0,0.0,0.0,0.0
KDD21,190_UCR_Anomaly_resperation4_70000_128430_128431.txt,70,0.22660755358511953,1.6666666666666667e-05,0.0,0.0,0.0,0.0,0.0,0.0,0.0
KDD21,191_UCR_Anomaly_resperation9_38000_143411_143511.txt,70,0.5509872909698996,0.0037758483684994454,0.002457002457002457,0.02,0.00437636761487965,0.0,0.0031007751937984496,0.20800000000000002,0.006110458284371328
KDD21,192_UCR_Anomaly_s20101mML2_12000_35774_35874.txt,70,0.5840233190421417,0.006717118782544182,0.008403361344537815,0.04,0.013888888888888888,0.04,0.009966777408637873,0.21066666666666667,0.019033087054288467
KDD21,193_UCR_Anomaly_s20101m_10000_35774_35874.txt,70,0.445504548781763,0.004254627989391173,0.0020964360587002098,0.01,0.0034662045060658577,0.01,0.0021008403361344537,0.20800000000000002,0.00415966722662187
KDD21,194_UCR_Anomaly_sddb49_20000_67950_68200.txt,70,0.6323530597014926,0.018003692192211013,0.01650943396226415,0.028,0.020771513353115726,0.028,0.01650943396226415,0.20320000000000002,0.03053775999175584
KDD21,195_UCR_Anomaly_sel840mECG1_17000_51370_51740.txt,70,0.48775162092444985,0.01941916372590058,0.01386748844375963,0.024324324324324326,0.017664376840039256,0.024324324324324326,0.01282051282051282,0.20243243243243245,0.024113840507388684
KDD21,196_UCR_Anomaly_sel840mECG2_20000_49370_49740.txt,70,0.4778498816861874,0.01878261321575223,0.016181229773462782,0.02702702702702703,0.020242914979757085,0.02702702702702703,0.01763668430335097,0.20216216216216218,0.03244302951968702
KDD21,197_UCR_Anomaly_tiltAPB1_100000_114283_114350.txt,70,0.40458167519400295,0.001709283173277804,0.0,0.0,0.0,0.0,0.0,0.0,0.0
KDD21,198_UCR_Anomaly_tiltAPB2_50000_124159_124985.txt,70,0.4588037707010705,0.04508647383121571,0.040339702760084924,0.023002421307506054,0.029298380878951428,0.023002421307506054,0.040339702760084924,0.20096852300242132,0.0671921602045164
KDD21,199_UCR_Anomaly_tiltAPB3_40000_114000_114370.txt,70,0.5201007926590107,0.017598276160200564,0.009320905459387484,0.01891891891891892,0.012488849241748439,0.01891891891891892,0.009320905459387484,0.20216216216216218,0.017820191679372686
KDD21,200_UCR_Anomaly_tiltAPB4_20000_67995_67996.txt,70,0.7206573552451749,5.957345406886691e-05,0.0,0.0,0.0,0.0,0.0,0.0,0.0
KDD21,201_UCR_Anomaly_CHARISfive_10000_17001_17016.txt,70,0.449817130787616,0.00041391594709047755,0.0,0.0,0.0,0.0,0.0,0.0,0.0
KDD21,202_UCR_Anomaly_CHARISfive_10411_10998_11028.txt,70,0.5650942185253646,0.0015583003957027313,0.0,0.0,0.0,0.0,0.0,0.0,0.0
KDD21,203_UCR_Anomaly_CHARISfive_11812_10995_11028.txt,70,0.6426758922714548,0.0018985313591521654,0.0009852216748768472,0.030303030303030304,0.0019083969465648854,0.030303030303030304,0.0010638297872340426,0.22424242424242424,0.0021176133924738876
KDD21,204_UCR_Anomaly_CHARISfive_12412_15000_15070.txt,70,0.6757708462603216,0.011779776678699344,0.006265664160401002,0.07142857142857142,0.01152073732718894,0.0,0.0033112582781456954,0.2571428571428572,0.006538321830730112
KDD21,205_UCR_Anomaly_CHARISfive_9812_28995_29085.txt,70,0.3656038178958481,0.013624996141503934,0.012345679012345678,0.07777777777777778,0.0213089802130898,0.07777777777777778,0.016713091922005572,0.21037037037037037,0.030966053645416883
KDD21,206_UCR_Anomaly_CHARISten_25130_29080_29140.txt,70,0.49628499641062457,0.0010744985673352436,0.0,0.0,0.0,0.0,0.0,0.0,0.0
KDD21,207_UCR_Anomaly_CHARISten_3165_26929_26989.txt,70,0.5066592542113506,0.0020614030175385616,0.0,0.0,0.0,0.0,0.0,0.0,0.0
KDD21,208_UCR_Anomaly_CHARISten_5130_27929_27989.txt,70,0.4725404397259783,0.0018900007614726195,0.0,0.0,0.0,0.0,0.0,0.0,0.0
KDD21,209_UCR_Anomaly_Fantasia_19000_26970_27270.txt,70,0.4834580808080807,0.01397016047943626,0.0176017601760176,0.05333333333333334,0.026468155500413565,0.05333333333333334,0.019417475728155338,0.20426666666666668,0.0354637838838862
KDD21,210_UCR_Anomaly_Italianpowerdemand_36123_74900_74996.txt,70,0.45878408128232573,0.002799726546381142,0.0018552875695732839,0.010416666666666666,0.0031496062992125984,0.010416666666666666,0.001976284584980237,0.20833333333333334,0.003915426781519186
KDD21,211_UCR_Anomaly_Italianpowerdemand_38113_39240_39336.txt,70,0.4496384959648653,0.0027673581780380606,0.003424657534246575,0.020833333333333332,0.0058823529411764705,0.020833333333333332,0.0035971223021582736,0.20833333333333334,0.007072135785007073
KDD21,212_UCR_Anomaly_Italianpowerdemand_8913_29480_29504.txt,70,0.5783272293165662,0.0018145018324528524,0.0,0.0,0.0,0.0,0.0,0.0,0.0
KDD21,213_UCR_Anomaly_STAFFIIIDatabase_33211_126920_127370.txt,70,0.5568398195149464,0.026865786757307764,0.03339882121807466,0.07555555555555556,0.04632152588555858,0.07555555555555556,0.03546099290780142,0.2120888888888889,0.060762562519736385
KDD21,214_UCR_Anomaly_STAFFIIIDatabase_34211_125720_126370.txt,70,0.504332957672651,0.024649717778817117,0.023557126030624265,0.03076923076923077,0.0266844563042028,0.03076923076923077,0.022292993630573247,0.20351648351648352,0.040184244949072266
KDD21,215_UCR_Anomaly_STAFFIIIDatabase_36276_106720_107370.txt,70,0.5251410562180578,0.028686531030564927,0.029692470837751856,0.043076923076923075,0.03515379786566227,0.043076923076923075,0.039647577092511016,0.20382905982905983,0.06638278288581637
KDD21,216_UCR_Anomaly_STAFFIIIDatabase_37216_160720_161370.txt,70,0.5178136548289872,0.027547525409262016,0.0352035203520352,0.04923076923076923,0.04105195638229634,0.04923076923076923,0.031446540880503145,0.2078769230769231,0.05462907858307243
KDD21,217_UCR_Anomaly_STAFFIIIDatabase_38211_150720_151370.txt,70,0.4483553662691651,0.017294574634203037,0.011614401858304297,0.015384615384615385,0.013236267372600927,0.015384615384615385,0.012738853503184714,0.2030769230769231,0.02397384671267708
KDD21,218_UCR_Anomaly_STAFFIIIDatabase_41117_210720_211370.txt,70,0.5195936836587604,0.027276720820021576,0.02766798418972332,0.043076923076923075,0.03369434416365824,0.043076923076923075,0.0335195530726257,0.20574358974358975,0.057647267310704214
KDD21,219_UCR_Anomaly_STAFFIIIDatabase_41612_64632_64852.txt,70,0.6517477410098296,0.024391166115377543,0.0255863539445629,0.10909090909090909,0.04145077720207254,0.10909090909090909,0.028070175438596492,0.21090909090909093,0.04954618259476776
KDD21,220_UCR_Anomaly_STAFFIIIDatabase_43217_250720_251370.txt,70,0.4921964355916656,0.02484037994980283,0.022573363431151242,0.03076923076923077,0.026041666666666668,0.03076923076923077,0.01977401129943503,0.20351648351648352,0.036045755086833456
KDD21,221_UCR_Anomaly_STAFFIIIDatabase_45616_163632_164852.txt,70,0.5399060709281263,0.05813574934486456,0.07253886010362694,0.05737704918032787,0.06407322654462243,0.05737704918032787,0.06722689075630252,0.2028688524590164,0.10098820529167994
KDD21,222_UCR_Anomaly_mit14046longtermecg_56123_91200_91700.txt,70,0.5404588474576271,0.021655147926808546,0.005774783445620789,0.012,0.007797270955165692,0.012,0.007075471698113208,0.2016,0.013671133293549612
KDD21,223_UCR_Anomaly_mit14046longtermecg_74123_131200_131700.txt,70,0.4724424406779661,0.015906160758963322,0.0044444444444444444,0.006,0.005106382978723404,0.0,0.004559270516717325,0.2016,0.008916881922083437
KDD21,224_UCR_Anomaly_mit14046longtermecg_76123_191200_191700.txt,70,0.468346766147573,0.021339538785700062,0.013201320132013201,0.024,0.017033356990773598,0.024,0.015060240963855422,0.20192000000000002,0.028029868912609886
KDD21,225_UCR_Anomaly_mit14046longtermecg_81214_143000_143300.txt,70,0.5856942199775533,0.020888739858266853,0.008032128514056224,0.03333333333333333,0.012944983818770227,0.0,0.010769230769230769,0.20380952380952383,0.020457494025264592
KDD21,226_UCR_Anomaly_mit14046longtermecg_96123_123000_123300.txt,70,0.6399531986531988,0.03296886768806296,0.01326053042121685,0.056666666666666664,0.021491782553729456,0.0,0.013996889580093312,0.20503703703703705,0.026204897218990553
KDD21,227_UCR_Anomaly_mit14134longtermecg_11231_29000_29100.txt,70,0.48924832775919735,0.007998376474349785,0.0012376237623762376,0.01,0.0022026431718061676,0.0,0.0013869625520110957,0.20800000000000002,0.0027555508452122308
KDD21,228_UCR_Anomaly_mit14134longtermecg_11361_47830_47850.txt,70,0.5845640535372849,0.0013801380169956598,0.0,0.0,0.0,0.0,0.0,0.0,0.0
KDD21,229_UCR_Anomaly_mit14134longtermecg_16363_57960_57970.txt,70,0.6603431066749844,0.0014191277943842893,0.0,0.0,0.0,0.0,0.0,0.0,0.0
KDD21,230_UCR_Anomaly_mit14134longtermecg_19363_19510_19610.txt,70,0.5154178929765887,0.008605553387207504,0.0025974025974025974,0.02,0.004597701149425287,0.0,0.002607561929595828,0.20800000000000002,0.005150554675118858
KDD21,231_UCR_Anomaly_mit14134longtermecg_8763_47530_47790.txt,70,0.484740557039298,0.017702890930437247,0.00905349794238683,0.04230769230769231,0.014915254237288136,0.0,0.009230769230769232,0.20564102564102565,0.017668441343859007
KDD21,232_UCR_Anomaly_mit14134longtermecg_8763_57530_57790.txt,70,0.4980874816115408,0.0230113853186852,0.015748031496062992,0.046153846153846156,0.023483365949119372,0.0,0.014814814814814815,0.20615384615384616,0.02764311500773595
KDD21,233_UCR_Anomaly_mit14157longtermecg_18913_24500_24501.txt,70,0.8345278175939198,0.00010070493454179255,0.0,0.0,0.0,0.0,0.0,0.0,0.0
KDD21,234_UCR_Anomaly_mit14157longtermecg_18913_24600_24601.txt,70,0.8863628787626253,0.00014624159110851126,0.0,0.0,0.0,0.0,0.0,0.0,0.0
KDD21,235_UCR_Anomaly_mit14157longtermecg_18913_75450_75451.txt,70,0.8042601420047335,8.513536523071684e-05,0.0,0.0,0.0,0.0,0.0,0.0,0.0
KDD21,236_UCR_Anomaly_mit14157longtermecg_19313_46350_46390.txt,70,0.40218624833110816,0.0006666666666666666,0.0,0.0,0.0,0.0,0.0,0.0,0.0
KDD21,237_UCR_Anomaly_mit14157longtermecg_19313_89560_90370.txt,70,0.5855574676232712,0.046008706395185214,0.033962264150943396,0.022222222222222223,0.026865671641791045,0.022222222222222223,0.0330812854442344,0.20098765432098767,0.0568117236744762
KDD21,238_UCR_Anomaly_mit14157longtermecg_21311_72600_72780.txt,70,0.5311560101348834,0.01831253262877773,0.006765899864682003,0.027777777777777776,0.01088139281828074,0.0,0.006811989100817439,0.20444444444444446,0.01318467138639686
KDD21,239_UCR_Anomaly_taichidbS0715Master_190037_593450_593514.txt,70,0.4546365579903795,0.0010666666666666667,0.0,0.0,0.0,0.0,0.0,0.0,0.0
KDD21,240_UCR_Anomaly_taichidbS0715Master_240030_884100_884200.txt,70,0.7965123745819398,0.02453954183900959,0.02261904761904762,0.19,0.04042553191489362,0.19,0.02159090909090909,0.276,0.040048877348403844
KDD21,241_UCR_Anomaly_taichidbS0715Master_250000_837400_839100.txt,70,0.4958587819580129,0.056597721723056243,0.06698564593301436,0.03294117647058824,0.04416403785488959,0.03294117647058824,0.043010752688172046,0.20658823529411766,0.07119832951527562
KDD21,242_UCR_Anomaly_tilt12744mtable_100000_104630_104890.txt,70,0.468493805286845,0.009547169782068593,0.005641748942172073,0.015384615384615385,0.008255933952528379,0.015384615384615385,0.007125890736342043,0.2041025641025641,0.01377099095774128
KDD21,243_UCR_Anomaly_tilt12744mtable_100000_203355_203400.txt,70,0.524249707895176,0.0014785511555556203,0.0,0.0,0.0,0.0,0.0,0.0,0.0
KDD21,244_UCR_Anomaly_tilt12754table_100013_104630_104890.txt,70,0.40525250892349074,0.01254453203572702,0.005873715124816446,0.015384615384615385,0.008501594048884165,0.0,0.005908419497784343,0.2030769230769231,0.011482754121177852
KDD21,245_UCR_Anomaly_tilt12754table_100211_270800_271070.txt,70,0.47642610656401435,0.008333639240393561,0.0050933786078098476,0.011111111111111112,0.006984866123399301,0.011111111111111112,0.0051635111876075735,0.20296296296296298,0.010070814241258485
KDD21,246_UCR_Anomaly_tilt12755mtable_100211_270800_271070.txt,70,0.5267589789587771,0.010598595105586996,0.0128,0.02962962962962963,0.017877094972067038,0.02962962962962963,0.012924071082390954,0.20296296296296298,0.02430074387769808
KDD21,247_UCR_Anomaly_tilt12755mtable_50211_121900_121980.txt,70,0.611335018382353,0.01646985682383412,0.005706134094151213,0.05,0.010243277848911651,0.0,0.0053475935828877,0.22000000000000003,0.01044138585666825
KDD21,248_UCR_Anomaly_weallwalk_2000_4702_4707.txt,70,0.39495668683991936,0.00040654422827336793,0.0,0.0,0.0,0.0,0.0,0.0,0.0
KDD21,249_UCR_Anomaly_weallwalk_2753_8285_8315.txt,70,0.5574296423353027,0.0037323959111748043,0.004901960784313725,0.03333333333333333,0.008547008547008548,0.03333333333333333,0.008403361344537815,0.22666666666666668,0.016205910390848427
KDD21,250_UCR_Anomaly_weallwalk_2951_7290_7296.txt,70,0.6612343082903205,0.001013498228761128,0.0,0.0,0.0,0.0,0.0,0.0,0.0
Daphnet,S09R01E4.test.csv@3.out,70,0.527602823857566,0.04592802866936278,0.06994818652849741,0.10074626865671642,0.08256880733944955,0.10074626865671642,0.09523809523809523,0.2044776119402985,0.12995020156509368
Daphnet,S09R01E4.test.csv@2.out,70,0.640619901990263,0.0757354841178657,0.0,0.0,0.0,0.0,0.0,0.0,0.0
Daphnet,S03R02E0.test.csv@6.out,70,0.6879313747806483,0.3060351335768321,0.4,0.060711188204683436,0.10542168674698796,0.060711188204683436,0.42073170731707316,0.17004979649520138,0.2422057588014164
Daphnet,S03R02E0.test.csv@1.out,70,0.6383844245651777,0.2847850559149934,0.3473389355742297,0.053772766695576756,0.09312805107022155,0.053772766695576756,0.3605769230769231,0.20508635800067374,0.2614608740099253
Daphnet,S09R01E0.test.csv@8.out,70,0.5432019866035747,0.041320676900197514,0.0,0.0,0.0,0.0,0.0,0.0,0.0
Daphnet,S08R01E0.test.csv@4.out,70,0.4819816997421605,0.13532734785134,0.12690355329949238,0.022644927536231884,0.03843197540353574,0.022644927536231884,0.12274368231046931,0.2011405316904011,0.1524540465655367
Daphnet,S03R02E0.test.csv@2.out,70,0.5472978263218803,0.40607622052097,0.6486486486486487,0.09366869037294015,0.16369837059492232,0.09366869037294015,0.6149068322981367,0.20514775934048737,0.3076545394302458
Daphnet,S09R01E4.test.csv@4.out,70,0.6039468191617993,0.051803356480420434,0.01015228426395939,0.007462686567164179,0.008602150537634409,0.007462686567164179,0.020618556701030927,0.20298507462686569,0.037434627030002755
Daphnet,S09R01E2.test.csv@4.out,70,0.45351259971399266,0.3030889571140921,0.4131455399061033,0.024165865714678016,0.04566091581268647,0.024165865714678016,0.45138888888888884,0.20204279757818872,0.27914126540117307
Daphnet,S02R01E0.test.csv@4.out,70,0.5475764834684278,0.16811708029904554,0.18997361477572558,0.04071246819338423,0.06705471478463329,0.04071246819338423,0.2119089316987741,0.2068862567250288,0.20936747535596753
Daphnet,S03R02E0.test.csv@9.out,70,0.603882534881191,0.22557691621028778,0.2262210796915167,0.03816131830008673,0.0653061224489796,0.03816131830008673,0.2608695652173913,0.16980315902260368,0.2057082966883303
Daphnet,S03R01E1.test.csv@7.out,70,0.5748430062838279,0.39412110890322694,0.4594594594594595,0.05708803070280643,0.10155749946660977,0.05708803070280643,0.45907473309608543,0.20667097520002647,0.28502601397607524
Daphnet,S03R01E1.test.csv@4.out,70,0.6237154540396154,0.4064725186865649,0.5028248587570622,0.042696090189493885,0.07870882157859828,0.042696090189493885,0.49,0.1730971671521688,0.25582257354177057
Daphnet,S03R01E0.test.csv@8.out,70,0.5247766467206334,0.3218164180401481,0.3436055469953775,0.05611474584801208,0.09647415098420939,0.05611474584801208,0.3392405063291139,0.2029155228240563,0.25393857488734783
Daphnet,S09R01E0.test.csv@1.out,70,0.5626567051708493,0.053619617943965484,0.05343511450381679,0.043343653250773995,0.04786324786324787,0.043343653250773995,0.06091370558375635,0.2127315784573849,0.09470851130453026
Daphnet,S06R01E2.test.csv@5.out,70,0.4970474813208002,0.0026670662271501347,0.0,0.0,0.0,0.0,0.0,0.0,0.0
Daphnet,S03R01E1.test.csv@8.out,70,0.5426008170118611,0.3842975018363961,0.4035947712418301,0.05924682177980331,0.10332566408701109,0.05924682177980331,0.4204119850187266,0.17318941442269292,0.24531918411981662
Daphnet,S01R02E0.test.csv@4.out,70,0.5519660384553835,0.06828482865753027,0.058823529411764705,0.01809954751131222,0.02768166089965398,0.01809954751131222,0.0529595015576324,0.20505853191395745,0.08417859398574794
Daphnet,S09R01E0.test.csv@7.out,70,0.5185366385992055,0.03494345878964116,0.043824701195219126,0.034055727554179564,0.03832752613240418,0.034055727554179564,0.043243243243243246,0.21986791881953174,0.07227212878661704
Daphnet,S03R01E1.test.csv@1.out,70,0.5142479497195855,0.3669633714825693,0.4575892857142857,0.04917246342048453,0.0888022525449426,0.04917246342048453,0.4779116465863454,0.20577972290558308,0.2876869025887276
Daphnet,S03R02E0.test.csv@4.out,70,0.6258010781321492,0.302670630105516,0.38287153652392947,0.06591500433651344,0.1124676285608583,0.06591500433651344,0.3811881188118812,0.1705216392455299,0.23563412439755252
Daphnet,S03R03E4.test.csv@4.out,70,0.6039468191617993,0.051803356480420434,0.01015228426395939,0.007462686567164179,0.008602150537634409,0.007462686567164179,0.020618556701030927,0.20298507462686569,0.037434627030002755
Daphnet,S03R01E0.test.csv@6.out,70,0.5735185628849583,0.3169453376199179,0.4229607250755287,0.035228988424760944,0.06504065040650407,0.035228988424760944,0.3744292237442922,0.2029625075816245,0.26323582427641734
Daphnet,S03R02E0.test.csv@8.out,70,0.5266055416128005,0.3646057231215802,0.5668016194331984,0.060711188204683436,0.10967489228358794,0.060711188204683436,0.546583850931677,0.17018068784940685,0.25954971454674675
Daphnet,S03R03E4.test.csv@3.out,70,0.527602823857566,0.04592802866936278,0.06994818652849741,0.10074626865671642,0.08256880733944955,0.10074626865671642,0.09523809523809523,0.2044776119402985,0.12995020156509368
Daphnet,S09R01E4.test.csv@6.out,70,0.4593936527179789,0.026497134315279218,0.048701298701298704,0.055970149253731345,0.052083333333333336,0.055970149253731345,0.06666666666666667,0.2040705563093623,0.1005011693952556
Daphnet,S02R01E0.test.csv@6.out,70,0.5600943546772164,0.16524224440037882,0.24830699774266365,0.031099802092168505,0.05527638190954774,0.031099802092168505,0.2497420020639835,0.16036468272121096,0.1953140409994926
Daphnet,S01R02E0.test.csv@1.out,70,0.5218032963688596,0.06181771941026398,0.0380818053596615,0.017453135100193924,0.023936170212765957,0.017453135100193924,0.036885245901639344,0.16286575122950916,0.060148318349684975
Daphnet,S09R01E0.test.csv@5.out,70,0.5075812514120778,0.03378163853735463,0.029411764705882353,0.01238390092879257,0.017429193899782137,0.01238390092879257,0.032520325203252036,0.15823593073593076,0.05395245257919458
Daphnet,S03R01E1.test.csv@2.out,70,0.5169847334472287,0.37138237775952154,0.4719626168224299,0.048452866394818904,0.08788340221883838,0.048452866394818904,0.44078597981943707,0.18858437778406925,0.26415400323813004
Daphnet,S03R02E0.test.csv@3.out,70,0.5456034125038981,0.29087446038297965,0.3787638668779715,0.10364267129228101,0.1627511065713313,0.10364267129228101,0.4163636363636364,0.2121179066615512,0.28105259075812306
Daphnet,S09R01E4.test.csv@1.out,70,0.5460538205884422,0.06426030453180313,0.10810810810810811,0.13432835820895522,0.11980033277870217,0.13432835820895522,0.07333333333333333,0.20976933514246948,0.1086749528708822
Daphnet,S09R01E2.test.csv@8.out,70,0.5244011401139348,0.48220361104928755,0.4014423076923077,0.02293011121790471,0.043382257436030656,0.02293011121790471,0.36795774647887325,0.2016993888123985,0.2605667443650235
Daphnet,S03R03E4.test.csv@1.out,70,0.5460538205884422,0.06426030453180313,0.10810810810810811,0.13432835820895522,0.11980033277870217,0.13432835820895522,0.07333333333333333,0.20976933514246948,0.1086749528708822
Daphnet,S09R01E0.test.csv@6.out,70,0.6078044806707623,0.049444001217405886,0.03089887640449438,0.034055727554179564,0.03240058910162003,0.034055727554179564,0.034334763948497854,0.1631709956709957,0.05673189106381938
Daphnet,S02R01E0.test.csv@3.out,70,0.5893110331453619,0.20831331539748563,0.2900232018561485,0.035340684195646024,0.06300403225806452,0.035340684195646024,0.3237410071942446,0.2084807760221729,0.2536302666988396
Daphnet,S03R02E0.test.csv@7.out,70,0.6673259322777824,0.2762832763357458,0.2413793103448276,0.042497831743278404,0.07227138643067847,0.042497831743278404,0.30357142857142855,0.17173708409414665,0.21937108453949877
Daphnet,S03R01E0.test.csv@4.out,70,0.5690582844060053,0.31648076039423245,0.5301587301587302,0.0420231504781077,0.07787363021683376,0.0420231504781077,0.4853801169590643,0.2034663622672746,0.28673595552217473
Daphnet,S09R01E0.test.csv@2.out,70,0.5973570243129335,0.05277742588566471,0.08904109589041095,0.04024767801857585,0.05543710021321962,0.04024767801857585,0.08181818181818182,0.215579702555509,0.11861778598151021
Daphnet,S03R03E4.test.csv@6.out,70,0.4593936527179789,0.026497134315279218,0.048701298701298704,0.055970149253731345,0.052083333333333336,0.055970149253731345,0.06666666666666667,0.2040705563093623,0.1005011693952556
Daphnet,S01R02E0.test.csv@6.out,70,0.5504882651586416,0.08219768153647151,0.13513513513513514,0.06464124111182935,0.08745080891998251,0.06464124111182935,0.122568093385214,0.2053162601396458,0.15350060029254187
Daphnet,S09R01E0.test.csv@4.out,70,0.5477630185641711,0.04060484205305929,0.024509803921568627,0.015479876160990712,0.018975332068311195,0.015479876160990712,0.032679738562091505,0.1036904761904762,0.049696741468535865
Daphnet,S03R01E0.test.csv@3.out,70,0.5130373892983663,0.2974687528057013,0.2980030721966206,0.04881731253145445,0.08389189189189189,0.04881731253145445,0.2995049504950495,0.20293058395877137,0.24193636928396636
Daphnet,S09R01E0.test.csv@9.out,70,0.5397926427454162,0.03749757105824007,0.04573170731707317,0.04643962848297214,0.04608294930875576,0.04643962848297214,0.045454545454545456,0.21399725946096915,0.07498231249911122
Daphnet,S03R03E4.test.csv@2.out,70,0.640619901990263,0.0757354841178657,0.0,0.0,0.0,0.0,0.0,0.0,0.0
Genesis,genesis-anomalies.test.csv@5.out,70,0.6985504094165814,0.005205990111655644,0.0,0.0,0.0,0.0,0.0,0.0,0.0
Genesis,genesis-anomalies.test.csv@3.out,70,0.40521174513817804,0.004841568951351231,0.020527859237536656,0.14,0.03580562659846547,0.0,0.01775147928994083,0.1972027972027972,0.03257103257103257
Genesis,genesis-anomalies.test.csv@17.out,70,0.3164022517911975,0.0015941844152531565,0.0,0.0,0.0,0.0,0.0,0.0,0.0
Genesis,genesis-anomalies.test.csv@6.out,70,0.4351970317297851,0.0015941844152531565,0.0,0.0,0.0,0.0,0.0,0.0,0.0
Genesis,genesis-anomalies.test.csv@13.out,70,0.7762640736949846,0.00748026700062245,0.0,0.0,0.0,0.0,0.0,0.0,0.0
Genesis,genesis-anomalies.test.csv@1.out,70,0.6761047850562947,0.004615076857512373,0.0,0.0,0.0,0.0,0.0,0.0,0.0
GHL,14_Lev_fault_Temp_corr_seed_47_vars_23.test.csv@2.out,70,0.47772642015005357,0.0024,0.0,0.0,0.0,0.0,0.0,0.0,0.0
GHL,26_Lev_corr_Temp_fault_seed_113_vars_23.test.csv@7.out,70,0.496410010940919,0.012533333333333334,0.0,0.0,0.0,0.0,0.0,0.0,0.0
GHL,06_Lev_fault_Temp_corr_seed_29_vars_23.test.csv@8.out,70,0.4929662379421222,0.0024,0.0,0.0,0.0,0.0,0.0,0.0,0.0
GHL,39_Lev_corr_Temp_fault_seed_170_vars_23.test.csv@3.out,70,0.4689535960119038,0.023257809105800893,0.01580135440180587,0.016222479721900347,0.016009148084619784,0.016222479721900347,0.015625,0.20648899188876016,0.029051663704983778
GHL,36_Lev_corr_Temp_fault_seed_159_vars_23.test.csv@13.out,70,0.4878838104899806,0.06253506818498555,0.05321507760532151,0.023540951446787643,0.032641958517511054,0.023540951446787643,0.05172413793103448,0.21175975526835708,0.08314049604128058
GHL,11_Lev_fault_Temp_corr_seed_41_vars_23.test.csv@13.out,70,0.42443729903536975,0.0024,0.0,0.0,0.0,0.0,0.0,0.0,0.0
GHL,09_Lev_fault_Temp_corr_seed_37_vars_23.test.csv@13.out,70,0.6811635666011671,0.0217570633291891,0.017877094972067038,0.1111111111111111,0.030798845043310877,0.1111111111111111,0.01818181818181818,0.24444444444444446,0.033846153846153845
GHL,09_Lev_fault_Temp_corr_seed_37_vars_23.test.csv@10.out,70,0.4929662379421222,0.0024,0.0,0.0,0.0,0.0,0.0,0.0,0.0
GHL,07_Lev_fault_Temp_corr_seed_31_vars_23.test.csv@13.out,70,0.423800911039657,0.0024,0.0,0.0,0.0,0.0,0.0,0.0,0.0
GHL,10_Lev_fault_Temp_corr_seed_39_vars_23.test.csv@8.out,70,0.4906213364595545,0.002416666666666667,0.0,0.0,0.0,0.0,0.0,0.0,0.0
GHL,02_Lev_fault_Temp_corr_seed_17_vars_23.test.csv@8.out,70,0.49296600234466587,0.002416666666666667,0.0,0.0,0.0,0.0,0.0,0.0,0.0
GHL,41_Lev_corr_Temp_fault_seed_181_vars_23.test.csv@3.out,70,0.47997186200452596,0.0970854568968859,0.07637231503579953,0.01854534917415242,0.029843786430403356,0.01854534917415242,0.07692307692307693,0.20741814153938806,0.11222602015389627
GHL,03_Lev_fault_Temp_corr_seed_19_vars_23.test.csv@4.out,70,0.42145369284876905,0.002416666666666667,0.0,0.0,0.0,0.0,0.0,0.0,0.0
GHL,13_Lev_fault_Temp_corr_seed_666_vars_23.test.csv@4.out,70,0.4240998157762519,0.002416666666666667,0.0,0.0,0.0,0.0,0.0,0.0,0.0
GHL,15_Lev_fault_Temp_corr_seed_49_vars_23.test.csv@8.out,70,0.4917939442658092,0.0024,0.0,0.0,0.0,0.0,0.0,0.0,0.0
GHL,28_Lev_corr_Temp_fault_seed_119_vars_23.test.csv@13.out,70,0.48271628524709115,0.02534516631001944,0.020179372197309416,0.02085747392815759,0.020512820512820513,0.02085747392815759,0.019417475728155338,0.20834298957126304,0.03552411905914429
GHL,06_Lev_fault_Temp_corr_seed_29_vars_23.test.csv@13.out,70,0.4365454180064309,0.0024,0.0,0.0,0.0,0.0,0.0,0.0,0.0
GHL,03_Lev_fault_Temp_corr_seed_19_vars_23.test.csv@1.out,70,0.49648300117233296,0.002416666666666667,0.0,0.0,0.0,0.0,0.0,0.0,0.0
GHL,08_Lev_fault_Temp_corr_seed_33_vars_23.test.csv@2.out,70,0.4742095391211147,0.0024,0.0,0.0,0.0,0.0,0.0,0.0,0.0
GHL,08_Lev_fault_Temp_corr_seed_33_vars_23.test.csv@10.out,70,0.49062165058949625,0.0024,0.0,0.0,0.0,0.0,0.0,0.0,0.0
GHL,16_Lev_fault_Temp_corr_seed_53_vars_23.test.csv@2.out,70,0.47707328510182206,0.0024,0.0,0.0,0.0,0.0,0.0,0.0,0.0
GHL,16_Lev_fault_Temp_corr_seed_53_vars_23.test.csv@4.out,70,0.4267483922829582,0.0024,0.0,0.0,0.0,0.0,0.0,0.0,0.0
GHL,14_Lev_fault_Temp_corr_seed_47_vars_23.test.csv@8.out,70,0.4929662379421222,0.0024,0.0,0.0,0.0,0.0,0.0,0.0,0.0
GHL,09_Lev_fault_Temp_corr_seed_37_vars_23.test.csv@2.out,70,0.47889871382636656,0.0024,0.0,0.0,0.0,0.0,0.0,0.0,0.0
GHL,15_Lev_fault_Temp_corr_seed_49_vars_23.test.csv@1.out,70,0.49648311897106107,0.0024,0.0,0.0,0.0,0.0,0.0,0.0,0.0
GHL,16_Lev_fault_Temp_corr_seed_53_vars_23.test.csv@8.out,70,0.4917939442658092,0.0024,0.0,0.0,0.0,0.0,0.0,0.0,0.0
GHL,30_Lev_corr_Temp_fault_seed_130_vars_23.test.csv@13.out,70,0.4992216163567268,0.039809991782007795,0.037122969837587005,0.027753686036426712,0.03176178660049628,0.027753686036426712,0.036036036036036036,0.21474247812362648,0.06171555570509405
GHL,22_Lev_fault_Temp_corr_seed_777_vars_23.test.csv@4.out,70,0.4191090269636577,0.002416666666666667,0.0,0.0,0.0,0.0,0.0,0.0,0.0
GHL,20_Lev_fault_Temp_corr_seed_67_vars_23.test.csv@2.out,70,0.47772642015005357,0.0024,0.0,0.0,0.0,0.0,0.0,0.0,0.0
GHL,07_Lev_fault_Temp_corr_seed_31_vars_23.test.csv@10.out,70,0.4929662379421222,0.0024,0.0,0.0,0.0,0.0,0.0,0.0,0.0
GHL,48_Lev_corr_Temp_fault_seed_199_vars_23.test.csv@3.out,70,0.48335681213479464,0.07667779229646236,0.06938325991189427,0.023917995444191344,0.03557312252964427,0.023917995444191344,0.06930693069306931,0.2462572421784473,0.10817028727324551
GHL,47_Lev_corr_Temp_fault_seed_197_vars_23.test.csv@7.out,70,0.49639645823323497,0.014366666666666666,0.0,0.0,0.0,0.0,0.0,0.0,0.0
GHL,48_Lev_corr_Temp_fault_seed_199_vars_23.test.csv@16.out,70,0.47058393627128553,0.0439,0.0,0.0,0.0,0.0,0.0,0.0,0.0
GHL,05_Lev_fault_Temp_corr_seed_27_vars_23.test.csv@2.out,70,0.47772642015005357,0.0024,0.0,0.0,0.0,0.0,0.0,0.0,0.0
GHL,02_Lev_fault_Temp_corr_seed_17_vars_23.test.csv@1.out,70,0.4976553341148886,0.002416666666666667,0.0,0.0,0.0,0.0,0.0,0.0,0.0
GHL,02_Lev_fault_Temp_corr_seed_17_vars_23.test.csv@13.out,70,0.6024601666676291,0.013041211889520139,0.00936768149882904,0.05517241379310345,0.016016016016016016,0.05517241379310345,0.009523809523809525,0.24413793103448278,0.01833247022268255
GHL,15_Lev_fault_Temp_corr_seed_49_vars_23.test.csv@10.out,70,0.4917939442658092,0.0024,0.0,0.0,0.0,0.0,0.0,0.0,0.0
GHL,03_Lev_fault_Temp_corr_seed_19_vars_23.test.csv@8.out,70,0.49296600234466587,0.002416666666666667,0.0,0.0,0.0,0.0,0.0,0.0,0.0
GHL,11_Lev_fault_Temp_corr_seed_41_vars_23.test.csv@4.out,70,0.4366961414790997,0.0024,0.0,0.0,0.0,0.0,0.0,0.0,0.0
GHL,05_Lev_fault_Temp_corr_seed_27_vars_23.test.csv@10.out,70,0.4917939442658092,0.0024,0.0,0.0,0.0,0.0,0.0,0.0,0.0
GHL,10_Lev_fault_Temp_corr_seed_39_vars_23.test.csv@16.out,70,0.46248534583821804,0.002416666666666667,0.0,0.0,0.0,0.0,0.0,0.0,0.0
GHL,09_Lev_fault_Temp_corr_seed_37_vars_23.test.csv@8.out,70,0.4929662379421222,0.0024,0.0,0.0,0.0,0.0,0.0,0.0,0.0
GHL,22_Lev_fault_Temp_corr_seed_777_vars_23.test.csv@16.out,70,0.458968347010551,0.002416666666666667,0.0,0.0,0.0,0.0,0.0,0.0,0.0
GHL,20_Lev_fault_Temp_corr_seed_67_vars_23.test.csv@10.out,70,0.4917939442658092,0.0024,0.0,0.0,0.0,0.0,0.0,0.0,0.0
GHL,13_Lev_fault_Temp_corr_seed_666_vars_23.test.csv@13.out,70,0.4321386702394909,0.002416666666666667,0.0,0.0,0.0,0.0,0.0,0.0,0.0
GHL,14_Lev_fault_Temp_corr_seed_47_vars_23.test.csv@13.out,70,0.4367798767416935,0.0024,0.0,0.0,0.0,0.0,0.0,0.0,0.0
GHL,16_Lev_fault_Temp_corr_seed_53_vars_23.test.csv@10.out,70,0.4917939442658092,0.0024,0.0,0.0,0.0,0.0,0.0,0.0,0.0
GHL,01_Lev_fault_Temp_corr_seed_11_vars_23.test.csv@10.out,70,0.4929662379421222,0.0024,0.0,0.0,0.0,0.0,0.0,0.0,0.0
GHL,03_Lev_fault_Temp_corr_seed_19_vars_23.test.csv@2.out,70,0.48007033997655335,0.002416666666666667,0.0,0.0,0.0,0.0,0.0,0.0,0.0
GHL,01_Lev_fault_Temp_corr_seed_11_vars_23.test.csv@13.out,70,0.4320739549839228,0.0024,0.0,0.0,0.0,0.0,0.0,0.0,0.0
GHL,02_Lev_fault_Temp_corr_seed_17_vars_23.test.csv@2.out,70,0.480405292245855,0.002416666666666667,0.0,0.0,0.0,0.0,0.0,0.0,0.0
GHL,08_Lev_fault_Temp_corr_seed_33_vars_23.test.csv@4.out,70,0.4366961414790997,0.0024,0.0,0.0,0.0,0.0,0.0,0.0,0.0
GHL,11_Lev_fault_Temp_corr_seed_41_vars_23.test.csv@8.out,70,0.49062165058949625,0.0024,0.0,0.0,0.0,0.0,0.0,0.0,0.0
GHL,34_Lev_corr_Temp_fault_seed_151_vars_23.test.csv@13.out,70,0.4956022307786922,0.04013555759841557,0.03619909502262444,0.02660016625103907,0.030666027791087687,0.02660016625103907,0.035398230088495575,0.21311976007088815,0.060712403947545096
GHL,31_Lev_corr_Temp_fault_seed_132_vars_23.test.csv@13.out,70,0.47066955734918553,0.02683474238439989,0.018867924528301886,0.015625,0.017094017094017096,0.015625,0.018518518518518517,0.1037079953650058,0.031425561797752806
GHL,13_Lev_fault_Temp_corr_seed_666_vars_23.test.csv@2.out,70,0.47655334114888626,0.002416666666666667,0.0,0.0,0.0,0.0,0.0,0.0,0.0
GHL,07_Lev_fault_Temp_corr_seed_31_vars_23.test.csv@2.out,70,0.4758842443729904,0.0024,0.0,0.0,0.0,0.0,0.0,0.0,0.0
GHL,11_Lev_fault_Temp_corr_seed_41_vars_23.test.csv@10.out,70,0.49062165058949625,0.0024,0.0,0.0,0.0,0.0,0.0,0.0,0.0
GHL,10_Lev_fault_Temp_corr_seed_39_vars_23.test.csv@13.out,70,0.42955953776586836,0.002416666666666667,0.0,0.0,0.0,0.0,0.0,0.0,0.0
GHL,22_Lev_fault_Temp_corr_seed_777_vars_23.test.csv@2.out,70,0.48007033997655335,0.002416666666666667,0.0,0.0,0.0,0.0,0.0,0.0,0.0
GHL,45_Lev_corr_Temp_fault_seed_193_vars_23.test.csv@3.out,70,0.4834723642718802,0.06713553676858854,0.05647058823529412,0.02096069868995633,0.030573248407643312,0.02096069868995633,0.05660377358490566,0.20872649973017324,0.0890566114773241
GHL,03_Lev_fault_Temp_corr_seed_19_vars_23.test.csv@13.out,70,0.669563464792474,0.017234074698685722,0.015098722415795587,0.0896551724137931,0.02584493041749503,0.0896551724137931,0.015046296296296295,0.23586206896551726,0.028288021174659127
GHL,12_Lev_fault_Temp_corr_seed_43_vars_23.test.csv@8.out,70,0.4929662379421222,0.0024,0.0,0.0,0.0,0.0,0.0,0.0,0.0
GHL,08_Lev_fault_Temp_corr_seed_33_vars_23.test.csv@8.out,70,0.49062165058949625,0.0024,0.0,0.0,0.0,0.0,0.0,0.0,0.0
GHL,12_Lev_fault_Temp_corr_seed_43_vars_23.test.csv@10.out,70,0.4929662379421222,0.0024,0.0,0.0,0.0,0.0,0.0,0.0,0.0
GHL,35_Lev_corr_Temp_fault_seed_153_vars_23.test.csv@13.out,70,0.5015874401154401,0.04044182278608399,0.04312354312354312,0.03288888888888889,0.03731719616742309,0.03288888888888889,0.04243119266055046,0.21439501826576915,0.07084196190634853
GHL,20_Lev_fault_Temp_corr_seed_67_vars_23.test.csv@4.out,70,0.4508976420150054,0.0024,0.0,0.0,0.0,0.0,0.0,0.0,0.0
GHL,19_Lev_fault_Temp_corr_seed_62_vars_23.test.csv@7.out,70,0.49765541264737406,0.0024,0.0,0.0,0.0,0.0,0.0,0.0,0.0
GHL,04_Lev_fault_Temp_corr_seed_23_vars_23.test.csv@4.out,70,0.4261430246189918,0.002416666666666667,0.0,0.0,0.0,0.0,0.0,0.0,0.0
GHL,10_Lev_fault_Temp_corr_seed_39_vars_23.test.csv@1.out,70,0.49648300117233296,0.002416666666666667,0.0,0.0,0.0,0.0,0.0,0.0,0.0
GHL,34_Lev_corr_Temp_fault_seed_151_vars_23.test.csv@1.out,70,0.4975691912351981,0.02005,0.0,0.0,0.0,0.0,0.0,0.0,0.0
GHL,26_Lev_corr_Temp_fault_seed_113_vars_23.test.csv@13.out,70,0.4946370219167559,0.02496748538122092,0.022222222222222223,0.026595744680851064,0.024213075060532687,0.026595744680851064,0.022222222222222223,0.21063829787234045,0.04020304568527919
GHL,35_Lev_corr_Temp_fault_seed_153_vars_23.test.csv@4.out,70,0.42398019047619045,0.01988076476899374,0.007829977628635347,0.006222222222222222,0.006934125804853888,0.006222222222222222,0.007575757575757576,0.11068702290076336,0.014180929095354521
GHL,15_Lev_fault_Temp_corr_seed_49_vars_23.test.csv@4.out,70,0.4347534833869239,0.0024,0.0,0.0,0.0,0.0,0.0,0.0,0.0
GHL,02_Lev_fault_Temp_corr_seed_17_vars_23.test.csv@10.out,70,0.49296600234466587,0.002416666666666667,0.0,0.0,0.0,0.0,0.0,0.0,0.0
GHL,05_Lev_fault_Temp_corr_seed_27_vars_23.test.csv@13.out,70,0.4264636923901393,0.0024,0.0,0.0,0.0,0.0,0.0,0.0,0.0
GHL,47_Lev_corr_Temp_fault_seed_197_vars_23.test.csv@3.out,70,0.4688118655779785,0.023238550481808482,0.01652892561983471,0.016241299303944315,0.016383850204798128,0.016241299303944315,0.016260162601626018,0.20649651972157773,0.030146498433398256
GHL,06_Lev_fault_Temp_corr_seed_29_vars_23.test.csv@10.out,70,0.4929662379421222,0.0024,0.0,0.0,0.0,0.0,0.0,0.0,0.0
GHL,04_Lev_fault_Temp_corr_seed_23_vars_23.test.csv@13.out,70,0.5158639169780375,0.00927981935918712,0.008898776418242492,0.05517241379310345,0.01532567049808429,0.05517241379310345,0.00909090909090909,0.24413793103448278,0.017529091359247337
GHL,09_Lev_fault_Temp_corr_seed_37_vars_23.test.csv@4.out,70,0.42731779206859594,0.0024,0.0,0.0,0.0,0.0,0.0,0.0,0.0
GHL,16_Lev_fault_Temp_corr_seed_53_vars_23.test.csv@1.out,70,0.4953108252947481,0.0024,0.0,0.0,0.0,0.0,0.0,0.0,0.0
GHL,15_Lev_fault_Temp_corr_seed_49_vars_23.test.csv@13.out,70,0.42448754019292606,0.0024,0.0,0.0,0.0,0.0,0.0,0.0,0.0
GHL,04_Lev_fault_Temp_corr_seed_23_vars_23.test.csv@8.out,70,0.49296600234466587,0.002416666666666667,0.0,0.0,0.0,0.0,0.0,0.0,0.0
GHL,07_Lev_fault_Temp_corr_seed_31_vars_23.test.csv@8.out,70,0.4929662379421222,0.0024,0.0,0.0,0.0,0.0,0.0,0.0,0.0
GHL,16_Lev_fault_Temp_corr_seed_53_vars_23.test.csv@13.out,70,0.42892550911039656,0.0024,0.0,0.0,0.0,0.0,0.0,0.0,0.0
GHL,14_Lev_fault_Temp_corr_seed_47_vars_23.test.csv@10.out,70,0.4929662379421222,0.0024,0.0,0.0,0.0,0.0,0.0,0.0,0.0
GHL,47_Lev_corr_Temp_fault_seed_197_vars_23.test.csv@1.out,70,0.49639645823323497,0.014366666666666666,0.0,0.0,0.0,0.0,0.0,0.0,0.0
GHL,40_Lev_corr_Temp_fault_seed_180_vars_23.test.csv@3.out,70,0.48677957409167083,0.051305142663041356,0.0430622009569378,0.02085747392815759,0.02810304449648712,0.02085747392815759,0.0425531914893617,0.20834298957126304,0.07067193365171079
GHL,01_Lev_fault_Temp_corr_seed_11_vars_23.test.csv@8.out,70,0.4929662379421222,0.0024,0.0,0.0,0.0,0.0,0.0,0.0,0.0
GHL,04_Lev_fault_Temp_corr_seed_23_vars_23.test.csv@2.out,70,0.47772567409144195,0.002416666666666667,0.0,0.0,0.0,0.0,0.0,0.0,0.0
GHL,13_Lev_fault_Temp_corr_seed_666_vars_23.test.csv@8.out,70,0.4917936694021102,0.002416666666666667,0.0,0.0,0.0,0.0,0.0,0.0,0.0
GHL,22_Lev_fault_Temp_corr_seed_777_vars_23.test.csv@10.out,70,0.49296600234466587,0.002416666666666667,0.0,0.0,0.0,0.0,0.0,0.0,0.0
GHL,12_Lev_fault_Temp_corr_seed_43_vars_23.test.csv@4.out,70,0.4253081457663451,0.0024,0.0,0.0,0.0,0.0,0.0,0.0,0.0
GHL,22_Lev_fault_Temp_corr_seed_777_vars_23.test.csv@13.out,70,0.4351699882766706,0.002416666666666667,0.0,0.0,0.0,0.0,0.0,0.0,0.0
GHL,11_Lev_fault_Temp_corr_seed_41_vars_23.test.csv@1.out,70,0.4953108252947481,0.0024,0.0,0.0,0.0,0.0,0.0,0.0,0.0
GHL,12_Lev_fault_Temp_corr_seed_43_vars_23.test.csv@13.out,70,0.42584405144694537,0.0024,0.0,0.0,0.0,0.0,0.0,0.0,0.0
GHL,35_Lev_corr_Temp_fault_seed_153_vars_23.test.csv@12.out,70,0.49636363636363634,0.01875,0.0,0.0,0.0,0.0,0.0,0.0,0.0
GHL,35_Lev_corr_Temp_fault_seed_153_vars_23.test.csv@1.out,70,0.4951515151515152,0.01875,0.0,0.0,0.0,0.0,0.0,0.0,0.0
GHL,07_Lev_fault_Temp_corr_seed_31_vars_23.test.csv@4.out,70,0.41119038049303325,0.0024,0.0,0.0,0.0,0.0,0.0,0.0,0.0
GHL,19_Lev_fault_Temp_corr_seed_62_vars_23.test.csv@10.out,70,0.4929662379421222,0.0024,0.0,0.0,0.0,0.0,0.0,0.0,0.0
GHL,13_Lev_fault_Temp_corr_seed_666_vars_23.test.csv@10.out,70,0.4917936694021102,0.002416666666666667,0.0,0.0,0.0,0.0,0.0,0.0,0.0
GHL,20_Lev_fault_Temp_corr_seed_67_vars_23.test.csv@13.out,70,0.43296154876741694,0.0024,0.0,0.0,0.0,0.0,0.0,0.0,0.0
GHL,05_Lev_fault_Temp_corr_seed_27_vars_23.test.csv@8.out,70,0.4917939442658092,0.0024,0.0,0.0,0.0,0.0,0.0,0.0,0.0
GHL,04_Lev_fault_Temp_corr_seed_23_vars_23.test.csv@10.out,70,0.49296600234466587,0.002416666666666667,0.0,0.0,0.0,0.0,0.0,0.0,0.0
GHL,01_Lev_fault_Temp_corr_seed_11_vars_23.test.csv@4.out,70,0.4140541264737406,0.0024,0.0,0.0,0.0,0.0,0.0,0.0,0.0
GHL,22_Lev_fault_Temp_corr_seed_777_vars_23.test.csv@8.out,70,0.49296600234466587,0.002416666666666667,0.0,0.0,0.0,0.0,0.0,0.0,0.0
GHL,02_Lev_fault_Temp_corr_seed_17_vars_23.test.csv@4.out,70,0.42170490705074526,0.002416666666666667,0.0,0.0,0.0,0.0,0.0,0.0,0.0
GHL,19_Lev_fault_Temp_corr_seed_62_vars_23.test.csv@4.out,70,0.40269962486602356,0.0024,0.0,0.0,0.0,0.0,0.0,0.0,0.0
GHL,10_Lev_fault_Temp_corr_seed_39_vars_23.test.csv@10.out,70,0.4906213364595545,0.002416666666666667,0.0,0.0,0.0,0.0,0.0,0.0,0.0
GHL,20_Lev_fault_Temp_corr_seed_67_vars_23.test.csv@8.out,70,0.4917939442658092,0.0024,0.0,0.0,0.0,0.0,0.0,0.0,0.0
GHL,10_Lev_fault_Temp_corr_seed_39_vars_23.test.csv@4.out,70,0.4273153575615475,0.002416666666666667,0.0,0.0,0.0,0.0,0.0,0.0,0.0
GHL,06_Lev_fault_Temp_corr_seed_29_vars_23.test.csv@4.out,70,0.4191117363344051,0.0024,0.0,0.0,0.0,0.0,0.0,0.0,0.0
GHL,06_Lev_fault_Temp_corr_seed_29_vars_23.test.csv@2.out,70,0.477424973204716,0.0024,0.0,0.0,0.0,0.0,0.0,0.0,0.0
GHL,37_Lev_corr_Temp_fault_seed_163_vars_23.test.csv@13.out,70,0.4710590616335735,0.028496895701213158,0.021965317919075144,0.017823639774859287,0.01967892283790782,0.017823639774859287,0.022935779816513763,0.2096193254142669,0.04134747064113407
GHL,19_Lev_fault_Temp_corr_seed_62_vars_23.test.csv@8.out,70,0.4929662379421222,0.0024,0.0,0.0,0.0,0.0,0.0,0.0,0.0
GHL,03_Lev_fault_Temp_corr_seed_19_vars_23.test.csv@10.out,70,0.49296600234466587,0.002416666666666667,0.0,0.0,0.0,0.0,0.0,0.0,0.0
GHL,08_Lev_fault_Temp_corr_seed_33_vars_23.test.csv@13.out,70,0.42691586280814575,0.0024,0.0,0.0,0.0,0.0,0.0,0.0,0.0
GHL,19_Lev_fault_Temp_corr_seed_62_vars_23.test.csv@13.out,70,0.42510718113612006,0.0024,0.0,0.0,0.0,0.0,0.0,0.0,0.0
GHL,14_Lev_fault_Temp_corr_seed_47_vars_23.test.csv@4.out,70,0.4202840300107181,0.0024,0.0,0.0,0.0,0.0,0.0,0.0,0.0
GHL,20_Lev_fault_Temp_corr_seed_67_vars_23.test.csv@1.out,70,0.4953108252947481,0.0024,0.0,0.0,0.0,0.0,0.0,0.0,0.0
GHL,31_Lev_corr_Temp_fault_seed_132_vars_23.test.csv@7.out,70,0.4963763114301491,0.017066666666666667,0.0,0.0,0.0,0.0,0.0,0.0,0.0
GHL,37_Lev_corr_Temp_fault_seed_163_vars_23.test.csv@7.out,70,0.49637105135826365,0.017766666666666667,0.0,0.0,0.0,0.0,0.0,0.0,0.0
GHL,05_Lev_fault_Temp_corr_seed_27_vars_23.test.csv@4.out,70,0.42483922829581994,0.0024,0.0,0.0,0.0,0.0,0.0,0.0,0.0
GHL,38_Lev_corr_Temp_fault_seed_166_vars_23.test.csv@13.out,70,0.48074567300654353,0.024983839751647176,0.01935483870967742,0.02085747392815759,0.020078081427774678,0.02085747392815759,0.018691588785046728,0.20834298957126304,0.034305448231781194
GHL,12_Lev_fault_Temp_corr_seed_43_vars_23.test.csv@2.out,70,0.4765541264737406,0.0024,0.0,0.0,0.0,0.0,0.0,0.0,0.0
MITDB,118.test.csv@1.out,70,0.5461306062039092,0.015168344506353506,0.005870841487279843,0.008875739644970414,0.007067137809187279,0.008875739644970414,0.006060606060606061,0.20236686390532546,0.011768754301445285
MITDB,210.test.csv@1.out,70,0.5467453946433788,0.1406967463995665,0.10689655172413794,0.01762364980102331,0.030258662762323085,0.01762364980102331,0.10380622837370242,0.20286769465679888,0.13733759970909368
MITDB,219.test.csv@2.out,70,0.5718764066856579,0.05548695972138891,0.036544850498338874,0.018612521150592216,0.02466367713004484,0.018612521150592216,0.03735144312393888,0.2027109430069993,0.0630798217109795
MITDB,223.test.csv@2.out,70,0.5560067133210993,0.048746679085890504,0.0391304347826087,0.01997780244173141,0.02645113886847906,0.01997780244173141,0.03938730853391685,0.20267001457020684,0.06595649569351258
MITDB,233.test.csv@2.out,70,0.5237424809544081,0.40346665451611796,0.3814814814814815,0.017963027554935472,0.03431045969353764,0.017963027554935472,0.3814814814814815,0.20298541138020032,0.264977114694407
MITDB,215.test.csv@2.out,70,0.6347863273154666,0.16811825589421614,0.12790697674418605,0.04417670682730924,0.06567164179104477,0.04417670682730924,0.14066193853427894,0.2065826360401503,0.16736511485336691
MITDB,109.test.csv@2.out,70,0.48097125571511407,0.03784158412783469,0.02824858757062147,0.0186799501867995,0.022488755622188907,0.0186799501867995,0.027624309392265192,0.20522696299088802,0.04869419920511819
MITDB,201.test.csv@2.out,70,0.5345696549477618,0.015801462027369824,0.00927357032457496,0.02247191011235955,0.01312910284463895,0.02247191011235955,0.0093603744149766,0.20299625468164795,0.01789556517958849
MITDB,100.test.csv@1.out,70,0.49455930359085964,0.02294621956087965,0.015313935681470138,0.027855153203342618,0.019762845849802372,0.027855153203342618,0.02027027027027027,0.20371402042711237,0.03687167737562392
MITDB,213.test.csv@1.out,70,0.5506691218040128,0.017903624678060094,0.012364760432766615,0.01873536299765808,0.0148975791433892,0.01873536299765808,0.01238390092879257,0.20375996125566856,0.02334873771517365
MITDB,122.test.csv@1.out,70,0.5860910419749851,0.02636291247182973,0.016863406408094434,0.021505376344086023,0.01890359168241966,0.021505376344086023,0.016863406408094434,0.20172043010752688,0.031124841140536288
MITDB,234.test.csv@2.out,70,0.5276587179676003,0.3411795753423162,0.39971550497866287,0.030043836202288034,0.05588703261734288,0.030043836202288034,0.37183544303797467,0.2001022768891993,0.26018608735747334
MITDB,215.test.csv@1.out,70,0.5569954715449181,0.12204260502507806,0.15947467166979362,0.0426706827309237,0.06732673267326733,0.0426706827309237,0.146875,0.20574985915258812,0.1713975051881397
MITDB,109.test.csv@1.out,70,0.47230810106531834,0.04189983767280474,0.034482758620689655,0.0224159402241594,0.027169811320754716,0.0224159402241594,0.0345489443378119,0.20299794900793922,0.05904825562805631
MITDB,212.test.csv@1.out,70,0.5325889576883824,0.012744452696787452,0.006693440428380187,0.02109704641350211,0.01016260162601626,0.0,0.005633802816901409,0.20421940928270044,0.010965111010421387
MITDB,105.test.csv@1.out,70,0.48853342966289376,0.056011747744480284,0.06188118811881188,0.0228310502283105,0.0333555703802535,0.0228310502283105,0.06188118811881188,0.20219191172627982,0.09476069870786336
MITDB,223.test.csv@1.out,70,0.49757682667015435,0.041250938323228764,0.029239766081871343,0.016648168701442843,0.021216407355021217,0.016648168701442843,0.028629856850715747,0.202821702093908,0.05017686053742592
MITDB,201.test.csv@1.out,70,0.5925382596746499,0.02248754563693056,0.013071895424836602,0.03745318352059925,0.01937984496124031,0.0,0.012145748987854251,0.20332917186849772,0.02292225075297201
MITDB,117.test.csv@1.out,70,0.6690172343493611,0.03653306585961538,0.020293122886133032,0.042352941176470586,0.027439024390243903,0.042352941176470586,0.019212295869356386,0.2048403361344538,0.03512972026792897
MITDB,212.test.csv@2.out,70,0.5490123026763755,0.009156790329226346,0.009345794392523364,0.02109704641350211,0.012953367875647668,0.0,0.009380863039399626,0.20337552742616036,0.017934483323163018
MITDB,100.test.csv@2.out,70,0.6560530147116026,0.04010625322152892,0.012704174228675136,0.019498607242339833,0.015384615384615385,0.019498607242339833,0.016129032258064516,0.20311977715877438,0.029885000942615224
MITDB,234.test.csv@1.out,70,0.4738258267737298,0.3054498128009883,0.351985559566787,0.02084892547845611,0.03936610477440194,0.02084892547845611,0.3508137432188065,0.20008597495042663,0.2548300807675515
MITDB,117.test.csv@2.out,70,0.482132444930635,0.016243969999416897,0.012129380053908356,0.021176470588235293,0.015424164524421594,0.021176470588235293,0.011320754716981131,0.20564705882352943,0.021460140775904402
MITDB,111.test.csv@2.out,70,0.6222728516569218,0.023895407031703682,0.01532033426183844,0.02972972972972973,0.02022058823529412,0.02972972972972973,0.016826923076923076,0.2033976833976834,0.03108242287132268
MITDB,233.test.csv@1.out,70,0.5546575641716772,0.4141059011455348,0.43666666666666665,0.022846180676665506,0.04342061650646337,0.022846180676665506,0.43243243243243246,0.2030628899113162,0.2763544477314389
MITDB,221.test.csv@2.out,70,0.7305491660552881,0.613123811590337,0.58298755186722,0.08433373349339736,0.14735186156266386,0.08433373349339736,0.5122302158273382,0.2094468702975346,0.2973213855325399
MITDB,213.test.csv@2.out,70,0.5213713201745596,0.022796550015862716,0.018121911037891267,0.02576112412177986,0.02127659574468085,0.02576112412177986,0.018121911037891267,0.20375996125566856,0.033283655422503604
MITDB,119.test.csv@1.out,70,0.6582570521544655,0.6361422662174308,0.5505882352941176,0.03844258255298177,0.07186732186732187,0.03844258255298177,0.5669642857142857,0.20314997820966868,0.2991212802672901
MITDB,105.test.csv@2.out,70,0.43128014430545913,0.04862799668911967,0.059880239520958084,0.0182648401826484,0.02799160251924423,0.0182648401826484,0.057926829268292686,0.20229685728577085,0.09006417262534958
MITDB,219.test.csv@1.out,70,0.6770881835762649,0.07516310650873395,0.0700218818380744,0.02707275803722504,0.039048200122025624,0.02707275803722504,0.07158836689038031,0.2027109430069993,0.10580956522354466
MITDB,221.test.csv@1.out,70,0.5381240200930903,0.24062554145803144,0.2578616352201258,0.02460984393757503,0.044931506849315066,0.02460984393757503,0.26366559485530544,0.20242559598563922,0.22902241547709026
MITDB,118.test.csv@2.out,70,0.5233304561164239,0.018469563418712177,0.0121580547112462,0.023668639053254437,0.01606425702811245,0.023668639053254437,0.011312217194570135,0.2037869822485207,0.02143459957628701
Occupancy,room-occupancy.train.csv@4.out,70,0.6461184713240249,0.48266634923496554,0.5739130434782609,0.07634470792365529,0.13476263399693722,0.07634470792365529,0.5881944444444445,0.14748839709272565,0.23584036732104285
Occupancy,room-occupancy-0.test.csv@5.out,70,0.6184409782230875,0.5070722952990574,0.5625,0.046296296296296294,0.08555133079847908,0.046296296296296294,0.6333333333333333,0.14126544770067118,0.23100505466239338
Occupancy,room-occupancy.train.csv@5.out,70,0.571354223870102,0.3654875567160991,0.4767932489451477,0.0653556969346443,0.11495422177009156,0.0653556969346443,0.38571428571428573,0.0868162616978982,0.1417316723863761
Occupancy,room-occupancy-1.test.csv@4.out,70,0.5895230934028542,0.37780184328025795,0.35185185185185186,0.04636408003904344,0.08193186718413109,0.04636408003904344,0.4079065588499551,0.10339580090264483,0.16497410794716552
Occupancy,room-occupancy-0.test.csv@2.out,70,0.6257915065423105,0.5206872118811009,0.5970149253731343,0.0411522633744856,0.07699711260827719,0.0411522633744856,0.5333333333333333,0.11781960928575577,0.19300265986561468
Occupancy,room-occupancy-0.test.csv@1.out,70,0.5561829878050263,0.4356430667470142,0.4230769230769231,0.033950617283950615,0.06285714285714286,0.033950617283950615,0.55,0.09430260119915292,0.1610002212097302
Occupancy,room-occupancy-1.test.csv@3.out,70,0.5938173708189345,0.3874980126395914,0.4452296819787986,0.06149341142020498,0.10806174957118353,0.06149341142020498,0.4802009456264775,0.23838027523070401,0.3186012388354221
Occupancy,room-occupancy-0.test.csv@4.out,70,0.6806898534026578,0.5547235957433901,0.5211267605633803,0.03806584362139918,0.07094918504314478,0.03806584362139918,0.6,0.1317502126085061,0.21605768253434401
Occupancy,room-occupancy-0.test.csv@3.out,70,0.5552076572864786,0.4953941199031675,0.6164383561643836,0.046296296296296294,0.0861244019138756,0.046296296296296294,0.47619047619047616,0.1754926929429824,0.25646802918537204
Occupancy,room-occupancy.train.csv@3.out,70,0.5715570227288016,0.386790090138653,0.44298245614035087,0.05841526894158473,0.1032192130812468,0.05841526894158473,0.39499341238471664,0.30766662115189847,0.345903517392331
OPPORTUNITY,S1-ADL3.test.csv@127.out,70,0.4513815001929868,0.020812676885750916,0.0017152658662092624,0.0015432098765432098,0.0016246953696181965,0.0015432098765432098,0.003215434083601286,0.2012345679012346,0.006329728365337941
OPPORTUNITY,S1-ADL4.test.csv@89.out,70,0.4570503383807271,0.02335395041504947,0.007797270955165692,0.0057306590257879654,0.006606110652353427,0.0057306590257879654,0.01020408163265306,0.2022922636103152,0.01942816258014805
OPPORTUNITY,S3-ADL4.test.csv@16.out,70,0.47397187441166966,0.08887840303933205,0.04830053667262969,0.015780245470485097,0.02378854625550661,0.015780245470485097,0.05475504322766571,0.20066443138823095,0.0860340788926963
OPPORTUNITY,S1-ADL5.test.csv@115.out,70,0.4001297615231436,0.020317856425416593,0.00684931506849315,0.004739336492890996,0.0056022408963585435,0.004739336492890996,0.005747126436781609,0.20379146919431282,0.01117899389054985
OPPORTUNITY,S4-ADL2.test.csv@119.out,70,0.43814469513332094,0.014633701516453759,0.014598540145985401,0.027649769585253458,0.01910828025477707,0.027649769585253458,0.011764705882352941,0.2110599078341014,0.022287104622871045
OPPORTUNITY,S3-ADL3.test.csv@108.out,70,0.47846208947194535,0.040148735701456634,0.009689922480620155,0.0043782837127845885,0.006031363088057901,0.0043782837127845885,0.00847457627118644,0.20116754232340922,0.016263999735698205
OPPORTUNITY,S2-ADL1.test.csv@103.out,70,0.4081463972888507,0.024477450290740978,0.01854974704890388,0.01233183856502242,0.014814814814814815,0.01233183856502242,0.017964071856287425,0.203288490284006,0.03301104413608965
OPPORTUNITY,S4-ADL2.test.csv@31.out,70,0.5379558349537837,0.055851708372044125,0.08796296296296297,0.08755760368663594,0.08775981524249422,0.08755760368663594,0.07563025210084033,0.20778289810547876,0.11089586319139116
OPPORTUNITY,S1-ADL4.test.csv@18.out,70,0.437720097279435,0.030336869394731344,0.01910828025477707,0.012893982808022923,0.015397775876817793,0.012893982808022923,0.029411764705882353,0.20171919770773641,0.05133814628454751
OPPORTUNITY,S1-ADL5.test.csv@93.out,70,0.48910381209571063,0.019116936458081664,0.0,0.0,0.0,0.0,0.0,0.0,0.0
OPPORTUNITY,S2-ADL3.test.csv@76.out,70,0.475317911619644,0.02991905930302274,0.018823529411764704,0.0137221269296741,0.015873015873015872,0.0137221269296741,0.02390438247011952,0.20182961692395657,0.04274599634701354
OPPORTUNITY,S1-ADL2.test.csv@115.out,70,0.4137322935174128,0.023140235720067865,0.0021551724137931034,0.0013157894736842105,0.0016339869281045752,0.0013157894736842105,0.004149377593360996,0.20105263157894737,0.008130946552861795
OPPORTUNITY,S2-ADL2.test.csv@68.out,70,0.4903952189669774,0.027782179235585187,0.023297491039426525,0.02771855010660981,0.02531645569620253,0.02771855010660981,0.024752475247524754,0.20443496801705757,0.04415836586412782
OPPORTUNITY,S3-ADL1.test.csv@80.out,70,0.4625730058631814,0.061638988455045396,0.024253731343283583,0.006458022851465474,0.010200078462142017,0.006458022851465474,0.021897810218978103,0.20172213942705747,0.039506968256919614
OPPORTUNITY,S1-ADL2.test.csv@54.out,70,0.4831211953514112,0.022322739822592964,0.0,0.0,0.0,0.0,0.0,0.0,0.0
OPPORTUNITY,S2-ADL3.test.csv@78.out,70,0.49876346124007825,0.030209013631921654,0.023809523809523808,0.005145797598627788,0.00846262341325811,0.005145797598627788,0.0375,0.20137221269296743,0.06322592226909612
OPPORTUNITY,S3-ADL2.test.csv@54.out,70,0.41821448381623605,0.031139095495995334,0.018475750577367205,0.00909090909090909,0.012185833968012186,0.00909090909090909,0.012048192771084338,0.20363636363636364,0.022750355474304283
OPPORTUNITY,S3-ADL4.test.csv@56.out,70,0.31353532513578897,0.053385491576389076,0.011594202898550725,0.0023378141437755697,0.0038910505836575876,0.0023378141437755697,0.010810810810810811,0.20093512565751023,0.0205177172696755
OPPORTUNITY,S4-ADL2.test.csv@125.out,70,0.4789012013531872,0.009619159072714191,0.003316749585406302,0.009216589861751152,0.004878048780487805,0.009216589861751152,0.002364066193853428,0.20737327188940094,0.004674838977768543
OPPORTUNITY,S3-ADL4.test.csv@40.out,70,0.328186741222384,0.06579345358342335,0.07474226804123711,0.01694915254237288,0.027632205812291567,0.01694915254237288,0.09417040358744394,0.20064568200161423,0.1281808271378203
OPPORTUNITY,S1-ADL4.test.csv@109.out,70,0.44628283601122165,0.021303870101330728,0.0,0.0,0.0,0.0,0.0,0.0,0.0
OPPORTUNITY,S3-ADL3.test.csv@57.out,70,0.3245742904841402,0.03542842960848793,0.0,0.0,0.0,0.0,0.0,0.0,0.0
OPPORTUNITY,S2-ADL4.test.csv@55.out,70,0.4453928412624162,0.020878694152138322,0.010869565217391304,0.010482180293501049,0.010672358591248666,0.010482180293501049,0.008032128514056224,0.20419287211740042,0.015456269389762996
OPPORTUNITY,S3-ADL4.test.csv@54.out,70,0.3305235801934077,0.05407535896571346,0.027848101265822784,0.006428988895382817,0.010446343779677113,0.006428988895382817,0.017857142857142856,0.20257159555815313,0.032821037281137846
OPPORTUNITY,S4-ADL1.test.csv@38.out,70,0.37941371973670157,0.023595786645745635,0.01615508885298869,0.010964912280701754,0.013063357282821686,0.010964912280701754,0.009230769230769232,0.20292397660818715,0.017658284211865487
OPPORTUNITY,S3-ADL4.test.csv@120.out,70,0.45995166279000443,0.07478456059430195,0.048828125,0.014611338398597311,0.02249212775528565,0.014611338398597311,0.030864197530864196,0.20233781414377558,0.05355866545790957
OPPORTUNITY,S1-ADL4.test.csv@82.out,70,0.3610220643526262,0.024192858948422498,0.015915119363395226,0.008595988538681949,0.011162790697674419,0.008595988538681949,0.014084507042253521,0.2034383954154728,0.02634508348794063
OPPORTUNITY,S3-ADL1.test.csv@67.out,70,0.4538865803140563,0.06272467975058987,0.031496062992125984,0.009935419771485345,0.015105740181268883,0.009935419771485345,0.024096385542168676,0.20198708395429707,0.04305629828081898
OPPORTUNITY,S3-ADL5.test.csv@63.out,70,0.4285449611837566,0.05047410813076112,0.038288288288288286,0.016022620169651274,0.022591362126245847,0.016022620169651274,0.0374331550802139,0.2018311565908173,0.06315339660910858
OPPORTUNITY,S1-ADL3.test.csv@76.out,70,0.45551300449624166,0.02313387950019533,0.015841584158415842,0.012345679012345678,0.013876843018213356,0.012345679012345678,0.004807692307692308,0.20987654320987656,0.009400055294442908
OPPORTUNITY,S4-ADL5.test.csv@94.out,70,0.4027866458007303,0.024000877517620416,0.04430379746835443,0.04375,0.0440251572327044,0.04375,0.03488372093023256,0.20583333333333334,0.059657032445052736
OPPORTUNITY,S4-ADL4.test.csv@94.out,70,0.4793911768125524,0.020694247375069606,0.014778325123152709,0.016853932584269662,0.015748031496062992,0.016853932584269662,0.016216216216216217,0.20449438202247192,0.030049532195927355
OPPORTUNITY,S3-ADL4.test.csv@42.out,70,0.4742485940207837,0.09342353916288103,0.027247956403269755,0.0058445353594389245,0.009624639076034648,0.0058445353594389245,0.028735632183908046,0.20093512565751023,0.05028065320974257
OPPORTUNITY,S1-ADL5.test.csv@112.out,70,0.44344658669848647,0.019116936458081664,0.0,0.0,0.0,0.0,0.0,0.0,0.0
OPPORTUNITY,S3-ADL3.test.csv@42.out,70,0.3907393232737576,0.04369383022483603,0.021377672209026127,0.00788091068301226,0.011516314779270634,0.00788091068301226,0.013761467889908258,0.20210157618213662,0.025768323272621716
OPPORTUNITY,S4-ADL5.test.csv@65.out,70,0.5000058685446009,0.030993929152761425,0.022388059701492536,0.025,0.023622047244094488,0.025,0.017482517482517484,0.20400000000000001,0.032205102298560245
OPPORTUNITY,S3-ADL4.test.csv@84.out,70,0.3268496264113188,0.0590235759748868,0.016260162601626018,0.0035067212156633548,0.0057692307692307696,0.0035067212156633548,0.014150943396226415,0.20093512565751023,0.026439848959094372
OPPORTUNITY,S1-ADL3.test.csv@124.out,70,0.500060137134196,0.03985744425040253,0.008865248226950355,0.007716049382716049,0.00825082508250825,0.007716049382716049,0.005128205128205128,0.20308641975308644,0.01000380083618396
OPPORTUNITY,S3-ADL2.test.csv@26.out,70,0.44232365006763014,0.037686708823408605,0.021321961620469083,0.011363636363636364,0.014825796886582653,0.011363636363636364,0.010309278350515464,0.20454545454545456,0.019629225736095966
OPPORTUNITY,S3-ADL4.test.csv@51.out,70,0.36834068390509495,0.06310173735626859,0.029213483146067417,0.007597895967270602,0.012059369202226345,0.007597895967270602,0.041666666666666664,0.20067536853042406,0.06900555804912253
OPPORTUNITY,S1-ADL5.test.csv@68.out,70,0.3530471337228263,0.021212184343695678,0.02040816326530612,0.01263823064770932,0.015609756097560976,0.01263823064770932,0.02564102564102564,0.20252764612954188,0.045519102400227246
OPPORTUNITY,S3-ADL5.test.csv@66.out,70,0.48643992087295,0.0317057136026775,0.0,0.0,0.0,0.0,0.0,0.0,0.0
OPPORTUNITY,S4-ADL4.test.csv@42.out,70,0.5033170476656081,0.024623682759272326,0.02102803738317757,0.025280898876404494,0.02295918367346939,0.025280898876404494,0.018998272884283247,0.2050561797752809,0.03477470064742438
OPPORTUNITY,S3-ADL3.test.csv@52.out,70,0.40034228091769997,0.041655433675703686,0.025056947608200455,0.009632224168126095,0.013915243516761544,0.009632224168126095,0.022935779816513763,0.2015411558669002,0.04118466390193556
OPPORTUNITY,S4-ADL4.test.csv@104.out,70,0.5454960924203182,0.028912226293822525,0.01805869074492099,0.02247191011235955,0.02002503128911139,0.02247191011235955,0.015209125475285171,0.20449438202247192,0.028312526737447982
OPPORTUNITY,S3-ADL4.test.csv@55.out,70,0.42785285736897705,0.05392815270596949,0.009596928982725527,0.0029222676797194622,0.004480286738351254,0.0029222676797194622,0.008888888888888889,0.2011689070718878,0.017025486292307122
OPPORTUNITY,S1-ADL4.test.csv@98.out,70,0.3897645128099448,0.02391410879898441,0.018223234624145785,0.011461318051575931,0.014072119613016711,0.011461318051575931,0.014598540145985401,0.2045845272206304,0.027252428481459565
OPPORTUNITY,S3-ADL1.test.csv@58.out,70,0.34190582681078396,0.05557396057644525,0.0,0.0,0.0,0.0,0.0,0.0,0.0
OPPORTUNITY,S2-ADL5.test.csv@40.out,70,0.3856592175860811,0.029059301727544264,0.02696629213483146,0.016877637130801686,0.020761245674740483,0.016877637130801686,0.02877697841726619,0.20168776371308017,0.05036748241616396
OPPORTUNITY,S1-ADL5.test.csv@127.out,70,0.41420167891310267,0.020681975562403237,0.008298755186721992,0.00631911532385466,0.007174887892376682,0.00631911532385466,0.007272727272727273,0.20252764612954188,0.014041236548834917
OPPORTUNITY,S1-ADL5.test.csv@79.out,70,0.42775227821807144,0.021046519754294217,0.012,0.009478672985781991,0.01059135039717564,0.009478672985781991,0.009478672985781991,0.20379146919431282,0.018114797261716695
OPPORTUNITY,S3-ADL4.test.csv@80.out,70,0.4628624769701482,0.06621805794754934,0.03512014787430684,0.011104617182933957,0.016873889875666074,0.011104617182933957,0.029411764705882353,0.20177673874926944,0.051340009338873206
OPPORTUNITY,S1-ADL3.test.csv@38.out,70,0.3135986158966373,0.020852983304384048,0.01240694789081886,0.007716049382716049,0.009514747859181731,0.007716049382716049,0.005050505050505051,0.20617283950617285,0.009859487542803165
OPPORTUNITY,S2-ADL4.test.csv@78.out,70,0.5029837074754332,0.04300481078900429,0.05172413793103448,0.012578616352201259,0.02023608768971332,0.012578616352201259,0.1276595744680851,0.20167714884696017,0.15635073272476094
OPPORTUNITY,S3-ADL3.test.csv@109.out,70,0.42326369986170753,0.04203047348070844,0.009876543209876543,0.0035026269702276708,0.005171299288946348,0.0035026269702276708,0.007380073800738007,0.2014010507880911,0.014238400346674096
OPPORTUNITY,S3-ADL5.test.csv@93.out,70,0.4937741968135911,0.05988762399449743,0.031141868512110725,0.016965127238454288,0.021964612568639415,0.016965127238454288,0.026041666666666668,0.2027144203581527,0.046154149882103916
OPPORTUNITY,S1-ADL4.test.csv@80.out,70,0.49570748646805934,0.033032790688492214,0.0273972602739726,0.008595988538681949,0.013086150490730643,0.008595988538681949,0.02702702702702703,0.20687679083094557,0.047808237319560326
OPPORTUNITY,S1-ADL5.test.csv@103.out,70,0.36551799095548587,0.021655121867518206,0.007317073170731708,0.004739336492890996,0.005752636625119847,0.004739336492890996,0.005681818181818182,0.20379146919431282,0.011055405579123281
OPPORTUNITY,S1-ADL5.test.csv@89.out,70,0.4768259750047102,0.019116936458081664,0.0,0.0,0.0,0.0,0.0,0.0,0.0
OPPORTUNITY,S4-ADL4.test.csv@118.out,70,0.4812198561640862,0.02264280434076127,0.0175054704595186,0.02247191011235955,0.01968019680196802,0.02247191011235955,0.013953488372093023,0.20599250936329588,0.02613654364010771
OPPORTUNITY,S3-ADL3.test.csv@81.out,70,0.45859298480538196,0.05219788259813225,0.03877551020408163,0.016637478108581436,0.023284313725490197,0.016637478108581436,0.032407407407407406,0.20190142606955216,0.05585023555175465
OPPORTUNITY,S1-ADL2.test.csv@104.out,70,0.4835277526966281,0.03932820923412568,0.017921146953405017,0.013157894736842105,0.015174506828528073,0.013157894736842105,0.00904977375565611,0.20526315789473684,0.01733525947327481
OPPORTUNITY,S1-ADL5.test.csv@128.out,70,0.4613470097355371,0.02028750016124477,0.0013623978201634877,0.001579778830963665,0.001463057790782736,0.001579778830963665,0.002277904328018223,0.20126382306477095,0.004504823060168029
OPPORTUNITY,S1-ADL2.test.csv@68.out,70,0.4133666346275206,0.024969075096861203,0.011185682326621925,0.006578947368421052,0.008285004142502071,0.006578947368421052,0.013333333333333334,0.20263157894736844,0.025020308692120227
OPPORTUNITY,S2-ADL5.test.csv@80.out,70,0.4598114680946006,0.019072911636890393,0.0,0.0,0.0,0.0,0.0,0.0,0.0
OPPORTUNITY,S1-ADL1.test.csv@90.out,70,0.48775297489794145,0.014485725129675706,0.0,0.0,0.0,0.0,0.0,0.0,0.0
OPPORTUNITY,S2-ADL2.test.csv@66.out,70,0.47110107716387706,0.020343860371774772,0.025684931506849314,0.031982942430703626,0.02849002849002849,0.031982942430703626,0.027491408934707903,0.20319829424307037,0.04843048757634758
OPPORTUNITY,S1-ADL3.test.csv@49.out,70,0.41454386008178257,0.026045469849557922,0.00816326530612245,0.006172839506172839,0.007029876977152899,0.006172839506172839,0.007142857142857143,0.20493827160493827,0.013804573804573804
OPPORTUNITY,S3-ADL4.test.csv@45.out,70,0.32672520584080295,0.05243282725485946,0.00683371298405467,0.0017533606078316774,0.0027906976744186047,0.0017533606078316774,0.00558659217877095,0.20140268848626536,0.010871622730083415
OPPORTUNITY,S4-ADL2.test.csv@38.out,70,0.5444780373458353,0.01763546128474417,0.008333333333333333,0.02304147465437788,0.012239902080783354,0.02304147465437788,0.004784688995215311,0.20921658986175115,0.009355423672931091
OPPORTUNITY,S3-ADL1.test.csv@53.out,70,0.40994535333970633,0.056114625758257826,0.0036036036036036037,0.0009935419771485345,0.001557632398753894,0.0009935419771485345,0.007782101167315175,0.20039741679085943,0.014982386225415461
OPPORTUNITY,S1-ADL1.test.csv@93.out,70,0.49903286342595315,0.02841525695136601,0.031088082901554404,0.017467248908296942,0.022367194780987885,0.017467248908296942,0.049019607843137254,0.20279475982532752,0.07895434792957354
OPPORTUNITY,S1-ADL4.test.csv@120.out,70,0.45153657953755727,0.02548442445089654,0.009578544061302681,0.0071633237822349575,0.00819672131147541,0.0071633237822349575,0.005988023952095809,0.20573065902578797,0.011637330221401019
OPPORTUNITY,S1-ADL3.test.csv@55.out,70,0.38308465233788125,0.02249970197959057,0.008426966292134831,0.004629629629629629,0.00597609561752988,0.004629629629629629,0.006289308176100629,0.20370370370370372,0.012201885745978924
OPPORTUNITY,S2-ADL4.test.csv@96.out,70,0.33551408686338874,0.015902012006335602,0.007425742574257425,0.006289308176100629,0.00681044267877412,0.006289308176100629,0.0058823529411764705,0.2050314465408805,0.011436590071917207
OPPORTUNITY,S1-ADL3.test.csv@40.out,70,0.33848369476289236,0.025472785964539228,0.024096385542168676,0.015432098765432098,0.01881467544684854,0.015432098765432098,0.020942408376963352,0.20308641975308644,0.03796938790230674
OPPORTUNITY,S1-ADL1.test.csv@38.out,70,0.4749172222376047,0.023616817177079946,0.005945303210463734,0.00727802037845706,0.006544502617801047,0.00727802037845706,0.0036231884057971015,0.20291120815138283,0.00711925518495253
OPPORTUNITY,S1-ADL5.test.csv@54.out,70,0.4461429654699815,0.023586897450826882,0.0074211502782931356,0.00631911532385466,0.006825938566552901,0.00631911532385466,0.011320754716981131,0.2016850974196946,0.0214381670273901
OPPORTUNITY,S2-ADL1.test.csv@119.out,70,0.4666836327257729,0.03720280736868682,0.03436426116838488,0.02242152466367713,0.027137042062415198,0.02242152466367713,0.026881720430107527,0.20358744394618836,0.047492520451074334
OPPORTUNITY,S4-ADL5.test.csv@68.out,70,0.4223650886802295,0.02034197849282231,0.019138755980861243,0.016666666666666666,0.017817371937639197,0.016666666666666666,0.016,0.20333333333333334,0.02966565349544073
OPPORTUNITY,S1-ADL5.test.csv@92.out,70,0.34810217695566714,0.021707391209388638,0.014388489208633094,0.009478672985781991,0.011428571428571429,0.009478672985781991,0.023952095808383235,0.2018957345971564,0.042823754115252195
OPPORTUNITY,S2-ADL1.test.csv@102.out,70,0.4823276780553026,0.0421444530498052,0.03559322033898305,0.023542600896860985,0.02834008097165992,0.023542600896860985,0.022082018927444796,0.20269058295964126,0.039825292333253624
OPPORTUNITY,S1-ADL5.test.csv@110.out,70,0.4432968237049965,0.02245633953514354,0.007984031936127744,0.00631911532385466,0.007054673721340388,0.00631911532385466,0.002688172043010753,0.20505529225908373,0.0053067749281459405
OPPORTUNITY,S1-ADL1.test.csv@77.out,70,0.46620705079796515,0.022409208917421163,0.0075528700906344415,0.00727802037845706,0.007412898443291327,0.00727802037845706,0.006289308176100629,0.20291120815138283,0.01220045861121322
OPPORTUNITY,S2-ADL2.test.csv@92.out,70,0.41324041533282796,0.01929036352244532,0.012345679012345678,0.010660980810234541,0.011441647597254004,0.010660980810234541,0.012048192771084338,0.20426439232409382,0.022754263455417794
OPPORTUNITY,S4-ADL1.test.csv@40.out,70,0.3702851680225877,0.028731597536101543,0.03411131059245961,0.020833333333333332,0.025867937372362152,0.020833333333333332,0.030612244897959183,0.20185185185185187,0.05316208746545277
OPPORTUNITY,S2-ADL2.test.csv@119.out,70,0.44715371735875686,0.02301134790650551,0.022,0.023454157782515993,0.022703818369453045,0.023454157782515993,0.01694915254237288,0.2062544420753376,0.03132420879927464
OPPORTUNITY,S3-ADL5.test.csv@104.out,70,0.3864708105181888,0.037654168147954185,0.012987012987012988,0.00471253534401508,0.006915629322268326,0.00471253534401508,0.01199040767386091,0.20188501413760604,0.02263638899926447
OPPORTUNITY,S2-ADL2.test.csv@79.out,70,0.4511991414363556,0.02001042811236227,0.017543859649122806,0.017057569296375266,0.017297297297297298,0.017057569296375266,0.016129032258064516,0.20341151385927506,0.029888154390801714
OPPORTUNITY,S1-ADL2.test.csv@81.out,70,0.49093033265695135,0.022322739822592964,0.0,0.0,0.0,0.0,0.0,0.0,0.0
OPPORTUNITY,S3-ADL3.test.csv@50.out,70,0.4486339754816112,0.05693376975812627,0.03597122302158273,0.013134851138353765,0.01924310455420141,0.013134851138353765,0.02702702702702703,0.20175131348511385,0.04766830802333761
OPPORTUNITY,S2-ADL2.test.csv@96.out,70,0.42947369703423977,0.021712806308102822,0.016018306636155607,0.014925373134328358,0.01545253863134658,0.014925373134328358,0.016483516483516484,0.20398009950248758,0.030502169869807815
OPPORTUNITY,S2-ADL3.test.csv@54.out,70,0.4887367968266623,0.03015372719159758,0.03508771929824561,0.03430531732418525,0.03469210754553339,0.03430531732418525,0.01904761904761905,0.20686106346483707,0.03488321642924291
OPPORTUNITY,S1-ADL5.test.csv@122.out,70,0.4698863279532751,0.019116936458081664,0.0,0.0,0.0,0.0,0.0,0.0,0.0
OPPORTUNITY,S3-ADL4.test.csv@66.out,70,0.4368320950997645,0.055303395978774574,0.0223463687150838,0.0070134424313267095,0.010676156583629894,0.0070134424313267095,0.012396694214876033,0.20187025131502045,0.023358934533215806
OPPORTUNITY,S4-ADL5.test.csv@39.out,70,0.40467742566510173,0.02430172779006272,0.030303030303030304,0.029166666666666667,0.029723991507430998,0.029166666666666667,0.029411764705882353,0.2038888888888889,0.051407760190502874
OPPORTUNITY,S1-ADL2.test.csv@111.out,70,0.4137322935174128,0.023140235720067865,0.0021645021645021645,0.0013157894736842105,0.0016366612111292963,0.0013157894736842105,0.0041841004184100415,0.20105263157894737,0.008197600806884267
OPPORTUNITY,S2-ADL3.test.csv@94.out,70,0.3799493742227401,0.020700642403430176,0.00881057268722467,0.00686106346483705,0.007714561234329798,0.00686106346483705,0.01092896174863388,0.20274442538593482,0.020739934902573188
OPPORTUNITY,S2-ADL3.test.csv@91.out,70,0.4154967641091207,0.026801397404172967,0.014962593516209476,0.010291595197255575,0.012195121951219513,0.010291595197255575,0.019886363636363636,0.20205831903945112,0.03620906939266597
OPPORTUNITY,S2-ADL3.test.csv@55.out,70,0.4115090210554791,0.02468733533354884,0.018604651162790697,0.0137221269296741,0.01579466929911155,0.0137221269296741,0.024875621890547265,0.20219554030874787,0.04430100026757985
OPPORTUNITY,S3-ADL3.test.csv@68.out,70,0.35972625128278596,0.05717679236429369,0.10614525139664804,0.03327495621716287,0.050666666666666665,0.03327495621716287,0.17391304347826086,0.2009507130347761,0.1864568098985538
OPPORTUNITY,S1-ADL3.test.csv@110.out,70,0.4463821421776904,0.01973563988548456,0.0,0.0,0.0,0.0,0.0,0.0,0.0
OPPORTUNITY,S4-ADL2.test.csv@32.out,70,0.5400324978024026,0.02028012051389286,0.017716535433070866,0.041474654377880185,0.02482758620689655,0.041474654377880185,0.00819672131147541,0.23317972350230415,0.015836750023473442
OPPORTUNITY,S3-ADL4.test.csv@109.out,70,0.42271788447323444,0.052990725838840194,0.010889292196007259,0.0035067212156633548,0.005305039787798408,0.0035067212156633548,0.012927054478301014,0.20056107539450616,0.024288600489367592
OPPORTUNITY,S2-ADL2.test.csv@77.out,70,0.5020268680573867,0.039400220406815296,0.042735042735042736,0.010660980810234541,0.017064846416382253,0.010660980810234541,0.09090909090909091,0.20170575692963755,0.1253312135665077
OPPORTUNITY,S4-ADL5.test.csv@52.out,70,0.4858139671361503,0.026692086396637605,0.01893939393939394,0.020833333333333332,0.01984126984126984,0.020833333333333332,0.006150061500615005,0.20833333333333334,0.011947431302270009
OPPORTUNITY,S1-ADL3.test.csv@122.out,70,0.41440435563134104,0.024501022279268404,0.013921113689095127,0.009259259259259259,0.011121408711770158,0.009259259259259259,0.017857142857142856,0.20185185185185187,0.03281155930162553
OPPORTUNITY,S3-ADL4.test.csv@17.out,70,0.413661416884707,0.0610833872541594,0.016666666666666666,0.004675628287551139,0.00730260155180283,0.004675628287551139,0.013793103448275862,0.20093512565751023,0.025814202316370393
OPPORTUNITY,S1-ADL5.test.csv@41.out,70,0.4000207753367584,0.023424148917510493,0.01694915254237288,0.009478672985781991,0.0121580547112462,0.009478672985781991,0.01764705882352941,0.20252764612954188,0.032465285105305365
OPPORTUNITY,S1-ADL5.test.csv@67.out,70,0.4802800979714878,0.019116936458081664,0.0,0.0,0.0,0.0,0.0,0.0,0.0
OPPORTUNITY,S1-ADL5.test.csv@109.out,70,0.45109283331244876,0.024086957279307604,0.008281573498964804,0.00631911532385466,0.007168458781362007,0.00631911532385466,0.0029154518950437317,0.20505529225908373,0.005749162872278228
OPPORTUNITY,S2-ADL4.test.csv@68.out,70,0.46698599287920844,0.02279939522995671,0.02464788732394366,0.029350104821802937,0.026794258373205742,0.029350104821802937,0.016129032258064516,0.20782669461914746,0.02993487604304019
OPPORTUNITY,S4-ADL5.test.csv@17.out,70,0.3678366588419405,0.020120014350005298,0.03225806451612903,0.025,0.028169014084507043,0.025,0.03314917127071823,0.20333333333333334,0.05700490615995639
OPPORTUNITY,S2-ADL3.test.csv@77.out,70,0.4957073125153111,0.031290359611237786,0.036619718309859155,0.022298456260720412,0.02771855010660981,0.022298456260720412,0.05982905982905983,0.2025483950012252,0.09237287594429085
OPPORTUNITY,S2-ADL2.test.csv@126.out,70,0.4617478780193951,0.02293182149149793,0.020161290322580645,0.021321961620469083,0.02072538860103627,0.021321961620469083,0.009615384615384616,0.2056858564321251,0.018371920291005123
OPPORTUNITY,S1-ADL3.test.csv@129.out,70,0.4505053770133463,0.021633792954671917,0.007952286282306162,0.006172839506172839,0.0069504778453518675,0.006172839506172839,0.007067137809187279,0.20246913580246914,0.013657561625582943
OPPORTUNITY,S1-ADL1.test.csv@95.out,70,0.38229105861091645,0.015594536455860444,0.0067226890756302525,0.005822416302765648,0.0062402496099844,0.005822416302765648,0.005747126436781609,0.20465793304221253,0.011180292150735148
OPPORTUNITY,S1-ADL5.test.csv@104.out,70,0.3638133517553225,0.019116936458081664,0.0,0.0,0.0,0.0,0.0,0.0,0.0
OPPORTUNITY,S4-ADL5.test.csv@120.out,70,0.46445220396452785,0.027438694991388714,0.025974025974025976,0.025,0.025477707006369428,0.025,0.025423728813559324,0.20333333333333334,0.04519634477648802
OPPORTUNITY,S3-ADL4.test.csv@79.out,70,0.37264299311799554,0.07286160655177802,0.10473815461346633,0.024547048509643482,0.03977272727272727,0.024547048509643482,0.15873015873015872,0.20065458796025717,0.17724700277445357
OPPORTUNITY,S1-ADL3.test.csv@104.out,70,0.39996195066269263,0.01973563988548456,0.0,0.0,0.0,0.0,0.0,0.0,0.0
OPPORTUNITY,S1-ADL4.test.csv@53.out,70,0.3948969493484865,0.024641091798790427,0.009732360097323601,0.0057306590257879654,0.007213706041478809,0.0057306590257879654,0.005988023952095809,0.2045845272206304,0.011635486604523827
OPPORTUNITY,S1-ADL4.test.csv@104.out,70,0.41774792481012896,0.02961121051534409,0.018433179723502304,0.011461318051575931,0.014134275618374558,0.011461318051575931,0.01020408163265306,0.2045845272206304,0.019438621328033538
OPPORTUNITY,S1-ADL4.test.csv@17.out,70,0.3616342170474318,0.024458889279722902,0.033112582781456956,0.02148997134670487,0.026064291920069503,0.02148997134670487,0.019230769230769232,0.20429799426934098,0.035152590839619385
OPPORTUNITY,S1-ADL4.test.csv@115.out,70,0.419608635157542,0.022541885547536358,0.006423982869379015,0.004297994269340974,0.005150214592274678,0.004297994269340974,0.005208333333333333,0.2034383954154728,0.010156641155854372
OPPORTUNITY,S1-ADL5.test.csv@38.out,70,0.4312001507253658,0.019116936458081664,0.0,0.0,0.0,0.0,0.0,0.0,0.0
OPPORTUNITY,S2-ADL3.test.csv@96.out,70,0.3966174527184485,0.0236903239075801,0.010471204188481676,0.00686106346483705,0.008290155440414507,0.00686106346483705,0.013605442176870748,0.20274442538593482,0.025499692579848337
OPPORTUNITY,S1-ADL2.test.csv@77.out,70,0.4738319870419454,0.027875911472519943,0.01583710407239819,0.009210526315789473,0.011647254575707155,0.009210526315789473,0.011235955056179775,0.2036842105263158,0.02129708609635968
OPPORTUNITY,S4-ADL5.test.csv@128.out,70,0.446779994783516,0.020506876448155614,0.012605042016806723,0.0125,0.012552301255230125,0.0125,0.010676156583629894,0.20333333333333334,0.02028712377362674
OPPORTUNITY,S1-ADL4.test.csv@93.out,70,0.4953013181538831,0.033222708731725815,0.025735294117647058,0.01002865329512894,0.01443298969072165,0.01002865329512894,0.03389830508474576,0.2040114613180516,0.05813668653547807
OPPORTUNITY,S4-ADL3.test.csv@120.out,70,0.589347783592089,0.07252646867523403,0.056261343012704176,0.04041720990873533,0.04704097116843703,0.04041720990873533,0.04032258064516129,0.20323337679269884,0.06729372840410082
OPPORTUNITY,S1-ADL5.test.csv@126.out,70,0.45993485235372955,0.02216373960946098,0.008880994671403197,0.007898894154818325,0.008361204013377926,0.007898894154818325,0.008797653958944282,0.20210637177461824,0.016861336957285786
OPPORTUNITY,S3-ADL5.test.csv@53.out,70,0.4265953530450086,0.035125070566421474,0.014059753954305799,0.007540056550424128,0.0098159509202454,0.007540056550424128,0.00796812749003984,0.20301602262016966,0.015334398815392775
OPPORTUNITY,S1-ADL3.test.csv@67.out,70,0.32732681288259746,0.02277142924353101,0.013550135501355014,0.007716049382716049,0.00983284169124877,0.007716049382716049,0.014184397163120567,0.20308641975308644,0.02651675431703238
OPPORTUNITY,S2-ADL5.test.csv@66.out,70,0.4046198075628032,0.025090367877753435,0.017857142857142856,0.011251758087201125,0.013805004314063849,0.011251758087201125,0.017699115044247787,0.20225035161744023,0.03254976968434872
OPPORTUNITY,S3-ADL4.test.csv@110.out,70,0.4432566096731094,0.05227228704211872,0.007920792079207921,0.0023378141437755697,0.0036101083032490976,0.0023378141437755697,0.010830324909747292,0.20062341710500683,0.0205512257295439
OPPORTUNITY,S3-ADL4.test.csv@69.out,70,0.3236331242550206,0.057419310460018094,0.01729106628242075,0.0035067212156633548,0.0058309037900874635,0.0035067212156633548,0.01904761904761905,0.20070134424313268,0.03479318118493377
OPPORTUNITY,S4-ADL5.test.csv@55.out,70,0.45829127543035986,0.02280826280544579,0.008247422680412371,0.008333333333333333,0.008290155440414507,0.008333333333333333,0.007042253521126761,0.20333333333333334,0.013613032805177417
OPPORTUNITY,S1-ADL1.test.csv@66.out,70,0.48983254926934694,0.024949137095223912,0.015819209039548022,0.020378457059679767,0.017811704834605598,0.020378457059679767,0.015113350125944584,0.20271712760795732,0.028129534103188754
OPPORTUNITY,S3-ADL3.test.csv@54.out,70,0.358851179285967,0.0430871848002177,0.054945054945054944,0.017513134851138354,0.02656042496679947,0.017513134851138354,0.07758620689655173,0.20155672309787898,0.11204311440003174
OPPORTUNITY,S1-ADL4.test.csv@111.out,70,0.419608635157542,0.022541885547536358,0.006423982869379015,0.004297994269340974,0.005150214592274678,0.004297994269340974,0.005208333333333333,0.2034383954154728,0.010156641155854372
OPPORTUNITY,S1-ADL5.test.csv@94.out,70,0.35876015290409735,0.020192886585933253,0.006048387096774193,0.004739336492890996,0.005314437555358724,0.004739336492890996,0.0029411764705882353,0.20379146919431282,0.005798664958532804
OPPORTUNITY,S2-ADL5.test.csv@89.out,70,0.45296920609457675,0.020821169226493883,0.006644518272425249,0.005625879043600563,0.006092916984006093,0.005625879043600563,0.0049504950495049506,0.20450070323488045,0.009666974715608774
OPPORTUNITY,S4-ADL5.test.csv@130.out,70,0.446779994783516,0.020506876448155614,0.012605042016806723,0.0125,0.012552301255230125,0.0125,0.010676156583629894,0.20333333333333334,0.02028712377362674
OPPORTUNITY,S3-ADL2.test.csv@27.out,70,0.3436604939370209,0.028826364362038587,0.013333333333333334,0.005681818181818182,0.00796812749003984,0.005681818181818182,0.01764705882352941,0.20151515151515154,0.03245221634810899
OPPORTUNITY,S1-ADL3.test.csv@112.out,70,0.4837022005200076,0.01973563988548456,0.0,0.0,0.0,0.0,0.0,0.0,0.0
OPPORTUNITY,S3-ADL1.test.csv@68.out,70,0.4638390960681277,0.0627116848102312,0.02388535031847134,0.007451564828614009,0.011359333585762969,0.007451564828614009,0.02185792349726776,0.2014903129657228,0.039437605740621905
OPPORTUNITY,S1-ADL5.test.csv@76.out,70,0.4615964328330089,0.019116936458081664,0.0,0.0,0.0,0.0,0.0,0.0,0.0
OPPORTUNITY,S3-ADL3.test.csv@53.out,70,0.3203072546479977,0.038103382478932406,0.019559902200488997,0.0070052539404553416,0.010315925209542231,0.0070052539404553416,0.019138755980861243,0.2014010507880911,0.03495573540028117
OPPORTUNITY,S1-ADL4.test.csv@63.out,70,0.35047707992157423,0.023959756617347377,0.014218009478672985,0.008595988538681949,0.010714285714285714,0.008595988538681949,0.009523809523809525,0.2034383954154728,0.018195797027165558
OPPORTUNITY,S2-ADL2.test.csv@103.out,70,0.3744060700459814,0.015136845759929919,0.00683371298405467,0.006396588486140725,0.006607929515418502,0.006396588486140725,0.005555555555555556,0.2051172707889126,0.01081810514478493
OPPORTUNITY,S1-ADL5.test.csv@116.out,70,0.46458514460239586,0.02108037574078598,0.004580152671755725,0.004739336492890996,0.004658385093167702,0.004739336492890996,0.0024937655860349127,0.20379146919431282,0.0049272373094992545
OPPORTUNITY,S3-ADL4.test.csv@132.out,70,0.3976902861283052,0.051288652682947515,0.006160164271047228,0.0017533606078316774,0.00272975432211101,0.0017533606078316774,0.004081632653061225,0.20140268848626536,0.00800111449070097
OPPORTUNITY,S1-ADL2.test.csv@126.out,70,0.469850273627252,0.024595360039143775,0.0031397174254317113,0.002631578947368421,0.002863278453829635,0.002631578947368421,0.005291005291005291,0.20105263157894737,0.010310669653701853
OPPORTUNITY,S2-ADL2.test.csv@76.out,70,0.5389979845530625,0.04443805758444402,0.023140495867768594,0.029850746268656716,0.0260707635009311,0.029850746268656716,0.014705882352941176,0.20398009950248758,0.0274339243894279
OPPORTUNITY,S4-ADL5.test.csv@124.out,70,0.48491940532081385,0.016573453498331128,0.002,0.0020833333333333333,0.0020408163265306124,0.0020833333333333333,0.003003003003003003,0.2016666666666667,0.005917883256303035
OPPORTUNITY,S1-ADL5.test.csv@106.out,70,0.4281386657491389,0.021668978986179487,0.008968609865470852,0.00631911532385466,0.0074142724745134385,0.00631911532385466,0.009615384615384616,0.2016850974196946,0.01835565886271597
OPPORTUNITY,S1-ADL3.test.csv@103.out,70,0.537548129280061,0.05037103885130545,0.050997782705099776,0.035493827160493825,0.04185623293903549,0.035493827160493825,0.034013605442176874,0.20567901234567904,0.05837380256620487
OPPORTUNITY,S3-ADL4.test.csv@38.out,70,0.34481741381662234,0.0549213928569033,0.021917808219178082,0.004675628287551139,0.007707129094412331,0.004675628287551139,0.018691588785046728,0.20093512565751023,0.0342016384554548
OPPORTUNITY,S4-ADL1.test.csv@68.out,70,0.40096752414519155,0.03209899797378314,0.04701627486437613,0.02850877192982456,0.03549488054607509,0.02850877192982456,0.0398406374501992,0.20228070175438598,0.06656986227024593
OPPORTUNITY,S4-ADL3.test.csv@108.out,70,0.46973414658456497,0.029144882798129913,0.0285204991087344,0.020860495436766623,0.024096385542168676,0.020860495436766623,0.03260869565217391,0.20139069969578446,0.05612910258843099
OPPORTUNITY,S2-ADL1.test.csv@124.out,70,0.4493702644387576,0.021420681043177563,0.0,0.0,0.0,0.0,0.0,0.0,0.0
OPPORTUNITY,S2-ADL3.test.csv@66.out,70,0.4597487185523062,0.026770409982177005,0.01182033096926714,0.008576329331046312,0.009940357852882704,0.008576329331046312,0.017316017316017316,0.20171526586620928,0.03189412019960946
OPPORTUNITY,S2-ADL4.test.csv@76.out,70,0.43949157136632044,0.022163284155325105,0.02406417112299465,0.018867924528301886,0.021151586368977675,0.018867924528301886,0.017094017094017096,0.2037735849056604,0.03154205607476636
OPPORTUNITY,S2-ADL3.test.csv@67.out,70,0.4216055497225969,0.02823551586754096,0.03153153153153153,0.024013722126929673,0.027263875365141188,0.024013722126929673,0.0273224043715847,0.20384219554030875,0.04818608815248277
OPPORTUNITY,S3-ADL3.test.csv@66.out,70,0.3712897151995883,0.03913536851018128,0.015189873417721518,0.005253940455341506,0.007807417046193884,0.005253940455341506,0.011111111111111112,0.20210157618213662,0.021064159897782243
OPPORTUNITY,S1-ADL4.test.csv@66.out,70,0.4580464167304259,0.021303870101330728,0.0,0.0,0.0,0.0,0.0,0.0,0.0
OPPORTUNITY,S2-ADL4.test.csv@101.out,70,0.31896708492453174,0.014050901378579003,0.0,0.0,0.0,0.0,0.0,0.0,0.0
OPPORTUNITY,S1-ADL5.test.csv@53.out,70,0.3824334705557224,0.02254345442238766,0.01098901098901099,0.00631911532385466,0.00802407221664995,0.00631911532385466,0.011299435028248588,0.20252764612954188,0.02140465993805672
OPPORTUNITY,S2-ADL3.test.csv@93.out,70,0.37449230024623287,0.01931263917933043,0.010230179028132993,0.00686106346483705,0.008213552361396304,0.00686106346483705,0.011560693641618497,0.20274442538593482,0.02187410361514902
OPPORTUNITY,S2-ADL1.test.csv@104.out,70,0.37784133674544634,0.021420681043177563,0.0,0.0,0.0,0.0,0.0,0.0,0.0
OPPORTUNITY,S2-ADL2.test.csv@124.out,70,0.5337363381199669,0.04776466383175716,0.018413597733711047,0.02771855010660981,0.022127659574468085,0.02771855010660981,0.01511879049676026,0.20316783429789828,0.028143290275525763
OPPORTUNITY,S4-ADL5.test.csv@96.out,70,0.4135775299947835,0.023752889105219815,0.02459016393442623,0.01875,0.02127659574468085,0.01875,0.02512562814070352,0.203,0.044716611229816954
OPPORTUNITY,S1-ADL1.test.csv@79.out,70,0.48449578737079824,0.014485725129675706,0.0,0.0,0.0,0.0,0.0,0.0,0.0
OPPORTUNITY,S2-ADL3.test.csv@53.out,70,0.4660982777743132,0.019888793180112573,0.007326007326007326,0.00686106346483705,0.0070859167404783,0.00686106346483705,0.004830917874396135,0.20548885077186965,0.009439909225580734
OPPORTUNITY,S1-ADL3.test.csv@119.out,70,0.44828857251569537,0.030576556240837993,0.02304147465437788,0.015432098765432098,0.018484288354898338,0.015432098765432098,0.015151515151515152,0.20617283950617285,0.028228532792427315
OPPORTUNITY,S1-ADL5.test.csv@47.out,70,0.35687370470388746,0.019116936458081664,0.0,0.0,0.0,0.0,0.0,0.0,0.0
OPPORTUNITY,S2-ADL4.test.csv@79.out,70,0.3848246215657786,0.017085965639597942,0.011682242990654205,0.010482180293501049,0.011049723756906077,0.010482180293501049,0.005917159763313609,0.20838574423480086,0.011507559795318253
OPPORTUNITY,S2-ADL5.test.csv@81.out,70,0.5136457691996301,0.038734469719431286,0.0,0.0,0.0,0.0,0.0,0.0,0.0
OPPORTUNITY,S2-ADL5.test.csv@90.out,70,0.40812033098796185,0.020567847518701537,0.012121212121212121,0.008438818565400843,0.009950248756218905,0.008438818565400843,0.0036900369003690036,0.20675105485232068,0.007250665877478544
OPPORTUNITY,S1-ADL2.test.csv@55.out,70,0.42540801367003567,0.023683358187315286,0.006396588486140725,0.003947368421052632,0.004882017900732303,0.003947368421052632,0.008968609865470852,0.20157894736842105,0.017173155174926298
OPPORTUNITY,S4-ADL5.test.csv@31.out,70,0.4858611763171622,0.02380657884284386,0.02654867256637168,0.025,0.02575107296137339,0.025,0.02027027027027027,0.20400000000000001,0.0368763557483731
OPPORTUNITY,S1-ADL4.test.csv@54.out,70,0.49108407341557364,0.03044997799019012,0.026578073089700997,0.011461318051575931,0.016016016016016016,0.011461318051575931,0.011494252873563218,0.20916905444126074,0.0217910447761194
OPPORTUNITY,S3-ADL2.test.csv@51.out,70,0.39446463954343747,0.03707043552471521,0.02912621359223301,0.013636363636363636,0.018575851393188854,0.013636363636363636,0.021505376344086023,0.20272727272727273,0.03888574044204194
OPPORTUNITY,S3-ADL3.test.csv@38.out,70,0.4384892801487593,0.04981888529378715,0.026365348399246705,0.012259194395796848,0.016736401673640166,0.012259194395796848,0.020771513353115726,0.2014010507880911,0.037659056886227546
OPPORTUNITY,S1-ADL2.test.csv@52.out,70,0.39392611416939327,0.031268205742691124,0.019230769230769232,0.010526315789473684,0.013605442176870748,0.010526315789473684,0.027906976744186046,0.20140350877192983,0.049021421962849615
OPPORTUNITY,S3-ADL5.test.csv@108.out,70,0.47802504863946327,0.04178235601991278,0.02527075812274368,0.013195098963242224,0.0173374613003096,0.013195098963242224,0.03594771241830065,0.20095964356096307,0.060986198124181656
OPPORTUNITY,S2-ADL3.test.csv@38.out,70,0.46959377847380707,0.028004482500986336,0.008517887563884156,0.008576329331046312,0.008547008547008548,0.008576329331046312,0.0110803324099723,0.20171526586620928,0.021006752170340467
OPPORTUNITY,S1-ADL5.test.csv@124.out,70,0.4835840610902052,0.024177384609813182,0.009523809523809525,0.009478672985781991,0.009501187648456057,0.009478672985781991,0.010101010101010102,0.2018957345971564,0.019239454430494084
OPPORTUNITY,S3-ADL1.test.csv@50.out,70,0.43412462736775503,0.07014915801868925,0.039301310043668124,0.00894187779433681,0.014569000404694455,0.00894187779433681,0.05128205128205128,0.20059612518628914,0.08168219194708255
OPPORTUNITY,S1-ADL4.test.csv@127.out,70,0.44985892581931547,0.025762108872237836,0.027426160337552744,0.01862464183381089,0.02218430034129693,0.01862464183381089,0.03139013452914798,0.2021285304952927,0.05434119592763311
OPPORTUNITY,S1-ADL4.test.csv@124.out,70,0.4855279302031746,0.02633745680498738,0.007476635514018692,0.0057306590257879654,0.006488240064882401,0.0057306590257879654,0.005420054200542005,0.2022922636103152,0.01055724614383874
OPPORTUNITY,S1-ADL5.test.csv@119.out,70,0.3481162156860936,0.02069809763392217,0.00872093023255814,0.004739336492890996,0.006141248720573183,0.004739336492890996,0.00641025641025641,0.20379146919431282,0.012429541841306548
OPPORTUNITY,S3-ADL1.test.csv@38.out,70,0.36607004156175316,0.06120922797019496,0.013409961685823755,0.003477396920019871,0.005522682445759369,0.003477396920019871,0.015267175572519083,0.20069547938400398,0.028375768217734854
OPPORTUNITY,S1-ADL4.test.csv@79.out,70,0.4876307064524356,0.021303870101330728,0.0,0.0,0.0,0.0,0.0,0.0,0.0
OPPORTUNITY,S1-ADL2.test.csv@110.out,70,0.4326692492160118,0.022322739822592964,0.0,0.0,0.0,0.0,0.0,0.0,0.0
OPPORTUNITY,S1-ADL3.test.csv@109.out,70,0.41596048349277254,0.020847040240750143,0.004555808656036446,0.0030864197530864196,0.0036798528058877645,0.0030864197530864196,0.004219409282700422,0.20246913580246914,0.008266545692827258
OPPORTUNITY,S4-ADL5.test.csv@92.out,70,0.45994268388106413,0.018634865646506793,0.011627906976744186,0.0125,0.012048192771084338,0.0125,0.014492753623188406,0.20333333333333334,0.027056997116877354
OPPORTUNITY,S3-ADL4.test.csv@52.out,70,0.4438782153787955,0.07221137668825173,0.038,0.011104617182933957,0.017186793306196293,0.011104617182933957,0.043478260869565216,0.2008076085223952,0.07147990679658658
OPPORTUNITY,S1-ADL2.test.csv@109.out,70,0.41971993255597945,0.023155574605030507,0.0022271714922048997,0.0013157894736842105,0.0016542597187758478,0.0013157894736842105,0.0035842293906810036,0.20105263157894737,0.007042902708383266
OPPORTUNITY,S1-ADL5.test.csv@81.out,70,0.38443113724927597,0.02109006969074939,0.010178117048346057,0.00631911532385466,0.007797270955165692,0.00631911532385466,0.011764705882352941,0.20252764612954188,0.022237640936686905
OPPORTUNITY,S4-ADL4.test.csv@108.out,70,0.4635032828151943,0.016484355495211777,0.015533980582524271,0.02247191011235955,0.018369690011481057,0.02247191011235955,0.01694915254237288,0.20299625468164795,0.03128607711844839
OPPORTUNITY,S4-ADL1.test.csv@77.out,70,0.34426552202357863,0.02206468566405357,0.0099601593625498,0.005482456140350877,0.007072135785007072,0.005482456140350877,0.004651162790697674,0.20438596491228073,0.00909534497901825
OPPORTUNITY,S2-ADL5.test.csv@53.out,70,0.39278437393895005,0.021397134639484682,0.009596928982725527,0.007032348804500703,0.008116883116883116,0.007032348804500703,0.01990049751243781,0.20140646976090015,0.036221986138513684
OPPORTUNITY,S1-ADL4.test.csv@68.out,70,0.37576579603326155,0.024346329322647832,0.009852216748768473,0.0057306590257879654,0.007246376811594203,0.0057306590257879654,0.011049723756906077,0.2022922636103152,0.020954840241603965
OPPORTUNITY,S1-ADL3.test.csv@77.out,70,0.44961633584881733,0.01973563988548456,0.0,0.0,0.0,0.0,0.0,0.0,0.0
OPPORTUNITY,S3-ADL4.test.csv@50.out,70,0.42923203845561236,0.06648760005297052,0.024539877300613498,0.0070134424313267095,0.01090909090909091,0.0070134424313267095,0.02217741935483871,0.20093512565751023,0.03994596130466057
OPPORTUNITY,S3-ADL5.test.csv@42.out,70,0.3681517653498412,0.04102733050111059,0.04176904176904177,0.016022620169651274,0.02316076294277929,0.016022620169651274,0.03619909502262444,0.20160226201696513,0.06137744149469422
OPPORTUNITY,S1-ADL3.test.csv@42.out,70,0.36187131494908353,0.02672240186692456,0.031180400890868598,0.021604938271604937,0.02552415679124886,0.021604938271604937,0.025906735751295335,0.2034567901234568,0.04596111154494037
OPPORTUNITY,S4-ADL3.test.csv@17.out,70,0.45361271068460374,0.03266222381022202,0.024390243902439025,0.01694915254237288,0.02,0.01694915254237288,0.01929260450160772,0.20225988700564973,0.0352252414765739
OPPORTUNITY,S3-ADL1.test.csv@42.out,70,0.33789285349045345,0.07921088231108092,0.15495867768595042,0.037257824143070044,0.060072086503804564,0.037257824143070044,0.24285714285714285,0.20043832734285966,0.21961821299725684
OPPORTUNITY,S2-ADL4.test.csv@94.out,70,0.4202926038645741,0.015908482215678352,0.007751937984496124,0.008385744234800839,0.008056394763343404,0.008385744234800839,0.005813953488372093,0.20670859538784067,0.011309803741640952
OPPORTUNITY,S1-ADL3.test.csv@83.out,70,0.3469782484621726,0.01973563988548456,0.0,0.0,0.0,0.0,0.0,0.0,0.0
OPPORTUNITY,S4-ADL4.test.csv@124.out,70,0.47724346133534307,0.014380129515112517,0.006482982171799027,0.011235955056179775,0.008221993833504625,0.011235955056179775,0.009925558312655087,0.20224719101123598,0.018922470433639947
OPPORTUNITY,S3-ADL1.test.csv@63.out,70,0.3217192516255224,0.058633386010798885,0.01775147928994083,0.004470938897168405,0.007142857142857143,0.004470938897168405,0.014018691588785047,0.20119225037257826,0.02621104747111931
OPPORTUNITY,S1-ADL3.test.csv@94.out,70,0.4767145982624135,0.02230084758029033,0.005555555555555556,0.004629629629629629,0.005050505050505051,0.004629629629629629,0.005988023952095809,0.20370370370370372,0.011634056054997356
OPPORTUNITY,S1-ADL4.test.csv@78.out,70,0.48254522156429014,0.03352579269104595,0.015122873345935728,0.011461318051575931,0.013039934800325998,0.011461318051575931,0.01606425702811245,0.2022922636103152,0.029764853441824675
OPPORTUNITY,S1-ADL2.test.csv@94.out,70,0.34768250177186183,0.027074794100733223,0.02702702702702703,0.013157894736842105,0.017699115044247787,0.013157894736842105,0.01791044776119403,0.20350877192982458,0.032923368022705776
OPPORTUNITY,S1-ADL3.test.csv@82.out,70,0.34832661206665055,0.020994799138590363,0.008620689655172414,0.006172839506172839,0.007194244604316547,0.006172839506172839,0.0072992700729927005,0.20493827160493827,0.014096467391304348
OPPORTUNITY,S1-ADL5.test.csv@111.out,70,0.4001922661179755,0.020318135314519117,0.00684931506849315,0.004739336492890996,0.0056022408963585435,0.004739336492890996,0.005747126436781609,0.20379146919431282,0.01117899389054985
OPPORTUNITY,S1-ADL5.test.csv@55.out,70,0.364352379475515,0.021104579996134274,0.007978723404255319,0.004739336492890996,0.005946481665014866,0.004739336492890996,0.005555555555555556,0.20379146919431282,0.010816249528361212
OPPORTUNITY,S3-ADL4.test.csv@68.out,70,0.4243770357448234,0.05476379344857256,0.018145161290322582,0.005260081823495032,0.008155867693701857,0.005260081823495032,0.015151515151515152,0.20140268848626536,0.028182836766906843
OPPORTUNITY,S1-ADL3.test.csv@108.out,70,0.49603745706727304,0.03430317519600827,0.0326975476839237,0.018518518518518517,0.023645320197044337,0.018518518518518517,0.025454545454545455,0.20211640211640214,0.045214744673655737
OPPORTUNITY,S4-ADL5.test.csv@4.out,70,0.5535967657798644,0.0425719584229408,0.03137254901960784,0.03333333333333333,0.03232323232323232,0.03333333333333333,0.030959752321981424,0.2026666666666667,0.053714043395292954
OPPORTUNITY,S1-ADL5.test.csv@129.out,70,0.4080615450004807,0.021273241919195503,0.008676789587852495,0.00631911532385466,0.007312614259597806,0.00631911532385466,0.008064516129032258,0.20252764612954188,0.0155113794480272
OPPORTUNITY,S2-ADL2.test.csv@108.out,70,0.3754910129746459,0.013577673556829368,0.0,0.0,0.0,0.0,0.0,0.0,0.0
OPPORTUNITY,S1-ADL5.test.csv@16.out,70,0.43166476821361566,0.022717229746774065,0.008944543828264758,0.007898894154818325,0.008389261744966443,0.007898894154818325,0.011111111111111112,0.20157977883096367,0.02106131880828588
OPPORTUNITY,S4-ADL2.test.csv@77.out,70,0.4112716763005781,0.01157724594561449,0.014527845036319613,0.027649769585253458,0.01904761904761905,0.027649769585253458,0.011111111111111112,0.2110599078341014,0.021110855035722517
OPPORTUNITY,S1-ADL1.test.csv@76.out,70,0.48602089707843715,0.026109922158207406,0.020202020202020204,0.020378457059679767,0.020289855072463767,0.020378457059679767,0.015015015015015015,0.20326055312954877,0.02796428645810804
OPPORTUNITY,S1-ADL4.test.csv@76.out,70,0.44617198809729985,0.02685735126376609,0.014644351464435146,0.01002865329512894,0.011904761904761904,0.01002865329512894,0.005291005291005291,0.20802292263610317,0.01031953604730498
OPPORTUNITY,S1-ADL2.test.csv@79.out,70,0.4755697466318443,0.02357097132787768,0.001953125,0.0013157894736842105,0.0015723270440251573,0.0013157894736842105,0.0049504950495049506,0.20105263157894737,0.009663057775978952
OPPORTUNITY,S2-ADL3.test.csv@40.out,70,0.34985990966706304,0.022064518854181765,0.00819672131147541,0.005145797598627788,0.006322444678609062,0.005145797598627788,0.01195219123505976,0.20137221269296743,0.0225650619546136
OPPORTUNITY,S3-ADL1.test.csv@66.out,70,0.40019670872093227,0.05865179892792566,0.02404809619238477,0.005961251862891207,0.009554140127388535,0.005961251862891207,0.017857142857142856,0.20119225037257826,0.03280281861256226
OPPORTUNITY,S2-ADL3.test.csv@80.out,70,0.3718069162737845,0.020461962161965386,0.012077294685990338,0.008576329331046312,0.010030090270812437,0.008576329331046312,0.013793103448275862,0.20343053173241854,0.02583455862331863
OPPORTUNITY,S1-ADL5.test.csv@66.out,70,0.4813163348615211,0.019116936458081664,0.0,0.0,0.0,0.0,0.0,0.0,0.0
OPPORTUNITY,S1-ADL1.test.csv@94.out,70,0.4744386479887112,0.024345509887509033,0.01749271137026239,0.017467248908296942,0.01747997086671522,0.017467248908296942,0.008928571428571428,0.20698689956331878,0.01711871140163964
OPPORTUNITY,S1-ADL2.test.csv@80.out,70,0.4889285332867309,0.024320817294930287,0.0038022813688212928,0.0013157894736842105,0.0019550342130987292,0.0013157894736842105,0.007246376811594203,0.20105263157894737,0.013988574776622235
OPPORTUNITY,S1-ADL5.test.csv@45.out,70,0.3350185266595491,0.019116936458081664,0.0,0.0,0.0,0.0,0.0,0.0,0.0
OPPORTUNITY,S1-ADL4.test.csv@96.out,70,0.38142684969406526,0.02728874664912178,0.015306122448979591,0.008595988538681949,0.011009174311926606,0.008595988538681949,0.024390243902439025,0.20171919770773641,0.043518575755702546
OPPORTUNITY,S1-ADL5.test.csv@113.out,70,0.46458514460239586,0.02108037574078598,0.004580152671755725,0.004739336492890996,0.004658385093167702,0.004739336492890996,0.0024937655860349127,0.20379146919431282,0.0049272373094992545
OPPORTUNITY,S2-ADL2.test.csv@65.out,70,0.36529652145685776,0.01787141602101149,0.028871391076115485,0.023454157782515993,0.02588235294117647,0.023454157782515993,0.04524886877828054,0.2018763326226013,0.07392751230953983
OPPORTUNITY,S3-ADL1.test.csv@51.out,70,0.38066451775720206,0.060019093137234365,0.012875536480686695,0.0029806259314456036,0.004840661557079467,0.0029806259314456036,0.021505376344086023,0.20059612518628914,0.03884615939623949
OPPORTUNITY,S1-ADL5.test.csv@49.out,70,0.3780694592727501,0.019116936458081664,0.0,0.0,0.0,0.0,0.0,0.0,0.0
OPPORTUNITY,S1-ADL5.test.csv@120.out,70,0.5016484842784573,0.03982957397741586,0.012302284710017574,0.011058451816745656,0.011647254575707155,0.011058451816745656,0.005208333333333333,0.20884676145339653,0.010163211021164386
OPPORTUNITY,S3-ADL5.test.csv@120.out,70,0.4413534584343917,0.04733148339712565,0.028503562945368172,0.011310084825636193,0.016194331983805668,0.011310084825636193,0.020833333333333332,0.20301602262016966,0.037788810722618894
OPPORTUNITY,S1-ADL4.test.csv@83.out,70,0.32546258337115047,0.02282902872979726,0.006711409395973154,0.004297994269340974,0.005240174672489083,0.004297994269340974,0.005376344086021506,0.2034383954154728,0.01047583917373663
OPPORTUNITY,S1-ADL2.test.csv@124.out,70,0.5082562290248773,0.04938521703852515,0.023148148148148147,0.019736842105263157,0.02130681818181818,0.019736842105263157,0.02127659574468085,0.2017543859649123,0.038493723849372385
OPPORTUNITY,S1-ADL4.test.csv@92.out,70,0.44535343996656024,0.02228546942185606,0.0018148820326678765,0.0014326647564469914,0.0016012810248198558,0.0014326647564469914,0.0035460992907801418,0.2011461318051576,0.006969332949457444
OPPORTUNITY,S3-ADL5.test.csv@124.out,70,0.45788272652361395,0.03252707167619658,0.001996007984031936,0.000942507068803016,0.0012804097311139564,0.000942507068803016,0.0034602076124567475,0.20075400565504242,0.006803155642147625
OPPORTUNITY,S1-ADL4.test.csv@108.out,70,0.5252312140417954,0.05837911585221173,0.007462686567164179,0.0071633237822349575,0.007309941520467836,0.0071633237822349575,0.006578947368421052,0.20191021967526265,0.012742692843235945
OPPORTUNITY,S4-ADL3.test.csv@81.out,70,0.47976116999209334,0.04168894102129951,0.05321100917431193,0.03780964797913951,0.04420731707317073,0.03780964797913951,0.041237113402061855,0.20378096479791397,0.06859362228524721
OPPORTUNITY,S1-ADL3.test.csv@91.out,70,0.4839875705498129,0.01973563988548456,0.0,0.0,0.0,0.0,0.0,0.0,0.0
OPPORTUNITY,S1-ADL2.test.csv@78.out,70,0.4889626760130357,0.022322739822592964,0.0,0.0,0.0,0.0,0.0,0.0,0.0
OPPORTUNITY,S1-ADL5.test.csv@90.out,70,0.3569752498670785,0.021174701526772945,0.019184652278177457,0.01263823064770932,0.015238095238095238,0.01263823064770932,0.01744186046511628,0.20337019483938917,0.032128269049989326
OPPORTUNITY,S1-ADL4.test.csv@40.out,70,0.3562564718374136,0.02553009279095815,0.017114914425427872,0.01002865329512894,0.012646793134598013,0.01002865329512894,0.02092050209205021,0.20160458452722063,0.03790735863938658
OPPORTUNITY,S3-ADL3.test.csv@92.out,70,0.42107663385268496,0.043256858727889334,0.02736842105263158,0.01138353765323993,0.016079158936301793,0.01138353765323993,0.02699530516431925,0.201517805020432,0.04761245110332723
OPPORTUNITY,S3-ADL2.test.csv@63.out,70,0.4125786793146816,0.041188582765197525,0.045346062052505964,0.02159090909090909,0.029253271747498075,0.02159090909090909,0.038461538461538464,0.2024675324675325,0.06464319774432974
OPPORTUNITY,S1-ADL5.test.csv@78.out,70,0.5002737304399063,0.04187268940416094,0.04285714285714286,0.004739336492890996,0.008534850640113799,0.004739336492890996,0.03225806451612903,0.20379146919431282,0.05569948186528497
OPPORTUNITY,S3-ADL5.test.csv@38.out,70,0.4247346368370687,0.04108102833412621,0.017110266159695818,0.008482563619227144,0.011342155009451797,0.008482563619227144,0.014957264957264958,0.20135721017907635,0.027846062005844493
OPPORTUNITY,S1-ADL3.test.csv@121.out,70,0.4806649571866664,0.021273086027510983,0.001851851851851852,0.0015432098765432098,0.0016835016835016834,0.0015432098765432098,0.0030581039755351682,0.2012345679012346,0.0060246530280349654
OPPORTUNITY,S1-ADL3.test.csv@78.out,70,0.50687398270869,0.06407043096775744,0.08421052631578947,0.024691358024691357,0.03818615751789976,0.024691358024691357,0.06578947368421052,0.20395061728395064,0.09948690771565534
OPPORTUNITY,S3-ADL3.test.csv@80.out,70,0.3719989533051291,0.04606592283274442,0.05309734513274336,0.01576182136602452,0.024307900067521943,0.01576182136602452,0.04,0.2031523642732049,0.06683952751368481
OPPORTUNITY,S2-ADL3.test.csv@81.out,70,0.41817703995639366,0.022292168840527486,0.006289308176100629,0.005145797598627788,0.005660377358490566,0.005145797598627788,0.0041841004184100415,0.20411663807890223,0.008200110253583241
OPPORTUNITY,S1-ADL1.test.csv@78.out,70,0.5032687559952164,0.031461722863668114,0.016666666666666666,0.01601164483260553,0.016332590942835932,0.01601164483260553,0.011940298507462687,0.20320232896652113,0.022555236902694186
OPPORTUNITY,S1-ADL2.test.csv@48.out,70,0.3736088052634815,0.022322739822592964,0.0,0.0,0.0,0.0,0.0,0.0,0.0
OPPORTUNITY,S3-ADL1.test.csv@55.out,70,0.4207857183988013,0.060446184690640205,0.02154398563734291,0.005961251862891207,0.00933852140077821,0.005961251862891207,0.015,0.20158966716343768,0.027922338558928426
OPPORTUNITY,S4-ADL2.test.csv@131.out,70,0.41472962893902665,0.008976759526529142,0.006593406593406593,0.013824884792626729,0.008928571428571428,0.013824884792626729,0.009259259259259259,0.2055299539170507,0.017720211371131153
OPPORTUNITY,S3-ADL3.test.csv@71.out,70,0.3898831385642738,0.03542842960848793,0.0,0.0,0.0,0.0,0.0,0.0,0.0
OPPORTUNITY,S3-ADL4.test.csv@124.out,70,0.4650529826652909,0.05263835254583851,0.00631911532385466,0.0023378141437755697,0.0034129692832764505,0.0023378141437755697,0.005128205128205128,0.20093512565751023,0.010001163602513382
OPPORTUNITY,S3-ADL1.test.csv@54.out,70,0.3935130744458448,0.06240393393382482,0.010330578512396695,0.0024838549428713363,0.004004805766920304,0.0024838549428713363,0.006134969325153374,0.20198708395429707,0.011908248497557434
OPPORTUNITY,S3-ADL4.test.csv@103.out,70,0.45734990188806074,0.08181555445382864,0.05569007263922518,0.013442431326709527,0.021657250470809793,0.013442431326709527,0.04419889502762431,0.20134424313267096,0.0724857809777427
OPPORTUNITY,S1-ADL1.test.csv@89.out,70,0.4085290395731374,0.01564202344302347,0.006006006006006006,0.005822416302765648,0.005912786400591279,0.005822416302765648,0.005172413793103448,0.20232896652110627,0.01008696072858335
OPPORTUNITY,S1-ADL3.test.csv@52.out,70,0.3360145002423101,0.021668562069231522,0.010050251256281407,0.006172839506172839,0.0076481835564053535,0.006172839506172839,0.010362694300518135,0.20246913580246914,0.01971627795143063
OPPORTUNITY,S3-ADL3.test.csv@126.out,70,0.49332556596078114,0.04741515477777544,0.023809523809523808,0.006129597197898424,0.009749303621169917,0.006129597197898424,0.009345794392523364,0.20245183887915938,0.017866802676929257
OPPORTUNITY,S2-ADL5.test.csv@94.out,70,0.37956741797632787,0.023056502171879937,0.025052192066805846,0.016877637130801686,0.020168067226890758,0.016877637130801686,0.014925373134328358,0.20450070323488045,0.02782029695392622
OPPORTUNITY,S2-ADL4.test.csv@54.out,70,0.5074276893492738,0.031136736495108418,0.01765650080256822,0.023060796645702306,0.02,0.023060796645702306,0.015037593984962405,0.20461215932914048,0.02801618968338261
OPPORTUNITY,S2-ADL2.test.csv@125.out,70,0.42843113915010117,0.013577673556829368,0.0,0.0,0.0,0.0,0.0,0.0,0.0
OPPORTUNITY,S4-ADL2.test.csv@17.out,70,0.4248782664287046,0.011585146565827951,0.00847457627118644,0.018433179723502304,0.011611030478955007,0.018433179723502304,0.01293103448275862,0.20491551459293394,0.024326936520190384
OPPORTUNITY,S1-ADL2.test.csv@93.out,70,0.4664222063644631,0.024949710207564008,0.009009009009009009,0.006578947368421052,0.0076045627376425855,0.006578947368421052,0.003799392097264438,0.20526315789473684,0.00746068791368558
OPPORTUNITY,S2-ADL4.test.csv@80.out,70,0.4758137843244226,0.014050901378579003,0.0,0.0,0.0,0.0,0.0,0.0,0.0
OPPORTUNITY,S2-ADL2.test.csv@109.out,70,0.4906844271001345,0.026743276300545453,0.022865853658536585,0.031982942430703626,0.02666666666666667,0.031982942430703626,0.018633540372670808,0.20284292821606256,0.03413167923715976
OPPORTUNITY,S4-ADL5.test.csv@79.out,70,0.456657146583203,0.02076199412342125,0.02178649237472767,0.020833333333333332,0.021299254526091587,0.020833333333333332,0.026143790849673203,0.2041666666666667,0.04635213432659335
OPPORTUNITY,S2-ADL2.test.csv@101.out,70,0.3182954410189263,0.013577673556829368,0.0,0.0,0.0,0.0,0.0,0.0,0.0
OPPORTUNITY,S3-ADL3.test.csv@67.out,70,0.48165430416719046,0.043391901643724584,0.022271714922048998,0.008756567425569177,0.01257071024512885,0.008756567425569177,0.047058823529411764,0.20175131348511385,0.07631666114607487
OPPORTUNITY,S3-ADL4.test.csv@81.out,70,0.34107347704881213,0.059634608183324236,0.029978586723768737,0.008182349503214495,0.012855831037649219,0.008182349503214495,0.032679738562091505,0.20130917592051434,0.0562311360243653
OPPORTUNITY,S1-ADL3.test.csv@131.out,70,0.4514764767409724,0.020813292700629295,0.0017152658662092624,0.0015432098765432098,0.0016246953696181965,0.0015432098765432098,0.003215434083601286,0.2012345679012346,0.006329728365337941
OPPORTUNITY,S3-ADL3.test.csv@63.out,70,0.4072885340131977,0.05243536474211108,0.06038647342995169,0.021891418563922942,0.032133676092544985,0.021891418563922942,0.05701754385964912,0.20175131348511385,0.0889084141222847
OPPORTUNITY,S4-ADL5.test.csv@5.out,70,0.5008821074595723,0.031182633978675007,0.019784172661870502,0.022916666666666665,0.021235521235521235,0.022916666666666665,0.006796116504854369,0.20611111111111113,0.013158361411597801
OPPORTUNITY,S1-ADL3.test.csv@128.out,70,0.4639355795751784,0.027369030766961525,0.012704174228675136,0.010802469135802469,0.011676396997497914,0.010802469135802469,0.011904761904761904,0.2021604938271605,0.02248541023000343
OPPORTUNITY,S3-ADL2.test.csv@25.out,70,0.5301275035001543,0.11050559533802942,0.07975460122699386,0.029545454545454545,0.04311774461028192,0.029545454545454545,0.03816793893129771,0.20472727272727273,0.06434065117767392
OPPORTUNITY,S3-ADL5.test.csv@68.out,70,0.41519803023179686,0.03384777127339138,0.008714596949891068,0.003770028275212064,0.005263157894736842,0.003770028275212064,0.006097560975609756,0.20301602262016966,0.011839523341010154
OPPORTUNITY,S3-ADL5.test.csv@50.out,70,0.4479328446121536,0.04717711222687828,0.027586206896551724,0.011310084825636193,0.016042780748663103,0.011310084825636193,0.02857142857142857,0.20150801131008483,0.05004681647940075
OPPORTUNITY,S4-ADL4.test.csv@6.out,70,0.521617674251158,0.025328682322498682,0.010080645161290322,0.014044943820224719,0.011737089201877934,0.014044943820224719,0.011396011396011397,0.20280898876404496,0.021579454685386794
OPPORTUNITY,S2-ADL2.test.csv@91.out,70,0.48308246632229024,0.02536898231993397,0.015473887814313346,0.017057569296375266,0.016227180527383367,0.017057569296375266,0.023809523809523808,0.20272921108742006,0.04261422207083247
OPPORTUNITY,S1-ADL2.test.csv@85.out,70,0.39097952407304926,0.022322739822592964,0.0,0.0,0.0,0.0,0.0,0.0,0.0
OPPORTUNITY,S4-ADL2.test.csv@79.out,70,0.4336296316027809,0.014047014656019857,0.01171875,0.027649769585253458,0.01646090534979424,0.027649769585253458,0.013574660633484163,0.20737327188940094,0.025481313703284256
OPPORTUNITY,S3-ADL4.test.csv@53.out,70,0.41551099453738816,0.057062618697176805,0.028985507246376812,0.009351256575102279,0.014140521431727796,0.009351256575102279,0.029288702928870293,0.20106871503715457,0.0511296047247887
OPPORTUNITY,S1-ADL3.test.csv@125.out,70,0.47570821873514924,0.027741135413576232,0.010638297872340425,0.010802469135802469,0.010719754977029096,0.010802469135802469,0.008658008658008658,0.2021604938271605,0.016604873720569128
OPPORTUNITY,S1-ADL4.test.csv@110.out,70,0.4434217540698128,0.027623740188008675,0.009029345372460496,0.0057306590257879654,0.007011393514460999,0.0057306590257879654,0.010101010101010102,0.20152817574021015,0.019237782640408464
OPPORTUNITY,S3-ADL5.test.csv@54.out,70,0.38220381740923803,0.040146179690909105,0.04878048780487805,0.01885014137606032,0.027192386131883073,0.01885014137606032,0.043795620437956206,0.20251335218347472,0.0720168478756743
OPPORTUNITY,S3-ADL1.test.csv@56.out,70,0.36805592200825094,0.061194540601229024,0.01556420233463035,0.003974167908594138,0.006331618519984171,0.003974167908594138,0.02054794520547945,0.20105977810895845,0.03728539097662011
OPPORTUNITY,S3-ADL4.test.csv@125.out,70,0.45668389714061375,0.050341296928327645,0.0,0.0,0.0,0.0,0.0,0.0,0.0
OPPORTUNITY,S1-ADL5.test.csv@77.out,70,0.4761037492934749,0.019116936458081664,0.0,0.0,0.0,0.0,0.0,0.0,0.0
OPPORTUNITY,S4-ADL5.test.csv@40.out,70,0.33724823943661963,0.020146574024298248,0.02127659574468085,0.016666666666666666,0.018691588785046728,0.016666666666666666,0.019801980198019802,0.20333333333333334,0.03608933589705665
OPPORTUNITY,S2-ADL4.test.csv@38.out,70,0.45930249181955324,0.023462379074352016,0.017456359102244388,0.014675052410901468,0.015945330296127564,0.014675052410901468,0.0228310502283105,0.20234800838574424,0.041032390591628234
OPPORTUNITY,S2-ADL4.test.csv@81.out,70,0.4193206337369769,0.019151454636186584,0.00684931506849315,0.006289308176100629,0.006557377049180328,0.006289308176100629,0.004739336492890996,0.2050314465408805,0.009264521996135047
OPPORTUNITY,S1-ADL5.test.csv@52.out,70,0.47685692966119836,0.026974585390654796,0.01048951048951049,0.009478672985781991,0.00995850622406639,0.009478672985781991,0.003289473684210526,0.2075829383886256,0.0064763200307551266
OPPORTUNITY,S1-ADL5.test.csv@114.out,70,0.44344658669848647,0.019116936458081664,0.0,0.0,0.0,0.0,0.0,0.0,0.0
OPPORTUNITY,S1-ADL5.test.csv@125.out,70,0.4633347550648316,0.035716856532830854,0.03713527851458886,0.022116903633491312,0.027722772277227723,0.022116903633491312,0.031007751937984496,0.20221169036334916,0.05377021634110481
OPPORTUNITY,S3-ADL1.test.csv@52.out,70,0.4398624588084027,0.06500477518249018,0.01876172607879925,0.004967709885742673,0.007855459544383346,0.004967709885742673,0.017391304347826087,0.20099354197714855,0.032012659479774504
OPPORTUNITY,S4-ADL4.test.csv@81.out,70,0.4850972307244046,0.020759214270895724,0.010224948875255624,0.014044943820224719,0.011834319526627219,0.014044943820224719,0.00881057268722467,0.2056179775280899,0.01689711687172503
OPPORTUNITY,S1-ADL4.test.csv@90.out,70,0.3671002934752187,0.02377953810019872,0.015306122448979591,0.008595988538681949,0.011009174311926606,0.008595988538681949,0.020618556701030927,0.20171919770773641,0.037412977626614226
OPPORTUNITY,S1-ADL2.test.csv@89.out,70,0.43506733075078396,0.022322739822592964,0.0,0.0,0.0,0.0,0.0,0.0,0.0
OPPORTUNITY,S2-ADL2.test.csv@40.out,70,0.39617199597265945,0.018988021558270333,0.013100436681222707,0.01279317697228145,0.012944983818770227,0.01279317697228145,0.014336917562724014,0.2025586353944563,0.026778478559599733
OPPORTUNITY,S1-ADL3.test.csv@54.out,70,0.48701620189322853,0.030327308168082212,0.019189765458422176,0.013888888888888888,0.01611459265890779,0.013888888888888888,0.015151515151515152,0.20555555555555557,0.02822273073989321
OPPORTUNITY,S2-ADL4.test.csv@66.out,70,0.4520168141872946,0.019826753337849088,0.021551724137931036,0.020964360587002098,0.021253985122210415,0.020964360587002098,0.02252252252252252,0.20335429769392036,0.04055353484677453
OPPORTUNITY,S4-ADL5.test.csv@118.out,70,0.504889475743349,0.03491892501639035,0.04415011037527594,0.041666666666666664,0.04287245444801715,0.041666666666666664,0.0410958904109589,0.20370370370370372,0.06839378238341969
OPPORTUNITY,S3-ADL4.test.csv@126.out,70,0.5034784220848253,0.10978910261529821,0.05199306759098787,0.017533606078316773,0.026223776223776224,0.017533606078316773,0.034271099744245526,0.20100192034733239,0.058557983897405776
OPPORTUNITY,S4-ADL2.test.csv@120.out,70,0.5106626088809568,0.018365104672598706,0.01757469244288225,0.04608294930875576,0.02544529262086514,0.04608294930875576,0.008733624454148471,0.21843317972350232,0.016795705401909892
OPPORTUNITY,S4-ADL5.test.csv@126.out,70,0.424165753781951,0.023164436843474315,0.01856763925729443,0.014583333333333334,0.01633605600933489,0.014583333333333334,0.01893939393939394,0.20233333333333334,0.03463662923399982
OPPORTUNITY,S2-ADL1.test.csv@110.out,70,0.4798283907872949,0.021420681043177563,0.0,0.0,0.0,0.0,0.0,0.0,0.0
OPPORTUNITY,S3-ADL1.test.csv@61.out,70,0.3529631010063362,0.05557396057644525,0.0,0.0,0.0,0.0,0.0,0.0,0.0
OPPORTUNITY,S1-ADL4.test.csv@114.out,70,0.45157156491129613,0.03237744645229371,0.02364066193853428,0.014326647564469915,0.01784121320249777,0.014326647564469915,0.012875536480686695,0.20382043935052532,0.0242210081871699
OPPORTUNITY,S1-ADL5.test.csv@42.out,70,0.36994991397681115,0.02300967180749227,0.015283842794759825,0.011058451816745656,0.012832263978001834,0.011058451816745656,0.013333333333333334,0.20294892048446553,0.025022724321516688
OPPORTUNITY,S2-ADL1.test.csv@108.out,70,0.4486876843286942,0.02506831482994589,0.009389671361502348,0.006726457399103139,0.007838014369693011,0.006726457399103139,0.016483516483516484,0.2008968609865471,0.030467209212703742
OPPORTUNITY,S1-ADL1.test.csv@42.out,70,0.47228217175167225,0.029039540300614897,0.01006036217303823,0.00727802037845706,0.008445945945945946,0.00727802037845706,0.00857843137254902,0.20194080543425522,0.016457739131220728
OPPORTUNITY,S2-ADL2.test.csv@110.out,70,0.4630103559100107,0.013577673556829368,0.0,0.0,0.0,0.0,0.0,0.0,0.0
OPPORTUNITY,S3-ADL1.test.csv@40.out,70,0.4299967807709326,0.09769029596969085,0.009828009828009828,0.001987083954297069,0.003305785123966942,0.001987083954297069,0.014084507042253521,0.20052988905447922,0.026320365138013474
OPPORTUNITY,S1-ADL2.test.csv@122.out,70,0.48182992067884156,0.022322739822592964,0.0,0.0,0.0,0.0,0.0,0.0,0.0
OPPORTUNITY,S1-ADL5.test.csv@108.out,70,0.4082374011819718,0.020059295974224782,0.002320185614849188,0.001579778830963665,0.0018796992481203006,0.001579778830963665,0.0037174721189591076,0.20126382306477095,0.007300106579264029
OPPORTUNITY,S4-ADL5.test.csv@125.out,70,0.42709852634324463,0.019662152427555035,0.011312217194570135,0.010416666666666666,0.010845986984815618,0.010416666666666666,0.007067137809187279,0.2041666666666667,0.013661392625636022
OPPORTUNITY,S1-ADL5.test.csv@71.out,70,0.3060352948564969,0.019116936458081664,0.0,0.0,0.0,0.0,0.0,0.0,0.0
OPPORTUNITY,S3-ADL4.test.csv@67.out,70,0.4811790511630311,0.057221573177403805,0.01702127659574468,0.004675628287551139,0.007336084364970197,0.004675628287551139,0.041666666666666664,0.20093512565751023,0.06902089899821325
OPPORTUNITY,S2-ADL3.test.csv@79.out,70,0.3832426783007055,0.021888362761086935,0.010526315789473684,0.00686106346483705,0.008307372793354102,0.00686106346483705,0.006622516556291391,0.20548885077186965,0.012831498222012766
OPPORTUNITY,S4-ADL5.test.csv@131.out,70,0.41511952269170577,0.02007529284204535,0.013422818791946308,0.0125,0.012944983818770227,0.0125,0.008695652173913044,0.20500000000000002,0.016683621566632757
OPPORTUNITY,S1-ADL2.test.csv@120.out,70,0.49306441486486924,0.04159811846447393,0.01232394366197183,0.009210526315789473,0.010542168674698794,0.009210526315789473,0.009523809523809525,0.2036842105263158,0.018196779123075116
OPPORTUNITY,S3-ADL3.test.csv@55.out,70,0.4503653491370615,0.043473845000934735,0.019064124783362217,0.009632224168126095,0.012798138452588714,0.009632224168126095,0.013636363636363636,0.2025685931115003,0.025552596374525952
OPPORTUNITY,S2-ADL2.test.csv@104.out,70,0.3889417926437329,0.013577673556829368,0.0,0.0,0.0,0.0,0.0,0.0,0.0
OPPORTUNITY,S1-ADL5.test.csv@18.out,70,0.4288163445348512,0.0264976469487973,0.020460358056265986,0.01263823064770932,0.015625,0.01263823064770932,0.03763440860215054,0.20144436921688108,0.0634204321342911
OPPORTUNITY,S2-ADL2.test.csv@81.out,70,0.36335353517920627,0.019288191384167437,0.019027484143763214,0.019189765458422176,0.01910828025477707,0.019189765458422176,0.01984126984126984,0.20307036247334756,0.03615041365729529
OPPORTUNITY,S2-ADL5.test.csv@93.out,70,0.3545269529438272,0.022583648338245013,0.02012072434607646,0.014064697609001406,0.016556291390728478,0.014064697609001406,0.023148148148148147,0.20225035161744023,0.04154172372153756
OPPORTUNITY,S1-ADL2.test.csv@130.out,70,0.4457384294993154,0.028826103325197496,0.015665796344647518,0.007894736842105263,0.010498687664041995,0.007894736842105263,0.014778325123152709,0.20210526315789476,0.027542676803901878
OPPORTUNITY,S2-ADL2.test.csv@54.out,70,0.49665310429842724,0.026179316435125305,0.03373015873015873,0.03624733475479744,0.03494347379239465,0.03624733475479744,0.05521472392638037,0.20322198531153757,0.08683631553609912
OPPORTUNITY,S1-ADL3.test.csv@80.out,70,0.4986810933156083,0.03795524777607266,0.04583333333333333,0.016975308641975308,0.024774774774774775,0.016975308641975308,0.03076923076923077,0.20679012345679013,0.053567859284429344
OPPORTUNITY,S3-ADL4.test.csv@92.out,70,0.49440554864882547,0.050341296928327645,0.0,0.0,0.0,0.0,0.0,0.0,0.0
OPPORTUNITY,S3-ADL4.test.csv@94.out,70,0.4458696902273885,0.0616721671065405,0.043327556325823226,0.014611338398597311,0.021853146853146852,0.014611338398597311,0.031746031746031744,0.20194817845314633,0.05486702711858127
OPPORTUNITY,S1-ADL2.test.csv@42.out,70,0.4514072952164584,0.025295959951882618,0.008291873963515755,0.006578947368421052,0.007336757153338224,0.006578947368421052,0.008130081300813009,0.20263157894736844,0.01563293066693737
OPPORTUNITY,S4-ADL2.test.csv@81.out,70,0.4372763112330519,0.016006065399958906,0.024539877300613498,0.055299539170506916,0.0339943342776204,0.055299539170506916,0.020134228187919462,0.21474654377880187,0.03681660170652059
OPPORTUNITY,S4-ADL5.test.csv@6.out,70,0.5115634454877411,0.03292365550905643,0.020905923344947737,0.025,0.022770398481973434,0.025,0.0213903743315508,0.2025,0.038693497342807665
OPPORTUNITY,S2-ADL5.test.csv@79.out,70,0.4087234231503291,0.0207832129870521,0.008865248226950355,0.007032348804500703,0.00784313725490196,0.007032348804500703,0.00909090909090909,0.2028129395218003,0.017401798105352077
OPPORTUNITY,S1-ADL3.test.csv@89.out,70,0.4719069059547213,0.01973563988548456,0.0,0.0,0.0,0.0,0.0,0.0,0.0
OPPORTUNITY,S4-ADL4.test.csv@120.out,70,0.5826796478065301,0.036683317586242346,0.018975332068311195,0.028089887640449437,0.022650056625141562,0.028089887640449437,0.019138755980861243,0.2056179775280899,0.0350180591766929
OPPORTUNITY,S1-ADL3.test.csv@111.out,70,0.43145032173611453,0.020930251382108567,0.004366812227074236,0.0030864197530864196,0.003616636528028933,0.0030864197530864196,0.005434782608695652,0.20246913580246914,0.010585425676111792
OPPORTUNITY,S1-ADL3.test.csv@120.out,70,0.47353212546260093,0.02240231611651312,0.00392156862745098,0.0030864197530864196,0.0034542314335060447,0.0030864197530864196,0.011627906976744186,0.2012345679012346,0.02198543296466145
OPPORTUNITY,S4-ADL2.test.csv@127.out,70,0.41467262459710713,0.00897647647602904,0.006593406593406593,0.013824884792626729,0.008928571428571428,0.013824884792626729,0.009259259259259259,0.2055299539170507,0.017720211371131153
OPPORTUNITY,S4-ADL5.test.csv@91.out,70,0.4084235785080856,0.02362916193003855,0.03333333333333333,0.025,0.02857142857142857,0.025,0.015267175572519083,0.21000000000000002,0.028464927143341243
OPPORTUNITY,S4-ADL4.test.csv@133.out,70,0.35681021307830996,0.01235306249984645,0.0024390243902439024,0.0028089887640449437,0.0026109660574412533,0.0028089887640449437,0.00546448087431694,0.20224719101123598,0.010641442506650901
OPPORTUNITY,S3-ADL5.test.csv@103.out,70,0.4761974714395579,0.056607581958163566,0.03409090909090909,0.01413760603204524,0.019986675549633577,0.01413760603204524,0.024509803921568627,0.20226201696512724,0.043721502585395464
OPPORTUNITY,S4-ADL5.test.csv@132.out,70,0.4215680751173709,0.021138943309582228,0.02631578947368421,0.022916666666666665,0.024498886414253896,0.022916666666666665,0.018957345971563982,0.20458333333333334,0.03469934011183647
OPPORTUNITY,S1-ADL4.test.csv@103.out,70,0.459634369046549,0.033907019456983746,0.013303769401330377,0.008595988538681949,0.010443864229765013,0.008595988538681949,0.02142857142857143,0.2022922636103152,0.03875217271978776
OPPORTUNITY,S1-ADL4.test.csv@112.out,70,0.45157156491129613,0.03237744645229371,0.02364066193853428,0.014326647564469915,0.01784121320249777,0.014326647564469915,0.012875536480686695,0.20382043935052532,0.0242210081871699
OPPORTUNITY,S3-ADL5.test.csv@55.out,70,0.43160331272199304,0.041215485654626974,0.031496062992125984,0.015080113100848256,0.020395156150414276,0.015080113100848256,0.02727272727272727,0.20201068174677977,0.048057399818134255
OPPORTUNITY,S1-ADL5.test.csv@80.out,70,0.48976323557118634,0.019116936458081664,0.0,0.0,0.0,0.0,0.0,0.0,0.0
OPPORTUNITY,S4-ADL5.test.csv@108.out,70,0.5412380020865937,0.04627681756532822,0.01468189233278956,0.01875,0.01646843549862763,0.01875,0.02,0.201875,0.0363943661971831
OPPORTUNITY,S1-ADL4.test.csv@16.out,70,0.47554188964133326,0.03315492771622276,0.014705882352941176,0.011461318051575931,0.01288244766505636,0.011461318051575931,0.010238907849829351,0.20305635148042026,0.0194948099424142
OPPORTUNITY,S2-ADL4.test.csv@77.out,70,0.5306934022309373,0.04283840550677415,0.015594541910331383,0.016771488469601678,0.01616161616161616,0.016771488469601678,0.007194244604316547,0.20670859538784067,0.013904557761732854
OPPORTUNITY,S3-ADL3.test.csv@103.out,70,0.44214768338357274,0.05196394974629489,0.027210884353741496,0.010507880910683012,0.015161086544535692,0.010507880910683012,0.022222222222222223,0.20210157618213662,0.040041637751561415
OPPORTUNITY,S4-ADL3.test.csv@42.out,70,0.44241547263894787,0.03525308686088027,0.037549407114624504,0.024771838331160364,0.029850746268656716,0.024771838331160364,0.030612244897959183,0.20330291177748805,0.05321210144955012
OPPORTUNITY,S2-ADL2.test.csv@38.out,70,0.5348489455387709,0.03575514857553803,0.018302828618968387,0.023454157782515993,0.020560747663551402,0.023454157782515993,0.020066889632107024,0.2031272210376688,0.03652543979415567
OPPORTUNITY,S1-ADL4.test.csv@95.out,70,0.3431094159799303,0.02247969937430686,0.007211538461538462,0.004297994269340974,0.005385996409335727,0.004297994269340974,0.006211180124223602,0.2034383954154728,0.012054329371816637
OPPORTUNITY,S1-ADL2.test.csv@108.out,70,0.4911304964125865,0.028847889964415476,0.011695906432748537,0.005263157894736842,0.007259528130671506,0.005263157894736842,0.01606425702811245,0.20105263157894737,0.02975135808719017
OPPORTUNITY,S4-ADL5.test.csv@42.out,70,0.43962160928534155,0.02404791072626937,0.01951219512195122,0.016666666666666666,0.017977528089887642,0.016666666666666666,0.01507537688442211,0.20444444444444446,0.028080170922779528
OPPORTUNITY,S2-ADL2.test.csv@89.out,70,0.503671065151397,0.02850140986492615,0.023722627737226276,0.02771855010660981,0.025565388397246803,0.02771855010660981,0.03383458646616541,0.20246387112058756,0.057979907475182106
OPPORTUNITY,S1-ADL2.test.csv@114.out,70,0.4704851503412654,0.022322739822592964,0.0,0.0,0.0,0.0,0.0,0.0,0.0
OPPORTUNITY,S1-ADL3.test.csv@45.out,70,0.3329684491919995,0.020862213206506372,0.007125890736342043,0.004629629629629629,0.005612722170252572,0.004629629629629629,0.005747126436781609,0.20370370370370372,0.011178861788617886
OPPORTUNITY,S2-ADL2.test.csv@94.out,70,0.39692401325966614,0.017586360106771726,0.01417004048582996,0.014925373134328358,0.014537902388369679,0.014925373134328358,0.019762845849802372,0.20238805970149254,0.036009432559325275
OPPORTUNITY,S4-ADL2.test.csv@124.out,70,0.4861725846407927,0.010052808166135276,0.0032733224222585926,0.009216589861751152,0.004830917874396135,0.009216589861751152,0.005,0.20368663594470046,0.009760406315557028
OPPORTUNITY,S4-ADL5.test.csv@54.out,70,0.4939530516431925,0.02717539893059654,0.03309692671394799,0.029166666666666667,0.031007751937984496,0.029166666666666667,0.03305785123966942,0.20583333333333334,0.056966586905757205
OPPORTUNITY,S1-ADL5.test.csv@83.out,70,0.38224714733493803,0.022656165745372107,0.00823045267489712,0.00631911532385466,0.0071492403932082215,0.00631911532385466,0.013333333333333334,0.20252764612954188,0.025019516003122563
OPPORTUNITY,S4-ADL5.test.csv@32.out,70,0.5323351591027649,0.03897750126545105,0.025925925925925925,0.029166666666666667,0.027450980392156862,0.029166666666666667,0.027888446215139442,0.20333333333333334,0.04904945149618058
OPPORTUNITY,S2-ADL3.test.csv@92.out,70,0.4931095116057668,0.02185767096796038,0.007142857142857143,0.003430531732418525,0.004634994206257242,0.003430531732418525,0.01639344262295082,0.20137221269296743,0.03031868188626621
OPPORTUNITY,S4-ADL1.test.csv@42.out,70,0.42292307085400144,0.02609652945073966,0.019374068554396422,0.01425438596491228,0.016424510423247,0.01425438596491228,0.016666666666666666,0.20285087719298248,0.030802530802530804
OPPORTUNITY,S4-ADL2.test.csv@33.out,70,0.5000867052023124,0.01497831100364676,0.01282051282051282,0.004608294930875576,0.006779661016949152,0.004608294930875576,0.021739130434782608,0.20368663594470046,0.03928539685361301
OPPORTUNITY,S1-ADL4.test.csv@94.out,70,0.4623324447231094,0.024786439895282664,0.011009174311926606,0.008595988538681949,0.009654062751407884,0.008595988538681949,0.011834319526627219,0.2034383954154728,0.022367488383082616
OPPORTUNITY,S4-ADL2.test.csv@128.out,70,0.4703966330145708,0.010345637884943271,0.007564296520423601,0.02304147465437788,0.011389521640091117,0.02304147465437788,0.009615384615384616,0.2046082949308756,0.01836760021511604
OPPORTUNITY,S2-ADL3.test.csv@89.out,70,0.3671265433721331,0.018920279005095134,0.014018691588785047,0.010291595197255575,0.011869436201780416,0.010291595197255575,0.023255813953488372,0.2016466552315609,0.0417021397355128
OPPORTUNITY,S3-ADL2.test.csv@55.out,70,0.4604828507273201,0.04036564411581838,0.019148936170212766,0.010227272727272727,0.013333333333333334,0.010227272727272727,0.014563106796116505,0.20272727272727273,0.02717413379909826
OPPORTUNITY,S2-ADL5.test.csv@98.out,70,0.3177153056671129,0.019072911636890393,0.0,0.0,0.0,0.0,0.0,0.0,0.0
OPPORTUNITY,S4-ADL3.test.csv@16.out,70,0.46813281062141526,0.0367532459652185,0.016129032258064516,0.010430247718383311,0.012668250197941409,0.010430247718383311,0.023529411764705882,0.20104302477183833,0.04212826992691756
OPPORTUNITY,S2-ADL2.test.csv@93.out,70,0.3982410587225756,0.018902117983823068,0.008888888888888889,0.008528784648187633,0.008705114254624592,0.008528784648187633,0.00975609756097561,0.20341151385927506,0.01861917540863625
OPPORTUNITY,S2-ADL3.test.csv@52.out,70,0.39452227004231444,0.023466634566539753,0.0234192037470726,0.017152658662092625,0.019801980198019802,0.017152658662092625,0.024896265560165973,0.2022870211549457,0.04433593219701795
OPPORTUNITY,S1-ADL2.test.csv@96.out,70,0.3908208655747467,0.028483616511843217,0.020833333333333332,0.013157894736842105,0.016129032258064516,0.013157894736842105,0.01910828025477707,0.20350877192982458,0.0349362513803835
OPPORTUNITY,S1-ADL5.test.csv@132.out,70,0.4080615450004807,0.021273241919195503,0.008676789587852495,0.00631911532385466,0.007312614259597806,0.00631911532385466,0.008064516129032258,0.20252764612954188,0.0155113794480272
OPPORTUNITY,S2-ADL5.test.csv@92.out,70,0.34773101626697445,0.02413370654228313,0.02763819095477387,0.015471167369901548,0.019837691614066726,0.015471167369901548,0.04020100502512563,0.20154711673699016,0.06703172371048423
OPPORTUNITY,S2-ADL3.test.csv@68.out,70,0.4391224815612644,0.024655116743777357,0.0189873417721519,0.015437392795883362,0.017029328287606435,0.015437392795883362,0.018867924528301886,0.2030874785591767,0.03452801026508413
OPPORTUNITY,S1-ADL1.test.csv@81.out,70,0.4723198482925005,0.020518200462045486,0.014157014157014158,0.01601164483260553,0.015027322404371584,0.01601164483260553,0.020598006644518274,0.2018299022665835,0.037381043487767676
OPPORTUNITY,S4-ADL3.test.csv@124.out,70,0.48551194019827165,0.026197680858147863,0.00558659217877095,0.003911342894393742,0.004601226993865031,0.003911342894393742,0.006430868167202572,0.20156453715775752,0.012464073075264136
OPPORTUNITY,S2-ADL5.test.csv@91.out,70,0.4357799615401754,0.029550461758270162,0.01996007984031936,0.014064697609001406,0.0165016501650165,0.014064697609001406,0.031496062992125984,0.20140646976090015,0.05447352404138771
OPPORTUNITY,S3-ADL2.test.csv@53.out,70,0.44514616851759564,0.032866644838590774,0.023255813953488372,0.014772727272727272,0.018068102849200834,0.014772727272727272,0.02109704641350211,0.20236363636363638,0.03821052523164916
OPPORTUNITY,S1-ADL3.test.csv@132.out,70,0.4505053770133463,0.021633792954671917,0.007952286282306162,0.006172839506172839,0.0069504778453518675,0.006172839506172839,0.007067137809187279,0.20246913580246914,0.013657561625582943
OPPORTUNITY,S1-ADL5.test.csv@39.out,70,0.37151277688171314,0.021860916873517714,0.007832898172323759,0.004739336492890996,0.005905511811023622,0.004739336492890996,0.0031645569620253164,0.20379146919431282,0.006232335676498297
OPPORTUNITY,S2-ADL2.test.csv@98.out,70,0.3983971473596021,0.020402045614714974,0.012244897959183673,0.01279317697228145,0.01251303441084463,0.01279317697228145,0.00966183574879227,0.2051172707889126,0.01845439634748746
OPPORTUNITY,S1-ADL4.test.csv@77.out,70,0.3393585819943892,0.021303870101330728,0.0,0.0,0.0,0.0,0.0,0.0,0.0
OPPORTUNITY,S1-ADL5.test.csv@82.out,70,0.33260064058280475,0.019116936458081664,0.0,0.0,0.0,0.0,0.0,0.0,0.0
OPPORTUNITY,S3-ADL3.test.csv@51.out,70,0.3388047797116619,0.03819393574601748,0.019851116625310174,0.0070052539404553416,0.010355987055016181,0.0070052539404553416,0.010526315789473684,0.20280210157618214,0.0200138264777048
OPPORTUNITY,S1-ADL2.test.csv@67.out,70,0.4707760916772655,0.025897202776505045,0.007987220447284345,0.006578947368421052,0.007215007215007215,0.006578947368421052,0.011235955056179775,0.20263157894736844,0.021291303746716436
OPPORTUNITY,S4-ADL5.test.csv@129.out,70,0.4215680751173709,0.021138943309582228,0.02631578947368421,0.022916666666666665,0.024498886414253896,0.022916666666666665,0.018957345971563982,0.20458333333333334,0.03469934011183647
OPPORTUNITY,S3-ADL4.test.csv@93.out,70,0.44198548155158635,0.05502896385127209,0.023121387283236993,0.0070134424313267095,0.010762331838565023,0.0070134424313267095,0.016216216216216217,0.20187025131502045,0.030020859891065014
OPPORTUNITY,S4-ADL5.test.csv@127.out,70,0.4151785993740219,0.020077105808961042,0.013422818791946308,0.0125,0.012944983818770227,0.0125,0.008695652173913044,0.20500000000000002,0.016683621566632757
OPPORTUNITY,S1-ADL5.test.csv@44.out,70,0.2896753124411229,0.019116936458081664,0.0,0.0,0.0,0.0,0.0,0.0,0.0
OPPORTUNITY,S4-ADL5.test.csv@81.out,70,0.40090884194053206,0.021409856509595454,0.04112554112554113,0.03958333333333333,0.040339702760084924,0.03958333333333333,0.049079754601226995,0.20395833333333335,0.07912030185324558
OPPORTUNITY,S1-ADL2.test.csv@76.out,70,0.4817470719780451,0.025222269128923266,0.008620689655172414,0.003947368421052632,0.005415162454873646,0.003947368421052632,0.005,0.20315789473684212,0.009759797724399494
OPPORTUNITY,S1-ADL4.test.csv@42.out,70,0.3961538194528178,0.0283170518957569,0.023076923076923078,0.012893982808022923,0.016544117647058824,0.012893982808022923,0.025974025974025976,0.2025787965616046,0.04604438365977955
OPPORTUNITY,S1-ADL3.test.csv@47.out,70,0.3740918754487042,0.021202444689567848,0.00816326530612245,0.006172839506172839,0.007029876977152899,0.006172839506172839,0.006666666666666667,0.20493827160493827,0.012913263321664724
OPPORTUNITY,S1-ADL5.test.csv@17.out,70,0.3816177855931671,0.019116936458081664,0.0,0.0,0.0,0.0,0.0,0.0,0.0
OPPORTUNITY,S2-ADL2.test.csv@55.out,70,0.4534746726516718,0.02143753981421791,0.019230769230769232,0.019189765458422176,0.0192102454642476,0.019189765458422176,0.03153153153153153,0.20219311605239113,0.05455529555970662
OPPORTUNITY,S4-ADL5.test.csv@16.out,70,0.3610565988523734,0.020883267714585995,0.03076923076923077,0.029166666666666667,0.029946524064171122,0.029166666666666667,0.022727272727272728,0.2046666666666667,0.04091151385927505
OPPORTUNITY,S1-ADL3.test.csv@93.out,70,0.409444191956558,0.023333494153347706,0.010638297872340425,0.007716049382716049,0.008944543828264758,0.007716049382716049,0.010869565217391304,0.20308641975308644,0.020634721525338684
OPPORTUNITY,S4-ADL3.test.csv@118.out,70,0.46861432018843385,0.03847435793086442,0.03551401869158879,0.024771838331160364,0.029185867895545316,0.024771838331160364,0.02030456852791878,0.2049543676662321,0.03694867847363411
OPPORTUNITY,S4-ADL5.test.csv@53.out,70,0.380409820031299,0.017280956569896786,0.00909090909090909,0.008333333333333333,0.008695652173913044,0.008333333333333333,0.01932367149758454,0.2016666666666667,0.03526797099865194
OPPORTUNITY,S4-ADL2.test.csv@42.out,70,0.5764544098452359,0.02268509491729005,0.01859504132231405,0.041474654377880185,0.025677603423680456,0.041474654377880185,0.017094017094017096,0.20829493087557605,0.03159513490843003
OPPORTUNITY,S4-ADL4.test.csv@92.out,70,0.44545953109043823,0.015562223907473156,0.014553014553014554,0.019662921348314606,0.016726403823178016,0.019662921348314606,0.015463917525773196,0.2052434456928839,0.028760868424275294
OPPORTUNITY,S1-ADL1.test.csv@16.out,70,0.48708475363145587,0.025804655213732684,0.005701254275940707,0.00727802037845706,0.00639386189258312,0.00727802037845706,0.0017985611510791368,0.20582241630276565,0.003565961460379747
OPPORTUNITY,S4-ADL1.test.csv@16.out,70,0.44094435865376347,0.03357320893015806,0.0380952380952381,0.02631578947368421,0.0311284046692607,0.02631578947368421,0.03582089552238806,0.2017543859649123,0.06083985451339138
OPPORTUNITY,S3-ADL5.test.csv@51.out,70,0.4126393199081658,0.04569858926930693,0.03547671840354767,0.015080113100848256,0.021164021164021163,0.015080113100848256,0.01990049751243781,0.20301602262016966,0.03624782811730901
OPPORTUNITY,S3-ADL2.test.csv@50.out,70,0.49498573242210675,0.05289463505949186,0.038288288288288286,0.019318181818181818,0.0256797583081571,0.019318181818181818,0.026785714285714284,0.20257575757575758,0.047315151229179446
OPPORTUNITY,S1-ADL3.test.csv@115.out,70,0.43148193165368215,0.020930453935103063,0.004366812227074236,0.0030864197530864196,0.003616636528028933,0.0030864197530864196,0.005434782608695652,0.20246913580246914,0.010585425676111792
OPPORTUNITY,S2-ADL2.test.csv@120.out,70,0.35278538269253656,0.013577673556829368,0.0,0.0,0.0,0.0,0.0,0.0,0.0
OPPORTUNITY,S1-ADL3.test.csv@81.out,70,0.47376009853682294,0.022595044715953045,0.008064516129032258,0.006172839506172839,0.006993006993006993,0.006172839506172839,0.008333333333333333,0.20493827160493827,0.016015436565364208
OPPORTUNITY,S2-ADL4.test.csv@92.out,70,0.44414980984408703,0.015587949112536486,0.00398406374501992,0.0041928721174004195,0.0040858018386108275,0.0041928721174004195,0.00411522633744856,0.20335429769392036,0.00806719893546241
OPPORTUNITY,S3-ADL5.test.csv@67.out,70,0.48060111033118497,0.0317057136026775,0.0,0.0,0.0,0.0,0.0,0.0,0.0
OPPORTUNITY,S4-ADL5.test.csv@77.out,70,0.45528501564945223,0.02183689346209809,0.008492569002123142,0.008333333333333333,0.008412197686645636,0.008333333333333333,0.004166666666666667,0.20666666666666667,0.008168642951251647
OPPORTUNITY,S3-ADL5.test.csv@126.out,70,0.5706354347654418,0.15209080205035772,0.0374331550802139,0.019792648444863337,0.025893958076448828,0.019792648444863337,0.021021021021021023,0.20226201696512724,0.038083986573506
OPPORTUNITY,S1-ADL4.test.csv@133.out,70,0.3874626487746167,0.030955419958161437,0.028132992327365727,0.015759312320916905,0.020202020202020204,0.015759312320916905,0.020833333333333332,0.20252148997134672,0.0377802247142964
OPPORTUNITY,S1-ADL4.test.csv@52.out,70,0.3517565123948703,0.024722229238850726,0.021377672209026127,0.012893982808022923,0.0160857908847185,0.012893982808022923,0.03553299492385787,0.20147359803520262,0.06041148684427394
OPPORTUNITY,S3-ADL4.test.csv@130.out,70,0.4038918876831972,0.06788044178143371,0.028503562945368172,0.0070134424313267095,0.01125703564727955,0.0070134424313267095,0.022727272727272728,0.20093512565751023,0.04083571878229264
OPPORTUNITY,S1-ADL5.test.csv@40.out,70,0.32474321773058906,0.021936310016506012,0.007894736842105263,0.004739336492890996,0.005923000987166831,0.004739336492890996,0.0045871559633027525,0.20379146919431282,0.008972352634324466
OPPORTUNITY,S1-ADL2.test.csv@82.out,70,0.3369304556354916,0.022322739822592964,0.0,0.0,0.0,0.0,0.0,0.0,0.0
OPPORTUNITY,S3-ADL4.test.csv@108.out,70,0.4077258654017618,0.05346098281619191,0.025157232704402517,0.0070134424313267095,0.010968921389396709,0.0070134424313267095,0.022292993630573247,0.20080153627786593,0.04013067797842454
OPPORTUNITY,S2-ADL1.test.csv@109.out,70,0.42814097670047047,0.02229618574897163,0.003937007874015748,0.002242152466367713,0.002857142857142857,0.002242152466367713,0.003048780487804878,0.20179372197309417,0.006006807715410799
OPPORTUNITY,S1-ADL3.test.csv@126.out,70,0.48357194417238386,0.022223227557748262,0.004424778761061947,0.0030864197530864196,0.0036363636363636364,0.0030864197530864196,0.006289308176100629,0.2012345679012346,0.01219740337486437
OPPORTUNITY,S1-ADL4.test.csv@39.out,70,0.35417027481878854,0.025684891006068473,0.015730337078651686,0.01002865329512894,0.012248468941382326,0.01002865329512894,0.013651877133105802,0.2020057306590258,0.02557533159505725
OPPORTUNITY,S2-ADL5.test.csv@78.out,70,0.5353397885964862,0.06083034761637322,0.060077519379844964,0.04360056258790436,0.05052974735126324,0.04360056258790436,0.09292035398230089,0.20166097381287257,0.1272206165364066
OPPORTUNITY,S4-ADL3.test.csv@53.out,70,0.4291900388009193,0.03159094985291341,0.012578616352201259,0.007822685788787484,0.00964630225080386,0.007822685788787484,0.008064516129032258,0.203129074315515,0.015513138373609743
OPPORTUNITY,S2-ADL4.test.csv@93.out,70,0.3676941325587563,0.017503838711529586,0.011111111111111112,0.010482180293501049,0.010787486515641856,0.010482180293501049,0.023809523809523808,0.20209643605870023,0.042600203278978295
OPPORTUNITY,S1-ADL5.test.csv@131.out,70,0.4142016789131027,0.020681975562403237,0.008298755186721992,0.00631911532385466,0.007174887892376682,0.00631911532385466,0.007272727272727273,0.20252764612954188,0.014041236548834917
OPPORTUNITY,S3-ADL3.test.csv@120.out,70,0.4437729549248748,0.03542842960848793,0.0,0.0,0.0,0.0,0.0,0.0,0.0
OPPORTUNITY,S1-ADL2.test.csv@90.out,70,0.49246756441001044,0.022322739822592964,0.0,0.0,0.0,0.0,0.0,0.0,0.0
OPPORTUNITY,S3-ADL3.test.csv@104.out,70,0.40239459227141566,0.05163771856283508,0.045454545454545456,0.01576182136602452,0.02340702210663199,0.01576182136602452,0.03896103896103896,0.20210157618213662,0.06532815035664415
OPPORTUNITY,S2-ADL1.test.csv@120.out,70,0.38446485021827487,0.021420681043177563,0.0,0.0,0.0,0.0,0.0,0.0,0.0
OPPORTUNITY,S4-ADL5.test.csv@89.out,70,0.43170220396452796,0.02405225498228365,0.03549060542797495,0.035416666666666666,0.035453597497393116,0.035416666666666666,0.04484304932735426,0.20283333333333334,0.07344798138754523
OPPORTUNITY,S1-ADL2.test.csv@44.out,70,0.29982168111664514,0.022322739822592964,0.0,0.0,0.0,0.0,0.0,0.0,0.0
OPPORTUNITY,S1-ADL2.test.csv@103.out,70,0.46536835309080665,0.03560102190045658,0.0205761316872428,0.013157894736842105,0.016051364365971106,0.013157894736842105,0.012422360248447204,0.20526315789473684,0.023426940982129447
OPPORTUNITY,S4-ADL5.test.csv@38.out,70,0.35891757955138237,0.020133590022059025,0.02891566265060241,0.025,0.026815642458100558,0.025,0.025157232704402517,0.20500000000000002,0.04481486541877306
OPPORTUNITY,S3-ADL4.test.csv@129.out,70,0.3976902861283052,0.051288652682947515,0.006160164271047228,0.0017533606078316774,0.00272975432211101,0.0017533606078316774,0.004081632653061225,0.20140268848626536,0.00800111449070097
OPPORTUNITY,S3-ADL4.test.csv@63.out,70,0.3359320412434592,0.05871160644550585,0.02518891687657431,0.0058445353594389245,0.009487666034155597,0.0058445353594389245,0.04597701149425287,0.2005844535359439,0.07480709708356947
OPPORTUNITY,S1-ADL5.test.csv@130.out,70,0.4613470097355371,0.02028750016124477,0.0013623978201634877,0.001579778830963665,0.001463057790782736,0.001579778830963665,0.002277904328018223,0.20126382306477095,0.004504823060168029
OPPORTUNITY,S1-ADL3.test.csv@130.out,70,0.4639355795751784,0.027369030766961525,0.012704174228675136,0.010802469135802469,0.011676396997497914,0.010802469135802469,0.011904761904761904,0.2021604938271605,0.02248541023000343
OPPORTUNITY,S1-ADL1.test.csv@80.out,70,0.5172068951609793,0.05400128777048595,0.07349081364829396,0.040756914119359534,0.052434456928838954,0.040756914119359534,0.028455284552845527,0.2081513828238719,0.050066271538249926
OPPORTUNITY,S4-ADL2.test.csv@16.out,70,0.5807525105884234,0.022385823117626547,0.012195121951219513,0.02304147465437788,0.01594896331738437,0.02304147465437788,0.009345794392523364,0.20614439324116746,0.017880935884453445
OPPORTUNITY,S2-ADL4.test.csv@89.out,70,0.40627696872400026,0.01856927765144376,0.011320754716981131,0.012578616352201259,0.011916583912611719,0.012578616352201259,0.007434944237918215,0.2050314465408805,0.014349538922023902
OPPORTUNITY,S1-ADL3.test.csv@68.out,70,0.4215232418035386,0.01973563988548456,0.0,0.0,0.0,0.0,0.0,0.0,0.0
OPPORTUNITY,S1-ADL3.test.csv@53.out,70,0.3850754899635086,0.020962410667354135,0.00804289544235925,0.004629629629629629,0.005876591576885406,0.004629629629629629,0.005405405405405406,0.20370370370370372,0.010531354715174725
OPPORTUNITY,S1-ADL3.test.csv@114.out,70,0.4837022005200076,0.01973563988548456,0.0,0.0,0.0,0.0,0.0,0.0,0.0
OPPORTUNITY,S2-ADL4.test.csv@67.out,70,0.43189219715826616,0.020624634916480825,0.017408123791102514,0.018867924528301886,0.018108651911468814,0.018867924528301886,0.016304347826086956,0.2050314465408805,0.030206628161966828
SMD,machine-1-5.test.csv@1.out,70,0.6194899601796154,0.3215918337466058,0.5,0.24,0.32432432432432434,0.24,0.5,0.3132307468441922,0.38516835235228075
SMD,machine-1-5.test.csv@31.out,70,0.5561096755062273,0.01938474445707739,0.03418803418803419,0.08,0.04790419161676647,0.08,0.02030456852791878,0.26446585672392126,0.03771364323662969
SMD,machine-2-1.test.csv@11.out,70,0.5017492722523917,0.17002938334225648,0.3,0.0038363171355498722,0.007575757575757576,0.0038363171355498722,0.3,0.05664408055712405,0.09529514209568042
SMD,machine-2-3.test.csv@6.out,70,0.6076356737822737,0.09169411623770418,0.14102564102564102,0.20465116279069767,0.16698292220113853,0.20465116279069767,0.2054794520547945,0.10178454450563294,0.13613461171361915
SMD,machine-1-5.test.csv@25.out,70,0.5332811573328814,0.005416259652146425,0.01,0.02,0.013333333333333334,0.02,0.005494505494505495,0.04935064935064935,0.009888108248763986
SMD,machine-2-8.test.csv@33.out,70,0.6484496346835239,0.41015509907011116,0.676056338028169,0.2981366459627329,0.41379310344827586,0.2981366459627329,0.8888888888888888,0.2298136645962733,0.365206662553979
SMD,machine-2-7.test.csv@28.out,70,0.42007312925658297,0.0025310028726786417,0.0,0.0,0.0,0.0,0.0,0.0,0.0
SMD,machine-2-2.test.csv@11.out,70,0.5094640114874751,0.3873341218029237,0.6444444444444445,0.020472996823155665,0.03968525487512829,0.020472996823155665,0.6609195402298851,0.24741729595801248,0.3600490896653779
SMD,machine-3-10.test.csv@1.out,70,0.49102045435108643,0.033028183029031474,0.0319634703196347,0.02702702702702703,0.029288702928870293,0.02702702702702703,0.03070175438596491,0.03974957391012373,0.03464467412186838
SMD,machine-1-5.test.csv@19.out,70,0.5439542912818776,0.10147752545590816,0.15,0.09,0.1125,0.09,0.19,0.3122077922077922,0.23623480734419447
SMD,machine-2-6.test.csv@2.out,70,0.6782775349233547,0.021726464199781175,0.020833333333333332,0.04918032786885246,0.02926829268292683,0.04918032786885246,0.013888888888888888,0.1777655677655678,0.025764767092451606
SMD,machine-2-8.test.csv@12.out,70,0.8268069816959527,0.10289241089096138,0.10831234256926953,0.2670807453416149,0.15412186379928317,0.2670807453416149,0.04281345565749235,0.2152617568766637,0.07142181220967278
SMD,machine-1-2.test.csv@24.out,70,0.5507973320547997,0.0942803230312241,0.14195583596214512,0.10922330097087378,0.12345679012345678,0.10922330097087378,0.104,0.17396130482660369,0.1301762179685609
SMD,machine-3-11.test.csv@3.out,70,0.6047073709975632,0.030509765411803877,0.0475482912332838,0.16161616161616163,0.07347876004592423,0.16161616161616163,0.014650638617580767,0.524001924001924,0.02850432117554814
SMD,machine-3-8.test.csv@21.out,70,0.6234255636966927,0.3426812139132349,0.509090909090909,0.14296134208606856,0.22323462414578588,0.14296134208606856,0.6497076023391812,0.11298630054468617,0.19249677530263343
SMD,machine-3-11.test.csv@21.out,70,0.5492386819515434,0.016660908130289358,0.01680672268907563,0.050505050505050504,0.025220680958385876,0.050505050505050504,0.015384615384615385,0.14915824915824916,0.027892334330237686
SMD,machine-2-6.test.csv@22.out,70,0.66353707469286,0.03679836017249767,0.0392156862745098,0.1092896174863388,0.05772005772005772,0.1092896174863388,0.058666666666666666,0.19635164835164837,0.09034093651249642
SMD,machine-3-2.test.csv@11.out,70,0.5003231340643792,0.11683630657416584,0.16666666666666666,0.001,0.0019880715705765406,0.001,0.16666666666666666,0.038461538461538464,0.0625
SMD,machine-2-8.test.csv@1.out,70,0.8188016647693164,0.12635167043422088,0.1378299120234604,0.2919254658385093,0.18725099601593626,0.2919254658385093,0.24468085106382978,0.21015392924655685,0.226106905137576
SMD,machine-3-3.test.csv@35.out,70,0.5980011494986909,0.057478597127252555,0.0375,0.225,0.06428571428571428,0.0,0.018525215993570425,0.39268413247652,0.035381288866318056
SMD,machine-3-6.test.csv@20.out,70,0.4649143112372443,0.0271670206933156,0.03551912568306011,0.03217821782178218,0.033766233766233764,0.03217821782178218,0.03225806451612903,0.22315977416397242,0.05636804719346353
SMD,machine-1-6.test.csv@2.out,70,0.5420826607172545,0.05566311214312106,0.10789980732177264,0.11067193675889328,0.10926829268292683,0.11067193675889328,0.06967213114754098,0.3258219669777459,0.1147967108567674
SMD,machine-3-3.test.csv@16.out,70,0.5541334057091769,0.060022218697420276,0.03355704697986577,0.125,0.05291005291005291,0.125,0.025547445255474453,0.159327731092437,0.044034213442511995
SMD,machine-2-8.test.csv@2.out,70,0.7452085732182636,0.6775100396978161,0.948051948051948,0.453416149068323,0.6134453781512605,0.453416149068323,0.9,0.24030365769496206,0.37932578829510377
SMD,machine-3-11.test.csv@4.out,70,0.6341131587112366,0.027459397522996924,0.046849757673667204,0.14646464646464646,0.07099143206854346,0.14646464646464646,0.014772727272727272,0.4114478114478115,0.02852141440074688
SMD,machine-1-2.test.csv@18.out,70,0.5092401499279309,0.1720907467578853,0.3076923076923077,0.019417475728155338,0.0365296803652968,0.019417475728155338,0.3076923076923077,0.23831260027513373,0.26859448646268547
SMD,machine-2-4.test.csv@28.out,70,0.3313340044712601,0.012908396294130375,0.0,0.0,0.0,0.0,0.0,0.0,0.0
SMD,machine-2-3.test.csv@4.out,70,0.5848623116653732,0.3008597742796272,0.5,0.17209302325581396,0.2560553633217993,0.17209302325581396,0.5,0.0750392464678179,0.1304941304941305
SMD,machine-2-3.test.csv@32.out,70,0.8354923982242204,0.19668551547899293,0.22189349112426035,0.3488372093023256,0.27124773960216997,0.3488372093023256,0.15537505972288582,0.16018683256778493,0.15774426054026622
SMD,machine-2-8.test.csv@22.out,70,0.7482362346298329,0.030862775466831145,0.02905982905982906,0.10559006211180125,0.045576407506702415,0.10559006211180125,0.08888888888888889,0.2070393374741201,0.12437810945273632
SMD,machine-1-1.test.csv@1.out,70,0.7006220929290936,0.32783027253932806,0.42509603072983354,0.12323682256867112,0.1910791366906475,0.12323682256867112,0.3532723434201267,0.12959973641132894,0.1896320143614085
SMD,machine-1-2.test.csv@7.out,70,0.6386451291357621,0.03481268693097155,0.05952380952380952,0.04854368932038835,0.053475935828877004,0.04854368932038835,0.06648936170212766,0.31168449154176187,0.10959881397035111
SMD,machine-2-9.test.csv@15.out,70,0.6157673453060247,0.4340153450665171,0.6876310272536688,0.1868945868945869,0.2939068100358423,0.1868945868945869,0.6688382193268188,0.29570413745047996,0.4100975500977745
SMD,machine-3-11.test.csv@22.out,70,0.5729112800358535,0.017544600450019095,0.01824212271973466,0.05555555555555555,0.02746566791510612,0.05555555555555555,0.015258215962441313,0.1463524130190797,0.02763527050841268
SMD,machine-1-6.test.csv@1.out,70,0.5581706764417224,0.0621183446373348,0.11428571428571428,0.10276679841897234,0.10822060353798127,0.10276679841897234,0.07088414634146341,0.44942866258731307,0.12245467165982493
SMD,machine-2-2.test.csv@6.out,70,0.444998293276949,0.06307159103641811,0.020123839009287926,0.004588775150017649,0.0074734118999712565,0.004588775150017649,0.027777777777777776,0.18644628099173552,0.048351836769685796
SMD,machine-1-8.test.csv@24.out,70,0.4965214784982834,0.03626758925671158,0.026455026455026454,0.017761989342806393,0.021253985122210415,0.017761989342806393,0.023148148148148147,0.10259498138878194,0.03777357597492491
SMD,machine-3-11.test.csv@16.out,70,0.4947214420112749,0.009796980705082338,0.009844134536505332,0.06060606060606061,0.016937191249117856,0.06060606060606061,0.010387157695939566,0.07107438016528926,0.018125383200490498
SMD,machine-3-6.test.csv@9.out,70,0.5270296465115054,0.41815991415696446,0.7857142857142857,0.054455445544554455,0.10185185185185185,0.054455445544554455,0.8333333333333334,0.10684345133934581,0.18940312269134071
SMD,machine-3-6.test.csv@14.out,70,0.5110421634256184,0.3927085748128158,0.75,0.022277227722772276,0.04326923076923077,0.022277227722772276,0.875,0.05111801242236025,0.09659300492941215
SMD,machine-3-10.test.csv@26.out,70,0.5298298921171694,0.04620186833159054,0.04669260700389105,0.04633204633204633,0.046511627906976744,0.04633204633204633,0.028481012658227847,0.06353638776846968,0.03933127117046514
SMD,machine-2-3.test.csv@28.out,70,0.7755359006610111,0.20973313431244178,0.2271186440677966,0.3116279069767442,0.2627450980392157,0.3116279069767442,0.14122137404580154,0.12275649101045927,0.13134313613638332
SMD,machine-1-6.test.csv@9.out,70,0.5649292613468769,0.17191515337887214,0.2689393939393939,0.14031620553359683,0.18441558441558442,0.14031620553359683,0.16719077568134172,0.538729702936451,0.25518635496418596
SMD,machine-2-4.test.csv@19.out,70,0.33033925012120885,0.012868507606868862,0.0,0.0,0.0,0.0,0.0,0.0,0.0
SMD,machine-3-7.test.csv@30.out,70,0.5033966382785937,0.2618712315460813,0.5,0.0069124423963133645,0.013636363636363636,0.0069124423963133645,0.5,0.136,0.2138364779874214
SMD,machine-1-5.test.csv@24.out,70,0.6382815809539947,0.1826029346902949,0.25925925925925924,0.28,0.2692307692307692,0.28,0.2619047619047619,0.33377799213527054,0.29350537670043964
SMD,machine-2-3.test.csv@25.out,70,0.6142616925807977,0.2734354662788588,0.45454545454545453,0.23255813953488372,0.3076923076923077,0.23255813953488372,0.2787878787878788,0.11323991704944088,0.16105958099680048
SMD,machine-2-8.test.csv@4.out,70,0.8998744252391639,0.7362788132398516,0.8085106382978723,0.7080745341614907,0.7549668874172185,0.7080745341614907,0.8511904761904762,0.2944099378881988,0.4374979829730656
SMD,machine-2-7.test.csv@3.out,70,0.5743072481409073,0.2961118334109007,0.5,0.14925373134328357,0.22988505747126436,0.14925373134328357,0.5,0.03736263736263737,0.06952965235173826
SMD,machine-3-3.test.csv@1.out,70,0.5250271409413116,0.04750823547088159,0.0196078431372549,0.1125,0.03339517625231911,0.1125,0.012211221122112212,0.23414071510957324,0.02321186583411752
SMD,machine-3-10.test.csv@21.out,70,0.5292719786236804,0.03968698629455675,0.03636363636363636,0.03088803088803089,0.033402922755741124,0.03088803088803089,0.03225806451612903,0.11335185507891105,0.05022338401569961
SMD,machine-3-11.test.csv@6.out,70,0.6736568124209584,0.23518261122291068,0.3333333333333333,0.26262626262626265,0.2937853107344633,0.26262626262626265,0.25,0.5607503607503608,0.3458218385690131
SMD,machine-3-6.test.csv@7.out,70,0.4817177806927243,0.02692947651413398,0.04205607476635514,0.04455445544554455,0.04326923076923077,0.04455445544554455,0.035582822085889566,0.19636514983351833,0.0602482197414763
SMD,machine-2-6.test.csv@31.out,70,0.66353707469286,0.03679836017249767,0.0392156862745098,0.1092896174863388,0.05772005772005772,0.1092896174863388,0.058666666666666666,0.19635164835164837,0.09034093651249642
SMD,machine-3-10.test.csv@20.out,70,0.5326240224943629,0.04821842925513506,0.06221198156682028,0.052123552123552123,0.05672268907563025,0.052123552123552123,0.08542713567839195,0.13965870307167239,0.10600971649060353
SMD,machine-3-8.test.csv@16.out,70,0.4990389155051254,0.04984559845626264,0.041666666666666664,0.012399708242159009,0.01911186059584036,0.012399708242159009,0.04497354497354497,0.13556444978731225,0.06754050733087491
SMD,machine-2-3.test.csv@31.out,70,0.7748534803436187,0.20224335108317182,0.2182410423452769,0.3116279069767442,0.2567049808429119,0.3116279069767442,0.125,0.12414481462100511,0.12457093960579925
SMD,machine-1-5.test.csv@32.out,70,0.6237657798864696,0.07578374891996692,0.08074534161490683,0.26,0.12322274881516587,0.26,0.03669724770642202,0.2578544614326669,0.06425051187825466
SMD,machine-3-8.test.csv@2.out,70,0.6172037786444453,0.32324497606499303,0.43869209809264303,0.1174325309992706,0.1852704257767549,0.1174325309992706,0.3894449499545041,0.17369440637412617,0.24024039036715356
SMD,machine-3-8.test.csv@22.out,70,0.6801061961412882,0.3520720510517199,0.480225988700565,0.18599562363238512,0.26813880126182965,0.18599562363238512,0.5102145045965271,0.153103693056468,0.23553017294293996
SMD,machine-2-7.test.csv@23.out,70,0.41872384566875187,0.010337803734136333,0.002386634844868735,0.014925373134328358,0.00411522633744856,0.0,0.004366812227074236,0.017582417582417582,0.0069960647135986
SMD,machine-3-10.test.csv@4.out,70,0.5867122331871115,0.31461487398543586,0.5133333333333333,0.14864864864864866,0.23053892215568864,0.14864864864864866,0.49893162393162394,0.024552694177267555,0.04680222560253446
SMD,machine-3-8.test.csv@36.out,70,0.4732987895011281,0.04588386175283281,0.04404761904761905,0.02698760029175784,0.03346901854364541,0.02698760029175784,0.0681265206812652,0.13711488507089922,0.09102607750379248
SMD,machine-2-8.test.csv@14.out,70,0.6552483909067043,0.6292449615856659,0.9803921568627451,0.3105590062111801,0.4716981132075472,0.3105590062111801,0.9943181818181818,0.21129305477131566,0.34852449890123105
SMD,machine-2-7.test.csv@32.out,70,0.4800468708582496,0.00380297558248367,0.0,0.0,0.0,0.0,0.0,0.0,0.0
SMD,machine-3-11.test.csv@32.out,70,0.530079173266707,0.29592149507707094,0.5454545454545454,0.06060606060606061,0.10909090909090909,0.06060606060606061,0.5555555555555556,0.25464165464165467,0.34921765745798045
SMD,machine-3-10.test.csv@23.out,70,0.5706984406842591,0.05201993806309035,0.03463203463203463,0.03088803088803089,0.0326530612244898,0.03088803088803089,0.028871391076115485,0.03774608721617883,0.03271760125262856
SMD,machine-3-8.test.csv@19.out,70,0.6838309267120859,0.34433269119875787,0.46605504587155966,0.18526622902990517,0.2651356993736952,0.18526622902990517,0.4407605466428996,0.15329969365286397,0.22748015164585061
SMD,machine-3-10.test.csv@3.out,70,0.5794347180591103,0.3230508611944451,0.5491803278688525,0.12934362934362933,0.209375,0.12934362934362933,0.6738095238095237,0.021507911883338508,0.041685236469896525
SMD,machine-2-8.test.csv@25.out,70,0.7289213371015638,0.46726910963310186,0.6219512195121951,0.3167701863354037,0.41975308641975306,0.3167701863354037,0.7222222222222222,0.20974677496416627,0.32508330722565576
SMD,machine-2-8.test.csv@7.out,70,0.8718799649884057,0.6733748525035306,0.7672413793103449,0.5527950310559007,0.6425992779783394,0.5527950310559007,0.9097222222222222,0.2402032749858837,0.38005637345332755
SMD,machine-2-1.test.csv@22.out,70,0.55076974396415,0.049475996931628005,0.04700162074554295,0.0370843989769821,0.04145818441744103,0.0370843989769821,0.039525691699604744,0.1494486789371813,0.06251707455015451
SMD,machine-1-5.test.csv@21.out,70,0.5872428619842412,0.03120538814001469,0.024077046548956663,0.15,0.04149377593360996,0.15,0.014417744916820702,0.3422395116404333,0.027669825237367367
SMD,machine-2-1.test.csv@10.out,70,0.5026420187671755,0.11054737135494827,0.17857142857142858,0.00639386189258312,0.012345679012345678,0.00639386189258312,0.17857142857142858,0.09135947441706067,0.12087679980002214
SMD,machine-3-11.test.csv@5.out,70,0.6308395614125809,0.43509578968603463,0.7,0.21212121212121213,0.32558139534883723,0.21212121212121213,0.7,0.15151515151515152,0.24911032028469754
SMD,machine-1-6.test.csv@13.out,70,0.6083139369626892,0.07981051883913867,0.1836734693877551,0.12450592885375494,0.14840989399293286,0.12450592885375494,0.1146322378716745,0.5002289603725354,0.18652133307312632
SMD,machine-1-6.test.csv@24.out,70,0.45780471519513466,0.02993209125130887,0.033936651583710405,0.029644268774703556,0.03164556962025317,0.029644268774703556,0.04657534246575342,0.07279412937704395,0.056805336454820846
SMD,machine-1-5.test.csv@22.out,70,0.5646536897398966,0.02565054584060946,0.023121387283236993,0.16,0.04040404040404041,0.16,0.016693811074918567,0.2792339457777246,0.03150416700410139
SMD,machine-2-6.test.csv@16.out,70,0.5629697079696926,0.023712506721466242,0.01694915254237288,0.04918032786885246,0.025210084033613446,0.04918032786885246,0.01761252446183953,0.16531135531135532,0.03183346310881978
SMD,machine-1-2.test.csv@13.out,70,0.6294265771962629,0.1497407758189551,0.18243243243243243,0.13106796116504854,0.15254237288135594,0.13106796116504854,0.12345679012345678,0.16891113049899847,0.1426505749545564
SMD,machine-2-6.test.csv@15.out,70,0.4985179214942742,0.011074047092132513,0.007662835249042145,0.01092896174863388,0.009009009009009009,0.01092896174863388,0.007692307692307693,0.11945701357466064,0.014453873528606626
SMD,machine-1-1.test.csv@14.out,70,0.5061934350005799,0.40215520559436335,0.7,0.012991833704528583,0.025510204081632654,0.012991833704528583,0.7529761904761906,0.3682478881703762,0.4946056676202316
SMD,machine-3-8.test.csv@25.out,70,0.5808891075811836,0.13699576462400914,0.1372340425531915,0.09409190371991247,0.11163998269147556,0.09409190371991247,0.13079615048118984,0.17767922202667963,0.15067496683865395
SMD,machine-3-10.test.csv@28.out,70,0.529398501592586,0.039662808728498464,0.03424657534246575,0.02895752895752896,0.03138075313807531,0.02895752895752896,0.030797101449275364,0.11133165305870901,0.04824769239178798
SMD,machine-2-5.test.csv@14.out,70,0.5271229574273455,0.32610009898928294,0.5833333333333334,0.05511811023622047,0.10071942446043165,0.05511811023622047,0.5666666666666667,0.33547270729597684,0.421445302771865
SMD,machine-3-11.test.csv@31.out,70,0.5728763519876328,0.01754321783211945,0.01824212271973466,0.05555555555555555,0.02746566791510612,0.05555555555555555,0.015258215962441313,0.1463524130190797,0.02763527050841268
SMD,machine-3-1.test.csv@20.out,70,0.5443563703517305,0.015857007499064105,0.024336283185840708,0.060109289617486336,0.03464566929133858,0.060109289617486336,0.01998001998001998,0.23102918586789553,0.03677927057707262
SMD,machine-3-7.test.csv@6.out,70,0.616900223779168,0.19001813920989122,0.3,0.16589861751152074,0.21364985163204747,0.16589861751152074,0.2,0.045291685806155266,0.07385767790262174
SMD,machine-3-10.test.csv@24.out,70,0.5255787594726007,0.042402233043511824,0.05714285714285714,0.05019305019305019,0.05344295991778006,0.05019305019305019,0.031767955801104975,0.056962802082256014,0.0407883764778603
SMD,machine-2-7.test.csv@4.out,70,0.6633451323876866,0.32148208967652503,0.44,0.3283582089552239,0.37606837606837606,0.3283582089552239,0.44,0.06373626373626373,0.11134380453752182
SMD,machine-3-6.test.csv@31.out,70,0.4640530794193276,0.02698963299208916,0.0339943342776204,0.0297029702970297,0.031704095112285335,0.0297029702970297,0.031818181818181815,0.16640785600540464,0.05342179540576751
SMD,machine-1-6.test.csv@11.out,70,0.5316118384005235,0.22296633820615397,0.3695652173913043,0.06719367588932806,0.11371237458193979,0.06719367588932806,0.32142857142857145,0.33489875682266207,0.32802543592244665
SMD,machine-1-2.test.csv@26.out,70,0.551281455386134,0.09856378059920469,0.14802631578947367,0.10922330097087378,0.12569832402234637,0.10922330097087378,0.10483870967741936,0.17396130482660369,0.13083126099735684
SMD,machine-1-6.test.csv@6.out,70,0.6505131770182505,0.05731233420539422,0.06501547987616099,0.041501976284584984,0.05066344993968637,0.041501976284584984,0.0594059405940594,0.11507104684419835,0.07835880104637523
SMD,machine-2-2.test.csv@12.out,70,0.5202543258396585,0.2062901475297452,0.29471890971039183,0.06106600776561948,0.10116959064327485,0.06106600776561948,0.2888086642599278,0.2067015057656862,0.24095241386314115
SMD,machine-1-7.test.csv@34.out,70,0.5133494088759428,0.31866689347118143,0.48148148148148145,0.02242345838723588,0.042851256695508856,0.02242345838723588,0.26373205741626793,0.09730944685247861,0.14216437900358442
SMD,machine-2-4.test.csv@9.out,70,0.5180998491623121,0.3192578756721932,0.5833333333333334,0.03684210526315789,0.06930693069306931,0.03684210526315789,0.55,0.29761524931484434,0.3862327565613743
SMD,machine-3-10.test.csv@25.out,70,0.522830323377325,0.03763271649871025,0.01276595744680851,0.011583011583011582,0.012145748987854251,0.011583011583011582,0.018018018018018018,0.01855414210363016,0.018282150445589205
SMD,machine-3-6.test.csv@6.out,70,0.5095116596814595,0.0320419667448438,0.03985507246376811,0.054455445544554455,0.04602510460251046,0.054455445544554455,0.037037037037037035,0.059565217391304354,0.045674279046507754
SMD,machine-2-1.test.csv@21.out,70,0.5638206083017281,0.052705778126375585,0.06713780918727916,0.04859335038363171,0.05637982195845697,0.04859335038363171,0.05829596412556054,0.1683042922550828,0.08659708634220485
SMD,machine-2-7.test.csv@19.out,70,0.4368023318682601,0.002736086534563241,0.0,0.0,0.0,0.0,0.0,0.0,0.0
SMD,machine-1-1.test.csv@28.out,70,0.5700952046742258,0.20327082465058255,0.27793696275071633,0.07201187824795843,0.11438679245283019,0.07201187824795843,0.2645161290322581,0.13125785827419087,0.1754527669291719
SMD,machine-1-6.test.csv@16.out,70,0.5017054504695352,0.11876871481614565,0.2,0.003952569169960474,0.007751937984496124,0.003952569169960474,0.3333333333333333,0.009619526202440776,0.018699413898967347
SMD,machine-3-11.test.csv@10.out,70,0.5124682925899919,0.21979507359364192,0.4166666666666667,0.025252525252525252,0.047619047619047616,0.025252525252525252,0.4166666666666667,0.25060125060125066,0.3129693037784586
SMD,machine-2-8.test.csv@26.out,70,0.7551269940697186,0.1935821560341777,0.23834196891191708,0.2857142857142857,0.2598870056497175,0.2857142857142857,0.14814814814814814,0.2142857142857143,0.1751824817518248
SMD,machine-1-8.test.csv@11.out,70,0.49670464498242856,0.03923419340110874,0.029827315541601257,0.03374777975133215,0.03166666666666667,0.03374777975133215,0.029556650246305417,0.19207424650820876,0.05122996304665852
SMD,machine-3-8.test.csv@4.out,70,0.6397342625717016,0.3599210028474877,0.5319148936170213,0.16411378555798686,0.2508361204013378,0.16411378555798686,0.5411764705882353,0.14381913142229916,0.22724680192906832
SMD,machine-3-8.test.csv@20.out,70,0.6830051030795347,0.34156542810114715,0.46886446886446886,0.18672501823486506,0.26708398539384454,0.18672501823486506,0.506358225108225,0.15123382729507812,0.23290577215946573
SMD,machine-3-7.test.csv@10.out,70,0.5576036866359447,0.5651010508438403,1.0,0.1152073732718894,0.2066115702479339,0.1152073732718894,1.0,0.04643086816720258,0.08874139626352018
SMD,machine-1-7.test.csv@33.out,70,0.5286414785237399,0.3807496652865259,0.625,0.049590340664079344,0.09188973232121454,0.049590340664079344,0.6966047932330827,0.11972687535344957,0.20433438627817255
SMD,machine-3-7.test.csv@13.out,70,0.564516129032258,0.5718963469244054,1.0,0.12903225806451613,0.22857142857142856,0.12903225806451613,1.0,0.054405144694533766,0.10319590143937547
SMD,machine-2-3.test.csv@21.out,70,0.7700952712286242,0.12269659852013194,0.1536231884057971,0.24651162790697675,0.18928571428571428,0.24651162790697675,0.09027777777777778,0.20585046934253284,0.12551131550247732
SMD,machine-2-8.test.csv@9.out,70,0.7111463452648122,0.6855225885834905,0.9848484848484849,0.40372670807453415,0.5726872246696035,0.40372670807453415,0.9791666666666666,0.25383022774327124,0.4031512149388858
SMD,machine-3-9.test.csv@21.out,70,0.5447551428269038,0.01836622749842692,0.014256619144602852,0.034653465346534656,0.020202020202020204,0.034653465346534656,0.00558659217877095,0.10814814814814816,0.01062436326590016
SMD,machine-3-3.test.csv@37.out,70,0.5980047416820997,0.057478760569536734,0.0375,0.225,0.06428571428571428,0.0,0.018762718762718764,0.39268413247652,0.03581420986962454
SMD,machine-3-1.test.csv@30.out,70,0.4998752027954574,0.0056450120303535075,0.0,0.0,0.0,0.0,0.0,0.0,0.0
SMD,machine-3-6.test.csv@12.out,70,0.6001635422998677,0.3006847261832054,0.5220125786163522,0.20544554455445543,0.29484902309058614,0.20544554455445543,0.3902905198776758,0.10484499695000106,0.16528811598231896
SMD,machine-2-7.test.csv@1.out,70,0.5305612732643763,0.01831855341121641,0.021406727828746176,0.1044776119402985,0.03553299492385787,0.1044776119402985,0.022727272727272728,0.03076923076923077,0.026143790849673207
SMD,machine-2-8.test.csv@23.out,70,0.7539402859122185,0.5482414810488795,0.6746987951807228,0.34782608695652173,0.45901639344262296,0.34782608695652173,0.548611111111111,0.21987577639751554,0.3139319511017815
SMD,machine-3-10.test.csv@6.out,70,0.5116609721552995,0.12776534007287496,0.25,0.02702702702702703,0.04878048780487805,0.02702702702702703,0.25,0.07474747474747474,0.1150855365474339
SMD,machine-3-10.test.csv@16.out,70,0.5184432160222273,0.03686575933457059,0.017167381974248927,0.015444015444015444,0.016260162601626018,0.015444015444015444,0.0273972602739726,0.03773222429541098,0.03174474898956109
SMD,machine-1-4.test.csv@9.out,70,0.5834918110981622,0.24185315050805414,0.4236111111111111,0.16758241758241757,0.24015748031496062,0.16758241758241757,0.375,0.17973290381960424,0.24299924691061628
SMD,machine-2-8.test.csv@15.out,70,0.8530653812488852,0.12055145286260187,0.11428571428571428,0.2732919254658385,0.16117216117216118,0.2732919254658385,0.029885057471264367,0.22732919254658387,0.052825580104363265
SMD,machine-2-3.test.csv@1.out,70,0.5940491164217981,0.30217508083677136,0.5125,0.19069767441860466,0.27796610169491526,0.19069767441860466,0.35416666666666663,0.1181967943872706,0.17724217950907523
SMD,machine-2-9.test.csv@26.out,70,0.5052820996925931,0.3986587330343656,0.7307692307692307,0.010826210826210826,0.02133632790567097,0.010826210826210826,0.7857142857142857,0.020680698611733096,0.04030064832650523
SMD,machine-2-9.test.csv@13.out,70,0.52879364539448,0.43929568655034285,0.7803030303030303,0.05868945868945869,0.10916799152093269,0.05868945868945869,0.7528089887640449,0.23553067263036934,0.3588029792017527
SMD,machine-2-5.test.csv@1.out,70,0.6589696988004377,0.10815777741424933,0.08604651162790698,0.09711286089238845,0.09124537607891492,0.09711286089238845,0.08035714285714286,0.06255398210037386,0.07034664764436187
SMD,machine-3-9.test.csv@31.out,70,0.5458026783487251,0.018835899853737313,0.02053388090349076,0.04950495049504951,0.02902757619738752,0.04950495049504951,0.012903225806451613,0.20062126642771805,0.024246974903976665
SMD,machine-2-6.test.csv@26.out,70,0.5189062424695475,0.2659546152520391,0.5,0.03825136612021858,0.07106598984771574,0.03825136612021858,0.5,0.05666666666666667,0.10179640718562875
SMD,machine-1-5.test.csv@16.out,70,0.5196723290688808,0.01260597910549522,0.015337423312883436,0.05,0.023474178403755867,0.05,0.012345679012345678,0.11098985048564881,0.022219794625300417
SMD,machine-2-3.test.csv@23.out,70,0.598697454378938,0.3097526686956291,0.524390243902439,0.2,0.2895622895622896,0.2,0.3557692307692308,0.12253813206194161,0.18228988458604667
SMD,machine-2-7.test.csv@24.out,70,0.6042034489985157,0.01413756276524045,0.013303769401330377,0.08955223880597014,0.023166023166023165,0.0,0.011306532663316583,0.158974358974359,0.02111157353108093
SMD,machine-3-8.test.csv@35.out,70,0.46660506690624093,0.04378861374283236,0.041273584905660375,0.025528811086797956,0.031545741324921134,0.025528811086797956,0.061855670103092786,0.1373495513468517,0.08529744828052578
SMD,machine-2-4.test.csv@1.out,70,0.6642502053816732,0.07509063287790055,0.10199556541019955,0.12105263157894737,0.11070998796630566,0.12105263157894737,0.0967741935483871,0.014731159367661657,0.02557000234619304
SMD,machine-3-4.test.csv@6.out,70,0.6581920903954802,0.6752497198079085,1.0,0.21016949152542372,0.3473389355742297,0.21016949152542372,1.0,0.03727735368956744,0.07187538329449283
SMD,machine-2-1.test.csv@20.out,70,0.5614766859136595,0.05235752809664512,0.04784688995215311,0.03836317135549872,0.042583392476934,0.03836317135549872,0.039603960396039604,0.14731696355325355,0.06242570459164399
SMD,machine-2-8.test.csv@10.out,70,0.6831973680857583,0.6575416765380976,0.9830508474576272,0.36024844720496896,0.5272727272727272,0.36024844720496896,0.9666666666666666,0.25763975155279506,0.4068454696113911
SMD,machine-3-8.test.csv@32.out,70,0.5047225141651683,0.4915226958507947,0.9285714285714286,0.009482129832239242,0.018772563176895306,0.009482129832239242,0.875,0.034495864073328865,0.06637497157816466
SMD,machine-2-8.test.csv@21.out,70,0.7496379132663009,0.03469507889644944,0.027491408934707903,0.09937888198757763,0.04306864064602961,0.09937888198757763,0.06504065040650407,0.20993788819875778,0.09931318176809786
SMD,machine-2-7.test.csv@2.out,70,0.5445832962519582,0.2779405495142121,0.5,0.08955223880597014,0.1518987341772152,0.08955223880597014,0.5,0.028571428571428574,0.05405405405405406
SMD,machine-1-2.test.csv@15.out,70,0.5002989616293422,0.02483346769113519,0.023809523809523808,0.0048543689320388345,0.008064516129032258,0.0048543689320388345,0.02631578947368421,0.060583662546196,0.03669314068276719
SMD,machine-3-4.test.csv@7.out,70,0.53954802259887,0.5625264820552813,1.0,0.0655367231638418,0.12301166489925769,0.0655367231638418,1.0,0.03825275657336726,0.07368679029491056
SMD,machine-3-6.test.csv@13.out,70,0.5233522187991466,0.4214128622817568,0.7916666666666666,0.04702970297029703,0.08878504672897196,0.04702970297029703,0.676923076923077,0.051835748792270535,0.09629746722485964
SMD,machine-3-3.test.csv@22.out,70,0.6215646752666197,0.012839738907298382,0.016736401673640166,0.1,0.02867383512544803,0.0,0.011212121212121213,0.2196078431372549,0.021334980822199916
SMD,machine-2-2.test.csv@10.out,70,0.508952214478022,0.4116397120255579,0.6923076923076923,0.01906106600776562,0.03710065269666781,0.01906106600776562,0.7039473684210527,0.20499305353377004,0.31752206656041043
SMD,machine-3-11.test.csv@37.out,70,0.5291332808958998,0.013183827237220582,0.011816838995568686,0.04040404040404041,0.018285714285714287,0.04040404040404041,0.011419249592169658,0.14019560686227353,0.021118360877346306
SMD,machine-2-7.test.csv@21.out,70,0.4262673935573144,0.002661493026038752,0.0,0.0,0.0,0.0,0.0,0.0,0.0
SMD,machine-3-10.test.csv@11.out,70,0.5194825816786919,0.03699592891189641,0.015021459227467811,0.013513513513513514,0.014227642276422764,0.013513513513513514,0.02252252252252252,0.03773222429541098,0.02820773188496192
SMD,machine-2-4.test.csv@20.out,70,0.413013706701503,0.014550481273399236,0.0,0.0,0.0,0.0,0.0,0.0,0.0
SMD,machine-3-7.test.csv@11.out,70,0.5495174790292835,0.5405286269636597,0.9772727272727273,0.09907834101382489,0.1799163179916318,0.09907834101382489,0.875,0.10645842903077632,0.1898218460335996
SMD,machine-3-6.test.csv@15.out,70,0.5800707209097643,0.03507003769011201,0.03234501347708895,0.0297029702970297,0.03096774193548387,0.0297029702970297,0.031055900621118012,0.16851662404092074,0.052446453118570054
SMD,machine-1-5.test.csv@28.out,70,0.6206731339489961,0.010250033694544353,0.021346469622331693,0.13,0.036671368124118475,0.0,0.011371350984385607,0.3654993962394342,0.02205648461620342
SMD,machine-1-1.test.csv@19.out,70,0.5515546301873554,0.18085351289224713,0.25036603221083453,0.06347438752783964,0.10127331951436186,0.06347438752783964,0.22631578947368422,0.13012294399866706,0.16523948737452612
SMD,machine-2-2.test.csv@33.out,70,0.5001525300733499,0.3099233267949617,0.5,0.00035298270384751147,0.0007054673721340388,0.00035298270384751147,0.5,0.02479338842975207,0.04724409448818898
SMD,machine-1-5.test.csv@7.out,70,0.5746822841650427,0.2967927950729773,0.5,0.15,0.23076923076923078,0.15,0.5,0.22176870748299324,0.3072573044297833
SMD,machine-2-8.test.csv@13.out,70,0.7665361337077858,0.5600637180375156,0.8333333333333334,0.4658385093167702,0.5976095617529881,0.4658385093167702,0.42512077294685996,0.23726708074534164,0.30455620283211177
SMD,machine-2-4.test.csv@15.out,70,0.5116183739158541,0.3042072416552247,0.5625,0.02368421052631579,0.045454545454545456,0.02368421052631579,0.5714285714285714,0.20217379871325145,0.2986751060698569
SMD,machine-2-9.test.csv@24.out,70,0.5052820996925931,0.3986587330343656,0.7307692307692307,0.010826210826210826,0.02133632790567097,0.010826210826210826,0.7857142857142857,0.020680698611733096,0.04030064832650523
SMD,machine-3-5.test.csv@31.out,70,0.7233342104661006,0.29252983670915966,0.3409090909090909,0.1893939393939394,0.2435064935064935,0.1893939393939394,0.18421052631578946,0.05559697256385998,0.08541473995100553
SMD,machine-3-10.test.csv@14.out,70,0.5515421070526418,0.049704976212086124,0.05397727272727273,0.03667953667953668,0.04367816091954023,0.03667953667953668,0.04118404118404119,0.2277409210410456,0.06975396700880111
SMD,machine-2-8.test.csv@16.out,70,0.7591989882905537,0.043734262555596745,0.04895104895104895,0.17391304347826086,0.07639836289222374,0.17391304347826086,0.030379746835443037,0.21159420289855074,0.053131159969674
SMD,machine-1-4.test.csv@14.out,70,0.5798965697108298,0.07956126604481495,0.19101123595505617,0.18681318681318682,0.18888888888888888,0.18681318681318682,0.14814814814814814,0.17887594197488355,0.16206842463419024
SMD,machine-3-7.test.csv@7.out,70,0.5479746841235773,0.033842068639167514,0.05154639175257732,0.08064516129032258,0.06289308176100629,0.08064516129032258,0.023255813953488372,0.0445016077170418,0.030547830309451286
SMD,machine-2-4.test.csv@12.out,70,0.529708122340139,0.3136075112714283,0.575,0.060526315789473685,0.10952380952380952,0.060526315789473685,0.575,0.05913192679206915,0.10723591249361142
SMD,machine-2-8.test.csv@31.out,70,0.7755834129904394,0.035355485672591336,0.026755852842809364,0.09937888198757763,0.04216073781291173,0.09937888198757763,0.0782608695652174,0.2088336783988958,0.11385451505016722
SMD,machine-2-8.test.csv@6.out,70,0.767043262549624,0.319265498322128,0.41379310344827586,0.4472049689440994,0.4298507462686567,0.4472049689440994,0.6153846153846154,0.24472049689440994,0.3501833129652261
SMD,machine-2-8.test.csv@32.out,70,0.7571423237908762,0.5575046841450424,0.7717391304347826,0.4409937888198758,0.5612648221343873,0.4409937888198758,0.71875,0.21533891439373481,0.3313921026906794
SMD,machine-2-3.test.csv@11.out,70,0.5235042506311273,0.027449573828849952,0.04827586206896552,0.09767441860465116,0.06461538461538462,0.09767441860465116,0.05423728813559322,0.09443378490997541,0.06890153271883762
SMD,machine-3-10.test.csv@2.out,70,0.5747807456681038,0.31085897164779097,0.5315315315315315,0.1138996138996139,0.1875993640699523,0.1138996138996139,0.7935649935649935,0.020622608335918915,0.0402005140171087
SMD,machine-1-1.test.csv@20.out,70,0.5747082687582215,0.19667716178087463,0.2520107238605898,0.06978470675575353,0.10930232558139535,0.06978470675575353,0.2287359022556391,0.1303511010935695,0.16606547405258162
SMD,machine-2-6.test.csv@24.out,70,0.518906584277321,0.2656419649393888,0.5,0.03825136612021858,0.07106598984771574,0.03825136612021858,0.5,0.05666666666666667,0.10179640718562875
SMD,machine-2-9.test.csv@10.out,70,0.5075616735439361,0.43384436263925374,0.7941176470588235,0.015384615384615385,0.03018446059250978,0.015384615384615385,0.76,0.10207993588256481,0.1799850525260747
SMD,machine-2-4.test.csv@10.out,70,0.5222053783063083,0.4109125566433093,0.7727272727272727,0.04473684210526316,0.0845771144278607,0.04473684210526316,0.8,0.014501779359430606,0.028487165483342437
SMD,machine-2-3.test.csv@3.out,70,0.5435793019984954,0.2797174671607123,0.5,0.08837209302325581,0.15019762845849802,0.08837209302325581,0.5,0.04050235478806907,0.07493465001452222
SMD,machine-3-3.test.csv@38.out,70,0.5980047416820997,0.057478760569536734,0.0375,0.225,0.06428571428571428,0.0,0.018762718762718764,0.39268413247652,0.03581420986962454
SMD,machine-2-3.test.csv@7.out,70,0.6206871481967154,0.13345772888908092,0.19915254237288135,0.2186046511627907,0.20842572062084258,0.2186046511627907,0.23728813559322035,0.11204095476204322,0.15221171096018338
SMD,machine-3-10.test.csv@7.out,70,0.5116609721552995,0.12776534007287496,0.25,0.02702702702702703,0.04878048780487805,0.02702702702702703,0.25,0.07474747474747474,0.1150855365474339
SMD,machine-3-6.test.csv@24.out,70,0.5289426585692213,0.2772081113251252,0.5,0.0594059405940594,0.10619469026548672,0.0594059405940594,0.5,0.19117647058823534,0.27659574468085113
SMD,machine-3-9.test.csv@25.out,70,0.7003214402205364,0.1419928496626576,0.1487603305785124,0.1782178217821782,0.16216216216216217,0.1782178217821782,0.10465116279069768,0.20896484041645333,0.1394598063129438
SMD,machine-3-11.test.csv@7.out,70,0.6696870356157225,0.21030440991668575,0.2524752475247525,0.25757575757575757,0.255,0.25757575757575757,0.24197044334975365,0.5587301587301589,0.337694723519945
SMD,machine-1-1.test.csv@9.out,70,0.5047090559255599,0.3726244939873853,0.6428571428571429,0.01002227171492205,0.019736842105263157,0.01002227171492205,0.7083333333333334,0.3681520894121994,0.4844922024153007
SMD,machine-3-3.test.csv@36.out,70,0.5980598218277029,0.05748165244655076,0.0375,0.225,0.06428571428571428,0.0,0.018603712671509284,0.39268413247652,0.03552442824379961
SMD,machine-3-11.test.csv@24.out,70,0.5526064035359886,0.2980409418278964,0.525,0.10606060606060606,0.17647058823529413,0.10606060606060606,0.55,0.25884697313268745,0.3520216801247117
SMD,machine-3-9.test.csv@35.out,70,0.5024439916642787,0.25867933419676925,0.5,0.0049504950495049506,0.00980392156862745,0.0049504950495049506,0.5,0.0725925925925926,0.12677878395860287
SMD,machine-3-10.test.csv@22.out,70,0.5319415415647182,0.04047265527932471,0.03818615751789976,0.03088803088803089,0.03415154749199573,0.03088803088803089,0.031496062992125984,0.07294781467487065,0.043996240228902764
SMD,machine-1-1.test.csv@12.out,70,0.5689260721254877,0.4996120825335274,0.8386363636363636,0.13697104677060135,0.2354818123803446,0.13697104677060135,0.7725752508361204,0.3349353730926259,0.46728721926476613
SMD,machine-2-8.test.csv@11.out,70,0.6304347826086957,0.633251617338611,1.0,0.2608695652173913,0.41379310344827586,0.2608695652173913,1.0,0.22608695652173916,0.3687943262411348
SMD,machine-3-11.test.csv@12.out,70,0.5198377705562904,0.17824401871615303,0.3333333333333333,0.04040404040404041,0.07207207207207207,0.04040404040404041,0.3333333333333333,0.25060125060125066,0.28610653487095006
SMD,machine-1-5.test.csv@23.out,70,0.5997218927391342,0.012516718317604642,0.014397905759162303,0.11,0.02546296296296296,0.11,0.014336917562724014,0.25588900662904457,0.027152536191490263
SMD,machine-3-8.test.csv@28.out,70,0.6234255636966927,0.3426812139132349,0.509090909090909,0.14296134208606856,0.22323462414578588,0.14296134208606856,0.6497076023391812,0.11298630054468617,0.19249677530263343
SMD,machine-3-6.test.csv@32.out,70,0.5271371534606417,0.032555103668412536,0.03519061583577713,0.0297029702970297,0.032214765100671144,0.0297029702970297,0.024752475247524754,0.24080683298750183,0.04489065145238832
SMD,machine-3-11.test.csv@1.out,70,0.5623647105145219,0.019805291893710896,0.024271844660194174,0.07575757575757576,0.03676470588235294,0.07575757575757576,0.03225806451612903,0.274330607663941,0.05772799352204865
SMD,machine-2-8.test.csv@36.out,70,0.6849669114357182,0.020443092681949198,0.019769357495881382,0.07453416149068323,0.03125,0.07453416149068323,0.017595307917888565,0.20993788819875778,0.03246929986070863
SMD,machine-3-11.test.csv@35.out,70,0.6065864546307335,0.01925631688921991,0.020785219399538105,0.045454545454545456,0.028526148969889066,0.0,0.016917293233082706,0.14362674362674363,0.030269274219981056
SMD,machine-2-8.test.csv@3.out,70,0.7851993047460623,0.6277544728650704,0.8085106382978723,0.4720496894409938,0.596078431372549,0.4720496894409938,0.5,0.325879917184265,0.3945851090498872
SMD,machine-3-1.test.csv@35.out,70,0.5026383015577829,0.13061416497007836,0.25,0.00546448087431694,0.0106951871657754,0.00546448087431694,0.25,0.07936507936507937,0.12048192771084339
SMD,machine-1-6.test.csv@4.out,70,0.5238787869849459,0.051200505518287295,0.08530805687203792,0.07114624505928854,0.07758620689655173,0.07114624505928854,0.08490566037735849,0.24828541801980425,0.1265390266777293
SMD,machine-2-5.test.csv@12.out,70,0.5839461737824507,0.16784553960386625,0.273972602739726,0.15748031496062992,0.2,0.15748031496062992,0.23,0.19016985763377517,0.20819707297467185
SMD,machine-1-2.test.csv@4.out,70,0.6761382897727588,0.06245419274432462,0.07035175879396985,0.10194174757281553,0.08325074331020813,0.10194174757281553,0.057971014492753624,0.14751879699248122,0.08323346307628673
SMD,machine-3-8.test.csv@1.out,70,0.613634402229481,0.34499875335957986,0.49299719887955185,0.12837345003646974,0.2037037037037037,0.12837345003646974,0.5564455569461827,0.11562532686974646,0.19146551638068612
SMD,machine-3-11.test.csv@19.out,70,0.5567796248818344,0.017091272243761096,0.018092105263157895,0.05555555555555555,0.02729528535980149,0.05555555555555555,0.012195121951219513,0.1463524130190797,0.02251420086672767
SMD,machine-3-11.test.csv@26.out,70,0.5526064035359886,0.2980409418278964,0.525,0.10606060606060606,0.17647058823529413,0.10606060606060606,0.55,0.25884697313268745,0.3520216801247117
SMD,machine-3-10.test.csv@31.out,70,0.5324842019027596,0.04052047168392664,0.03800475059382423,0.03088803088803089,0.03407880724174654,0.03088803088803089,0.032,0.07294781467487065,0.044485539347868044
SMD,machine-3-1.test.csv@14.out,70,0.516447487313989,0.013895963331270933,0.01911764705882353,0.07103825136612021,0.030127462340672075,0.07103825136612021,0.0166358595194085,0.2244994000226702,0.030976311702079505
SMD,machine-3-11.test.csv@20.out,70,0.5801700769142838,0.01826606315603682,0.017953321364452424,0.050505050505050504,0.026490066225165563,0.050505050505050504,0.019305019305019305,0.14915824915824916,0.034185527869307876
SMD,machine-2-4.test.csv@13.out,70,0.5284970438506708,0.34118811251435477,0.6111111111111112,0.05789473684210526,0.10576923076923077,0.05789473684210526,0.6071428571428571,0.37087869385083777,0.460473186115835
SMD,machine-1-2.test.csv@11.out,70,0.6166893845507947,0.15733887413271216,0.21568627450980393,0.13349514563106796,0.16491754122938532,0.13349514563106796,0.0967741935483871,0.19441805295507347,0.12922493996248116
SMD,machine-2-4.test.csv@31.out,70,0.33327696560362013,0.013115163697387603,0.005194805194805195,0.005263157894736842,0.00522875816993464,0.005263157894736842,0.006472491909385114,0.01625615763546798,0.009258609805709478
SMD,machine-2-5.test.csv@15.out,70,0.5672954345598685,0.35547110679592414,0.6341463414634146,0.13648293963254593,0.22462203023758098,0.13648293963254593,0.6206896551724138,0.2665320148678028,0.37292521133575623
SMD,machine-1-1.test.csv@25.out,70,0.5482917039707769,0.298075462801412,0.4740740740740741,0.07126948775055679,0.12391093901258471,0.07126948775055679,0.4636309875813128,0.12968928797889084,0.2026830200859007
SMD,machine-1-6.test.csv@10.out,70,0.5406221676382729,0.2622753068309484,0.4387755102040816,0.08498023715415019,0.1423841059602649,0.08498023715415019,0.4182692307692308,0.40304606934901266,0.410516568647639
SMD,machine-2-3.test.csv@16.out,70,0.5139463519504731,0.02606603762939643,0.0423728813559322,0.06976744186046512,0.05272407732864675,0.06976744186046512,0.06832298136645963,0.09378142140046904,0.07905308181020658
SMD,machine-1-2.test.csv@10.out,70,0.5219988142578047,0.11299340681970053,0.18867924528301888,0.04854368932038835,0.07722007722007722,0.04854368932038835,0.2077922077922078,0.15386397872124902,0.17680734924738795
SMD,machine-3-6.test.csv@4.out,70,0.5049144241548275,0.03156638737868024,0.03428571428571429,0.0297029702970297,0.03183023872679045,0.0297029702970297,0.03225806451612903,0.22315977416397242,0.05636804719346353
SMD,machine-1-6.test.csv@3.out,70,0.58383737081749,0.05750015008643835,0.10070257611241218,0.08498023715415019,0.09217577706323687,0.08498023715415019,0.06896551724137931,0.3502367848311854,0.11523916211060896
SMD,machine-2-6.test.csv@7.out,70,0.5834574950070429,0.2627904480151747,0.44285714285714284,0.16939890710382513,0.2450592885375494,0.16939890710382513,0.3,0.27912087912087913,0.2891840607210626
SMD,machine-3-3.test.csv@6.out,70,0.48509722843093434,0.011451217810920223,0.012448132780082987,0.075,0.021352313167259787,0.075,0.008849557522123894,0.028373702422145333,0.01349128002632445
SMD,machine-3-7.test.csv@12.out,70,0.5668202764976958,0.5741614456179269,1.0,0.1336405529953917,0.23577235772357724,0.1336405529953917,1.0,0.04213137344970143,0.08085616559117036
SMD,machine-2-7.test.csv@6.out,70,0.5543545974685143,0.014453820379594966,0.0103359173126615,0.05970149253731343,0.01762114537444934,0.0,0.005952380952380952,0.024175824175824177,0.009552757273122015
SMD,machine-2-8.test.csv@20.out,70,0.6343966989068063,0.011821022590099125,0.00823045267489712,0.024844720496894408,0.012364760432766615,0.024844720496894408,0.008264462809917356,0.20993788819875778,0.015902888867977794
SMD,machine-1-5.test.csv@26.out,70,0.6382815809539947,0.1826029346902949,0.25925925925925924,0.28,0.2692307692307692,0.28,0.2619047619047619,0.33377799213527054,0.29350537670043964
SMD,machine-2-4.test.csv@22.out,70,0.3355115855465173,0.013155879738711646,0.007731958762886598,0.007894736842105263,0.0078125,0.007894736842105263,0.009375,0.04958949096880132,0.015768862588112435
SMD,machine-2-6.test.csv@11.out,70,0.5637671455051765,0.02419790936468481,0.013409961685823755,0.03825136612021858,0.019858156028368795,0.03825136612021858,0.013888888888888888,0.16531135531135532,0.02562486514723083
SMD,machine-2-8.test.csv@35.out,70,0.6849669114357182,0.020443092681949198,0.019769357495881382,0.07453416149068323,0.03125,0.07453416149068323,0.017595307917888565,0.20993788819875778,0.03246929986070863
SMD,machine-3-6.test.csv@1.out,70,0.6545628427127069,0.05413945848242245,0.055,0.054455445544554455,0.05472636815920398,0.054455445544554455,0.05381944444444445,0.2404590069005453,0.087953230037076
SMD,machine-3-8.test.csv@11.out,70,0.4991854436348376,0.05026610539564322,0.0425,0.012399708242159009,0.019198193111236588,0.012399708242159009,0.04594594594594595,0.13556444978731225,0.06863118618586624
SMD,machine-2-7.test.csv@22.out,70,0.39649272391648216,0.0025906355446046426,0.0022988505747126436,0.014925373134328358,0.00398406374501992,0.014925373134328358,0.004081632653061225,0.03076923076923077,0.007207207207207208
SMD,machine-2-8.test.csv@24.out,70,0.87816092533013,0.37513665637706317,0.44495412844036697,0.6024844720496895,0.5118733509234829,0.6024844720496895,0.8214285714285714,0.22095598163651095,0.34823915187650467
SMD,machine-1-2.test.csv@12.out,70,0.6087298311416216,0.11047527742068396,0.11497326203208556,0.10436893203883495,0.10941475826972011,0.10436893203883495,0.045081967213114756,0.15801351488238197,0.07014986275083188
SMD,machine-3-6.test.csv@36.out,70,0.5332641869965365,0.03290060964520727,0.039886039886039885,0.034653465346534656,0.03708609271523179,0.034653465346534656,0.02926829268292683,0.23092891955797906,0.05195209547685095
SMD,machine-3-6.test.csv@10.out,70,0.5196097066463917,0.38816073572056603,0.7272727272727273,0.039603960396039604,0.07511737089201878,0.039603960396039604,0.671875,0.10319114027891715,0.17890485410689635
SMD,machine-3-7.test.csv@14.out,70,0.5230414746543779,0.5311245704410155,1.0,0.04608294930875576,0.0881057268722467,0.04608294930875576,1.0,0.04171489817792069,0.08008889620544901
SMD,machine-2-9.test.csv@16.out,70,0.5090450213791994,0.07260229803757165,0.07784810126582278,0.07008547008547009,0.07376311844077961,0.07008547008547009,0.0783657066309444,0.14268881848852816,0.10116879609810861
SMD,machine-2-4.test.csv@21.out,70,0.331841482384313,0.012923790509387096,0.0,0.0,0.0,0.0,0.0,0.0,0.0
SMD,machine-2-6.test.csv@1.out,70,0.7487574432915268,0.0389486512903959,0.03881278538812785,0.09289617486338798,0.05475040257648953,0.09289617486338798,0.0330188679245283,0.18249084249084252,0.055919902764727206
SMD,machine-3-11.test.csv@11.out,70,0.5050055975599357,0.2594126522952304,0.5,0.010101010101010102,0.019801980198019802,0.010101010101010102,0.5,0.18181818181818185,0.2666666666666667
SMD,machine-2-1.test.csv@7.out,70,0.5237436758646461,0.0423055435387119,0.05806451612903226,0.023017902813299233,0.03296703296703297,0.023017902813299233,0.05803571428571429,0.1263715303886222,0.0795420163067292
SMD,machine-2-3.test.csv@22.out,70,0.7599191800251558,0.06448908008130455,0.07246376811594203,0.16279069767441862,0.10028653295128939,0.16279069767441862,0.03761755485893417,0.14380127305297377,0.05963496005476892
SMD,machine-3-11.test.csv@36.out,70,0.6111688331128784,0.0193660362320972,0.02054794520547945,0.045454545454545456,0.02830188679245283,0.0,0.016666666666666666,0.14362674362674363,0.029867466866716676
SMD,machine-3-9.test.csv@36.out,70,0.5024439916642787,0.25867933419676925,0.5,0.0049504950495049506,0.00980392156862745,0.0049504950495049506,0.5,0.0725925925925926,0.12677878395860287
SMD,machine-2-3.test.csv@19.out,70,0.5752673927975664,0.05156699346759238,0.1044776119402985,0.16279069767441862,0.12727272727272726,0.16279069767441862,0.06981981981981981,0.17152935248173343,0.0992433358679301
SMD,machine-2-3.test.csv@2.out,70,0.5183489293880815,0.2670955612817985,0.5,0.037209302325581395,0.06926406926406926,0.037209302325581395,0.5,0.03359497645211931,0.06295969402765521
SMD,machine-1-8.test.csv@26.out,70,0.4793002524343729,0.03379528301979714,0.042821158690176324,0.03019538188277087,0.035416666666666666,0.03019538188277087,0.03451995685005394,0.1900523039404441,0.058427495080506
SMD,machine-3-9.test.csv@20.out,70,0.5603272148181249,0.02078149142673659,0.021484375,0.054455445544554455,0.03081232492997199,0.054455445544554455,0.014705882352941176,0.2092234169653525,0.02748023563454676
SMD,machine-2-4.test.csv@14.out,70,0.5271512888541723,0.32704198866706924,0.5833333333333334,0.05526315789473684,0.10096153846153846,0.05526315789473684,0.5769230769230769,0.38519830069713495,0.46195790683585614
SMD,machine-2-3.test.csv@20.out,70,0.8030175169415675,0.14773373511378324,0.17134831460674158,0.2837209302325581,0.2136602451838879,0.2837209302325581,0.1,0.15682177904400127,0.1221249845926291
SMD,machine-3-5.test.csv@23.out,70,0.5062504449224182,0.3756390650116092,0.7142857142857143,0.012626262626262626,0.02481389578163772,0.012626262626262626,0.7142857142857143,0.05176153846153846,0.09652805969849507
SMD,machine-1-1.test.csv@23.out,70,0.6345183908370389,0.18318562451400422,0.21287128712871287,0.06384558277654045,0.09822958309537407,0.06384558277654045,0.21861471861471862,0.12663797664274562,0.16037485592427161
SMD,machine-1-5.test.csv@20.out,70,0.5195013979496738,0.08403670860903205,0.14285714285714285,0.04,0.0625,0.04,0.175,0.16571428571428573,0.170230607966457
SMD,machine-3-11.test.csv@28.out,70,0.5696243012122301,0.0173630030084121,0.01697792869269949,0.050505050505050504,0.025412960609911054,0.050505050505050504,0.012012012012012012,0.15039281705948374,0.022247125721163823
SMD,machine-3-8.test.csv@31.out,70,0.6801061961412882,0.3520720510517199,0.480225988700565,0.18599562363238512,0.26813880126182965,0.18599562363238512,0.5102145045965271,0.153103693056468,0.23553017294293996
SMD,machine-1-2.test.csv@9.out,70,0.5017512053193193,0.0486140964474921,0.07142857142857142,0.0048543689320388345,0.00909090909090909,0.0048543689320388345,0.07142857142857142,0.060583662546196,0.06556065808889441
SMD,machine-3-6.test.csv@22.out,70,0.4640573922436912,0.026988827276660014,0.0339943342776204,0.0297029702970297,0.031704095112285335,0.0297029702970297,0.0319634703196347,0.16640785600540464,0.053626425400488044
SMD,machine-3-5.test.csv@28.out,70,0.7438388573629575,0.3930052002467008,0.5255102040816326,0.2601010101010101,0.34797297297297297,0.2601010101010101,0.23809523809523808,0.0629682119205298,0.09959648976894896
SMD,machine-2-5.test.csv@9.out,70,0.5271232625507953,0.3262175325498521,0.5833333333333334,0.05511811023622047,0.10071942446043165,0.05511811023622047,0.59375,0.335407251560418,0.4286638354908188
SMD,machine-2-6.test.csv@20.out,70,0.659078534095838,0.03621369654727093,0.04678362573099415,0.13114754098360656,0.06896551724137931,0.13114754098360656,0.07466666666666667,0.19733124018838308,0.10833955381809508
SMD,machine-2-8.test.csv@34.out,70,0.6577409224974385,0.41707944433100524,0.6805555555555556,0.30434782608695654,0.4206008583690987,0.30434782608695654,0.9,0.22705314009661837,0.36262323189027007
SMD,machine-3-5.test.csv@7.out,70,0.636119882438785,0.3677988264151216,0.5588235294117647,0.1919191919191919,0.2857142857142857,0.1919191919191919,0.6218487394957984,0.08423846153846154,0.14837708727201784
SMD,machine-2-8.test.csv@19.out,70,0.705768379457415,0.01846178878425681,0.017107309486780714,0.06832298136645963,0.02736318407960199,0.06832298136645963,0.026497695852534562,0.2091097308488613,0.047035240997398184
SMD,machine-3-4.test.csv@34.out,70,0.502795049279526,0.1415152242493527,0.23076923076923078,0.006779661016949152,0.013172338090010977,0.006779661016949152,0.15625,0.2466666666666667,0.19131334022750776
SMD,machine-3-1.test.csv@36.out,70,0.5026383015577829,0.13061416497007836,0.25,0.00546448087431694,0.0106951871657754,0.00546448087431694,0.25,0.07936507936507937,0.12048192771084339
SMD,machine-1-1.test.csv@10.out,70,0.505939123979213,0.5541114004902518,1.0,0.011878247958426132,0.02347762289068232,0.011878247958426132,1.0,0.12603860847201184,0.2238619662305204
SMD,machine-2-8.test.csv@5.out,70,0.717391304347826,0.7195453544354085,1.0,0.37267080745341613,0.5429864253393665,0.37267080745341613,1.0,0.3490683229813665,0.5174953959484346
SMD,machine-2-7.test.csv@31.out,70,0.39654918330065386,0.00259084382140988,0.0022988505747126436,0.014925373134328358,0.00398406374501992,0.014925373134328358,0.004081632653061225,0.03076923076923077,0.007207207207207208
SMD,machine-2-9.test.csv@11.out,70,0.5082453025849956,0.0721241797132892,0.07661822985468957,0.0660968660968661,0.07096971550933007,0.0660968660968661,0.07670850767085077,0.142692798080092,0.09977836329312606
SMD,machine-2-8.test.csv@30.out,70,0.5683229813664596,0.5716132336980414,1.0,0.13664596273291926,0.24043715846994534,0.13664596273291926,1.0,0.21821946169772258,0.35825968728755947
SMD,machine-3-8.test.csv@3.out,70,0.63423786151128,0.3485239827923189,0.5110565110565111,0.15171407731582787,0.23397075365579303,0.15171407731582787,0.5863636363636364,0.1119734719106592,0.18803861741801223
SMD,machine-2-8.test.csv@28.out,70,0.7728207978827111,0.03286276008330842,0.029159519725557463,0.10559006211180125,0.0456989247311828,0.10559006211180125,0.0603448275862069,0.21206743566992015,0.09395445483390896
SMD,machine-2-9.test.csv@9.out,70,0.5060814469146561,0.3796070836227155,0.6875,0.012535612535612535,0.024622271964185788,0.012535612535612535,0.75,0.2749260246550439,0.4023598065249268
SMD,machine-2-3.test.csv@14.out,70,0.5364654790471688,0.031395140909522154,0.06116207951070336,0.09302325581395349,0.07380073800738007,0.09302325581395349,0.022813688212927757,0.07895807895807896,0.03539930661151998
SMD,machine-2-5.test.csv@13.out,70,0.5348151958801012,0.31828966394951186,0.5625,0.07086614173228346,0.1258741258741259,0.07086614173228346,0.5238095238095238,0.35739056034785055,0.4248855228125318
SMD,machine-3-11.test.csv@15.out,70,0.4998203700377223,0.004406658951304193,0.0,0.0,0.0,0.0,0.0,0.0,0.0
SMD,machine-2-7.test.csv@25.out,70,0.41958843979755006,0.0026205065924621044,0.0,0.0,0.0,0.0,0.0,0.0,0.0
SMD,machine-3-3.test.csv@31.out,70,0.6199270387636503,0.013259724283278367,0.017241379310344827,0.1,0.029411764705882353,0.0,0.012235449735449737,0.2196078431372549,0.02317945620011299
SMD,machine-1-5.test.csv@4.out,70,0.7129877997119376,0.2816897591496085,0.2721518987341772,0.43,0.3333333333333333,0.43,0.2951086956521739,0.4391574811742879,0.3530032991996797
SMD,machine-2-9.test.csv@12.out,70,0.5811015436593019,0.46610874880093683,0.7950138504155124,0.16353276353276353,0.2712665406427221,0.16353276353276353,0.7364864864864865,0.1027336525353784,0.18031489779997542
SMD,machine-2-7.test.csv@20.out,70,0.43879085051756034,0.010405559930789227,0.002145922746781116,0.014925373134328358,0.00375234521575985,0.0,0.004166666666666667,0.017582417582417582,0.006736842105263158
SVDB,880.test.csv@2.out,70,0.5087627844031822,0.18307549795573705,0.24875621890547264,0.019223375624759707,0.03568879371877231,0.019223375624759707,0.2773109243697479,0.20172073651607572,0.2335518441698674
SVDB,827.test.csv@1.out,70,0.4430403861902504,0.004345827999846491,0.003110419906687403,0.016,0.005208333333333333,0.016,0.0036036036036036037,0.2064,0.007083533530098154
SVDB,871.test.csv@1.out,70,0.4519409515619476,0.010588296238360998,0.014492753623188406,0.03767123287671233,0.02093244529019981,0.03767123287671233,0.014925373134328358,0.2054959533220403,0.027829464872883732
SVDB,873.test.csv@1.out,70,0.502261709169864,0.01210580138005726,0.00843558282208589,0.034055727554179564,0.013521819299323909,0.0,0.007760532150776054,0.2076225903768472,0.01496182030363389
SVDB,840.test.csv@1.out,70,0.5173036781130426,0.08845036445810023,0.008048289738430584,0.0050782903089293275,0.006227296315516347,0.0050782903089293275,0.009640666082383873,0.20036933020428577,0.0183962081787156
SVDB,845.test.csv@1.out,70,0.4952988578107816,0.09760776103489871,0.026706231454005934,0.01184990125082291,0.016415868673050615,0.01184990125082291,0.02723146747352496,0.13302005482871238,0.04520807346295038
SVDB,884.test.csv@1.out,70,0.5779051470241723,0.12344600942848279,0.03881278538812785,0.010035419126328217,0.01594746716697936,0.010035419126328217,0.03836930455635491,0.1168339276072096,0.057767309203352234
SVDB,809.test.csv@1.out,70,0.5246740550273867,0.017430067549630005,0.008647798742138365,0.02286902286902287,0.012549914432401598,0.02286902286902287,0.009113504556752278,0.20650556055598,0.017456613738100063
SVDB,862.test.csv@2.out,70,0.529572339526642,0.44281555871454376,0.4660033167495854,0.04694286668894086,0.08529367127029898,0.04694286668894086,0.46755407653910147,0.19382446719248198,0.2740440270637
SVDB,854.test.csv@2.out,70,0.5089593156619882,0.4208388037220782,0.25790754257907544,0.016340373053799907,0.030733545955349377,0.016340373053799907,0.2537313432835821,0.1807343212298649,0.21110051195624788
SVDB,868.test.csv@1.out,70,0.5926315129977925,0.32642000610585187,0.09912536443148688,0.007628449629795826,0.014166666666666666,0.007628449629795826,0.11553030303030302,0.08197178029081519,0.09589999718163662
SVDB,858.test.csv@1.out,70,0.5884630165407658,0.04520653531484396,0.010626992561105207,0.014792899408284023,0.012368583797155226,0.014792899408284023,0.010626992561105207,0.20118343195266272,0.02018762617266358
SVDB,891.test.csv@1.out,70,0.46840592006600246,0.2190065914660526,0.09208103130755065,0.013203063110641669,0.023094688221709007,0.013203063110641669,0.09225092250922509,0.1332784727750113,0.10903290055489108
SVDB,866.test.csv@2.out,70,0.4853595278295621,0.15024859071322638,0.07478632478632478,0.013801261829652996,0.02330226364846871,0.013801261829652996,0.0765661252900232,0.16460938442575748,0.10451726849636644
SVDB,804.test.csv@1.out,70,0.5223495002017122,0.02030719967954254,0.0010482180293501049,0.0035714285714285713,0.0016207455429497568,0.0,0.0014577259475218659,0.0692063492063492,0.0028553091723532726
SVDB,862.test.csv@1.out,70,0.5028700574990043,0.4497667737304898,0.9302325581395349,0.03341129301703976,0.06450572488308337,0.03341129301703976,0.9302325581395349,0.19382446719248198,0.32080548563492756
SVDB,845.test.csv@2.out,70,0.5009301999742811,0.10234356251969302,0.06484641638225255,0.025016458196181698,0.036104513064133016,0.025016458196181698,0.08280254777070063,0.2108400582417677,0.11890709070876443
SVDB,864.test.csv@1.out,70,0.5950484328755601,0.251154510776079,0.16940581542351454,0.07030430220356768,0.09936967000370782,0.07030430220356768,0.15932914046121593,0.2119578922000023,0.18191353754609538
SVDB,859.test.csv@1.out,70,0.5075523464290467,0.1399990527371187,0.24719101123595505,0.033656297807241206,0.059245960502693,0.033656297807241206,0.205761316872428,0.20611397055826283,0.20593749274170617
SVDB,870.test.csv@2.out,70,0.5518512008478628,0.2893361004428812,0.1912751677852349,0.014988167236392323,0.027798098024871983,0.014988167236392323,0.19014084507042253,0.1862697779625879,0.18818540617957208
SVDB,856.test.csv@2.out,70,0.5312954915818674,0.047782424754999324,0.012804097311139564,0.017482517482517484,0.014781966001478197,0.017482517482517484,0.01282051282051282,0.16539397045915735,0.023796444370680774
SVDB,807.test.csv@1.out,70,0.4220479836181945,0.0201951123785433,0.020942408376963352,0.024742268041237112,0.022684310018903593,0.024742268041237112,0.020454545454545454,0.15716253443526174,0.03619796256477141
SVDB,894.test.csv@2.out,70,0.5275622064109032,0.09335526703293377,0.06688963210702341,0.015349194167306216,0.024968789013732832,0.015349194167306216,0.06397306397306397,0.18619631543272985,0.09522787182843337
SVDB,856.test.csv@1.out,70,0.5427272128480425,0.049493070850737134,0.02010968921389397,0.019230769230769232,0.01966041108132261,0.019230769230769232,0.02010968921389397,0.16539397045915735,0.03585936093819065
SVDB,886.test.csv@2.out,70,0.4205605434245967,0.011161384147425034,0.0049504950495049506,0.010676156583629894,0.006764374295377677,0.010676156583629894,0.005050505050505051,0.205694022289767,0.009858938797075438
SVDB,848.test.csv@1.out,70,0.5294897897413993,0.006656564472171746,0.0,0.0,0.0,0.0,0.0,0.0,0.0
SVDB,823.test.csv@1.out,70,0.4805447608237471,0.2196572724453965,0.03914590747330961,0.0053475935828877,0.009409751924721984,0.0053475935828877,0.05,0.071187468136324,0.05874160854342223
SVDB,811.test.csv@2.out,70,0.5084699544094471,0.024705828706285935,0.008680555555555556,0.012690355329949238,0.010309278350515464,0.012690355329949238,0.00980392156862745,0.20503105590062112,0.018713045844411313
SVDB,878.test.csv@2.out,70,0.5015910261101015,0.39137133338048324,0.40407470288624786,0.03816549069916613,0.06974358974358974,0.03816549069916613,0.3901639344262295,0.2104094521561049,0.273386005866375
SVDB,805.test.csv@2.out,70,0.572167528681357,0.05536189264698722,0.09565217391304348,0.03202328966521106,0.04798255179934569,0.03202328966521106,0.09734513274336283,0.20582286634460548,0.13217657738422037
SVDB,842.test.csv@2.out,70,0.49140759495489705,0.0872210774116889,0.03172978505629478,0.011143062544931704,0.016493748337323755,0.011143062544931704,0.04240766073871409,0.12315538098663376,0.06309054920230593
SVDB,849.test.csv@1.out,70,0.5194038490765664,0.017678577546758625,0.007909604519774011,0.022435897435897436,0.011695906432748537,0.022435897435897436,0.008904109589041096,0.20525252525252527,0.017067796938702987
SVDB,888.test.csv@1.out,70,0.542573559616918,0.12033407686013804,0.07990314769975787,0.02018348623853211,0.0322265625,0.02018348623853211,0.09243697478991597,0.11951403899623655,0.1042459388364381
SVDB,857.test.csv@1.out,70,0.6050688534106277,0.21354556403093947,0.08264462809917356,0.030978934324659233,0.04506534474988734,0.030978934324659233,0.07307692307692308,0.208858595092806,0.10827116488645341
SVDB,825.test.csv@2.out,70,0.46715277574050706,0.10885258301801654,0.028397565922920892,0.007310704960835509,0.011627906976744186,0.007310704960835509,0.029166666666666667,0.13130758437849602,0.047731078592726614
SVDB,859.test.csv@2.out,70,0.5100652084416892,0.13300031817129795,0.1485148514851485,0.015298317185109638,0.027739251040221916,0.015298317185109638,0.11891891891891893,0.12499756875754175,0.12188250073407905
SVDB,875.test.csv@1.out,70,0.38982639084214077,0.15453618639375832,0.21613832853025935,0.023430178069353328,0.042277339346110485,0.023430178069353328,0.2245508982035928,0.20577226285677588,0.21475184526910776
SVDB,872.test.csv@2.out,70,0.5386394149395568,0.040833906764022904,0.028716216216216218,0.021850899742930592,0.024817518248175182,0.021850899742930592,0.033268101761252444,0.16415163055780885,0.05532388364144721
SVDB,882.test.csv@2.out,70,0.4940727601171494,0.04487368055360184,0.025380710659898477,0.026997840172786176,0.026164311878597593,0.026997840172786176,0.022222222222222223,0.21017107226956247,0.04019451837343826
SVDB,820.test.csv@2.out,70,0.3474664240116726,0.06612431935959236,0.012269938650306749,0.002734107997265892,0.004471771939631079,0.002734107997265892,0.01818181818181818,0.06885704854880821,0.028767523849446804
SVDB,868.test.csv@2.out,70,0.5160037955357042,0.2919957925586347,0.25069637883008355,0.02019295490240072,0.03737541528239203,0.02019295490240072,0.27472527472527475,0.17505048639881593,0.2138434176466868
SVDB,865.test.csv@2.out,70,0.5692698926083094,0.4903825601959669,0.43140495867768597,0.03985949908368967,0.07297637354955963,0.03985949908368967,0.47754491017964074,0.21260106345462695,0.29421762824146647
SVDB,875.test.csv@2.out,70,0.553134089255092,0.21979161493839147,0.09701492537313433,0.016244923461418308,0.02782981000802783,0.016244923461418308,0.09701492537313433,0.20577226285677588,0.13186146244571578
SVDB,803.test.csv@2.out,70,0.4667132303320902,0.106755986396348,0.12951167728237792,0.03253333333333333,0.05200341005967604,0.03253333333333333,0.13513513513513514,0.2063596138576314,0.16331984247099512
SVDB,863.test.csv@1.out,70,0.5183749702612414,0.2958670884938037,0.075,0.014029042579374847,0.023636740617872694,0.014029042579374847,0.10738255033557047,0.1276314967796578,0.11663469307965234
SVDB,858.test.csv@2.out,70,0.5769972078932054,0.046199244248658455,0.012522361359570662,0.020710059171597635,0.01560758082497213,0.020710059171597635,0.012237762237762238,0.20236686390532546,0.023079815284352195
SVDB,874.test.csv@1.out,70,0.5767307795260646,0.0666153411256362,0.035641547861507125,0.02961082910321489,0.03234750462107209,0.02961082910321489,0.035641547861507125,0.20559872831991363,0.06075152152593632
SVDB,808.test.csv@2.out,70,0.4445671767748623,0.037573922210119876,0.04497354497354497,0.027709861450692746,0.03429147755925366,0.027709861450692746,0.04740608228980322,0.206636823809106,0.07711958915935349
SVDB,874.test.csv@2.out,70,0.6285696116078021,0.07863650280502996,0.057633973710819006,0.048223350253807105,0.0525103638876094,0.048223350253807105,0.05786802030456853,0.20559872831991363,0.09031569598156622
SVDB,852.test.csv@1.out,70,0.6065088535932598,0.11222370302930136,0.048302872062663184,0.03952991452991453,0.043478260869565216,0.03952991452991453,0.05128205128205128,0.21462230370552626,0.08278369104118638
SVDB,887.test.csv@2.out,70,0.45347248944818314,0.19381967004359335,0.09190371991247265,0.01254855094114132,0.022082018927444796,0.01254855094114132,0.10033444816053512,0.15269278795822927,0.12109642307985821
SVDB,887.test.csv@1.out,70,0.6572091299570578,0.3987517387864098,0.15532544378698224,0.0313713773528533,0.05219985085756898,0.0313713773528533,0.20286396181384247,0.20775658810830958,0.20528112664876938
SVDB,889.test.csv@1.out,70,0.46989737651026764,0.14782781793977634,0.1444866920152091,0.015708970649028525,0.028337061894108874,0.015708970649028525,0.1377952755905512,0.2045634517547333,0.16466866452549422
SVDB,820.test.csv@1.out,70,0.4222340036353362,0.07850490537467325,0.028462998102466792,0.010252904989747095,0.01507537688442211,0.010252904989747095,0.0329512893982808,0.2071041188666866,0.056856438317103734
SVDB,869.test.csv@1.out,70,0.4962260301244963,0.2614963045196101,0.1844106463878327,0.022839651518719094,0.04064529645924995,0.022839651518719094,0.19130434782608696,0.18698834156086924,0.1891217236650998
SVDB,883.test.csv@1.out,70,0.37600828212364906,0.024801687504025872,0.02288329519450801,0.019646365422396856,0.021141649048625793,0.019646365422396856,0.01928374655647383,0.1379218034519197,0.033836580225527824
SVDB,851.test.csv@1.out,70,0.5808980940982239,0.3000497367815493,0.16953316953316952,0.018001565353509,0.032547169811320754,0.018001565353509,0.1864406779661017,0.2069853319709178,0.19617658541627278
SVDB,803.test.csv@1.out,70,0.6512894334931629,0.2220924723034,0.05787037037037037,0.02666666666666667,0.03650967506389193,0.02666666666666667,0.07532051282051282,0.20609019648937826,0.11032145382758979
SVDB,847.test.csv@2.out,70,0.49251904877990016,0.1359882801444506,0.11392405063291139,0.020642201834862386,0.03495145631067961,0.020642201834862386,0.1254125412541254,0.2056311151506668,0.15580253669281002
SVDB,828.test.csv@2.out,70,0.5110835298075995,0.2524824758245137,0.17943548387096775,0.02433023510114817,0.04285026480500722,0.02433023510114817,0.19852941176470587,0.1920802037103701,0.1952515675165087
SVDB,802.test.csv@2.out,70,0.5538849628994429,0.021233140838852554,0.007233273056057866,0.012084592145015106,0.00904977375565611,0.012084592145015106,0.007246376811594203,0.2048338809784593,0.013997563948837935
SVDB,853.test.csv@2.out,70,0.5216787857443925,0.10962703594987751,0.04736842105263158,0.017077798861480076,0.02510460251046025,0.017077798861480076,0.04569420035149385,0.1871466530089541,0.07345374777908517
SVDB,824.test.csv@1.out,70,0.4888073764014211,0.13755479678872107,0.06990881458966565,0.020096111839231105,0.031218187987784186,0.020096111839231105,0.07372400756143667,0.14946585815165425,0.0987430322729287
SVDB,882.test.csv@1.out,70,0.47318653983168185,0.03934739309076272,0.02844311377245509,0.020518358531317494,0.02383939774153074,0.020518358531317494,0.031185031185031187,0.17210112461319182,0.05280220797099888
SVDB,879.test.csv@1.out,70,0.43667222777309217,0.39878167819226223,0.17218543046357615,0.010767531750414136,0.02026763674158763,0.010767531750414136,0.1689497716894977,0.14751242906335715,0.15750501103972742
SVDB,894.test.csv@1.out,70,0.5488040668922974,0.10617829687167196,0.07007575757575757,0.0283960092095165,0.040415073730202075,0.0283960092095165,0.07007575757575757,0.20617007904285706,0.10459903870571848
SVDB,870.test.csv@1.out,70,0.5252528034971067,0.26818223452248413,0.12608695652173912,0.022876676308177753,0.038726908524371245,0.022876676308177753,0.14299242424242425,0.19318911788886658,0.16434323032164655
SVDB,802.test.csv@1.out,70,0.5671776332163821,0.023126388133777175,0.011864406779661017,0.021148036253776436,0.01520086862106406,0.021148036253776436,0.011884550084889643,0.2048338809784593,0.02246563437753235
SVDB,806.test.csv@2.out,70,0.4804175833118203,0.012350617055648492,0.0017167381974248926,0.005390835579514825,0.0026041666666666665,0.005390835579514825,0.0031201248049922,0.10430157261794636,0.006058997981453556
SVDB,801.test.csv@1.out,70,0.5074418854186983,0.5507433175994967,0.33579335793357934,0.010689533654410902,0.020719489981785064,0.010689533654410902,0.3409090909090909,0.17736833561235205,0.23333633670099177
SVDB,891.test.csv@2.out,70,0.48728798006436214,0.22797147160659248,0.13649851632047477,0.012146818061790335,0.02230843840931135,0.012146818061790335,0.13432835820895522,0.14005594819620765,0.13713237338592235
SVDB,812.test.csv@1.out,70,0.5017219796088088,0.06880835469740475,0.0467741935483871,0.028543307086614175,0.035452322738386305,0.028543307086614175,0.04367816091954023,0.20603464545684497,0.07207651485603206
SVDB,805.test.csv@1.out,70,0.6171907840394011,0.08603378651115702,0.056179775280898875,0.02911208151382824,0.038350910834132314,0.02911208151382824,0.05649717514124294,0.20582286634460548,0.08865819372456252
SVDB,855.test.csv@2.out,70,0.5147708811779561,0.3183195655694805,0.2025862068965517,0.010042735042735043,0.019136807817589578,0.010042735042735043,0.19424460431654678,0.07457976813189272,0.10777830461468191
SVDB,889.test.csv@2.out,70,0.5271793027335024,0.1791905402342489,0.14285714285714285,0.026043819760231502,0.044055944055944055,0.026043819760231502,0.15680473372781065,0.2050504229129816,0.17771131003979407
SVDB,888.test.csv@2.out,70,0.5106265309537937,0.10520011837536328,0.051094890510948905,0.012844036697247707,0.020527859237536656,0.012844036697247707,0.05172413793103448,0.1477018083973401,0.07661739959982583
SVDB,801.test.csv@2.out,70,0.5099137843774378,0.5570087932568614,0.43458980044345896,0.02302361094796194,0.04373047746541722,0.02302361094796194,0.437219730941704,0.2019011901278373,0.2762393816706176
SVDB,883.test.csv@2.out,70,0.49663992559769476,0.03639208222638249,0.022222222222222223,0.0275049115913556,0.024582967515364356,0.0275049115913556,0.01948051948051948,0.20677758027037582,0.03560654566644567
SVDB,812.test.csv@2.out,70,0.5858722764768632,0.1423451034114588,0.11678832116788321,0.07874015748031496,0.09406231628453851,0.07874015748031496,0.125,0.2109777540447617,0.1569878894546196
SVDB,825.test.csv@1.out,70,0.4812895043076051,0.11263671755226382,0.0,0.0,0.0,0.0,0.0,0.0,0.0
SVDB,844.test.csv@1.out,70,0.5105335012053624,0.043165607404967256,0.030666666666666665,0.018370607028753993,0.022977022977022976,0.018370607028753993,0.03155006858710562,0.17563918099214917,0.05349146462124364
SVDB,810.test.csv@2.out,70,0.5573290629903981,0.09840258437673569,0.049019607843137254,0.022865853658536585,0.031185031185031187,0.022865853658536585,0.049019607843137254,0.20489221516492442,0.0791119997368331
SVDB,827.test.csv@2.out,70,0.4753588207404853,0.004382552569886065,0.0027359781121751026,0.016,0.004672897196261682,0.0,0.003110419906687403,0.2064,0.006128484387804791
SVDB,853.test.csv@1.out,70,0.5087418368171855,0.1045636176775967,0.062193126022913256,0.02403542061986085,0.03467153284671533,0.02403542061986085,0.06085526315789474,0.2060214497569216,0.09395716399677226
SVDB,890.test.csv@1.out,70,0.6263058875671266,0.14580330531286761,0.15337423312883436,0.03462603878116344,0.05649717514124294,0.03462603878116344,0.14733542319749215,0.20591499092450957,0.1717680779283807
SVDB,849.test.csv@2.out,70,0.527786667718846,0.024888028539365628,0.012958963282937365,0.019230769230769232,0.015483870967741935,0.019230769230769232,0.010845986984815618,0.2062626262626263,0.020608318817352974
SVDB,842.test.csv@1.out,70,0.5143655924719754,0.10191271722379319,0.02560553633217993,0.013299784327821711,0.017506505796072866,0.013299784327821711,0.04714912280701754,0.14791511656664302,0.07150534632496736
SVDB,890.test.csv@2.out,70,0.617954022916999,0.16928582500719005,0.0499194847020934,0.02146814404432133,0.03002421307506053,0.02146814404432133,0.06696428571428571,0.20776311384599744,0.10128373463106428
SVDB,886.test.csv@1.out,70,0.43778265195504407,0.010978535362603337,0.005134788189987163,0.014234875444839857,0.007547169811320755,0.014234875444839857,0.005194805194805195,0.205694022289767,0.010133684067349916
SVDB,872.test.csv@1.out,70,0.6511537654750432,0.10232202770145374,0.03842364532019704,0.05012853470437018,0.04350250976017847,0.05012853470437018,0.039301310043668124,0.20762518661044801,0.06609207146596147
SVDB,880.test.csv@1.out,70,0.571018930265515,0.1941850905697969,0.12213740458015267,0.012302960399846213,0.022354173943415996,0.012302960399846213,0.2033898305084746,0.14867763658729696,0.17178252540820518
SVDB,865.test.csv@1.out,70,0.5333194756806695,0.4126457617456729,0.5267605633802817,0.028558338423946242,0.054179342314935534,0.028558338423946242,0.5125,0.13345264069380403,0.21176313570639946
SVDB,893.test.csv@2.out,70,0.5410531566014528,0.15331391137482608,0.12705882352941175,0.02748091603053435,0.045188284518828455,0.02748091603053435,0.12796208530805686,0.19364554396589134,0.1540963917580528
SVDB,809.test.csv@2.out,70,0.49676726058039783,0.02155615713256394,0.009311950336264873,0.037422037422037424,0.014913007456503728,0.0,0.009135628952916374,0.20948247876500445,0.017507737287741493
SVDB,847.test.csv@1.out,70,0.5604080534953235,0.21589280029237987,0.1202435312024353,0.036238532110091745,0.05569263306309482,0.036238532110091745,0.11224489795918367,0.1902994419524777,0.14120337832056162
SVDB,877.test.csv@2.out,70,0.4906846695267179,0.09338502610154158,0.06074074074074074,0.024188790560471976,0.03459915611814346,0.024188790560471976,0.06956521739130435,0.19165843358066947,0.10207927610924161
SVDB,844.test.csv@2.out,70,0.49221987827684965,0.04322774436234611,0.03657362848893166,0.03035143769968051,0.03317328677433435,0.03035143769968051,0.02979991485738612,0.20839664118418075,0.05214350926862361
SVDB,850.test.csv@1.out,70,0.5048932717751787,0.020119097728479404,0.008032128514056224,0.012072434607645875,0.00964630225080386,0.012072434607645875,0.006051437216338881,0.2024144869215292,0.01175154706313536
SVDB,826.test.csv@2.out,70,0.4520226035387182,0.07879635981862732,0.004878048780487805,0.0018975332068311196,0.00273224043715847,0.0018975332068311196,0.004909983633387889,0.01682170542635659,0.007601277388243125
SVDB,892.test.csv@2.out,70,0.5378528219087053,0.5042055365172244,0.2057142857142857,0.009593604263824117,0.01833227243793762,0.009593604263824117,0.20294117647058824,0.09736000842574255,0.13159025435032837
SVDB,806.test.csv@1.out,70,0.5297633913037901,0.01543788270578951,0.0030534351145038168,0.01078167115902965,0.004759071980963712,0.01078167115902965,0.004956629491945477,0.15642923219241445,0.00960879395003967
SVDB,873.test.csv@2.out,70,0.5740126069421744,0.020039762097744523,0.008364312267657992,0.02786377708978328,0.012866333095067906,0.0,0.008823529411764706,0.20802270286853813,0.016928995424764528
SVDB,841.test.csv@1.out,70,0.4827211804268962,0.031694858660124454,0.018970189701897018,0.013806706114398421,0.01598173515981735,0.013806706114398421,0.01971830985915493,0.2047350385933336,0.035972098058175674
SVDB,841.test.csv@2.out,70,0.3895725179953217,0.024978793339060446,0.015432098765432098,0.009861932938856016,0.012033694344163659,0.009861932938856016,0.01639344262295082,0.2047350385933336,0.030356217250953284
SVDB,821.test.csv@1.out,70,0.5394776362931718,0.20557287152096776,0.005128205128205128,0.0010097610232245036,0.001687289088863892,0.0010097610232245036,0.005555555555555556,0.012688760514847472,0.007727679535845447
SVDB,850.test.csv@2.out,70,0.4880891627090271,0.01837908619696207,0.01284796573875803,0.03621730382293763,0.018967334035827187,0.03621730382293763,0.012588512981904013,0.20181086519114688,0.0236987506026952
SVDB,857.test.csv@2.out,70,0.4773308884369714,0.09600545671336314,0.019230769230769232,0.0055762081784386614,0.008645533141210375,0.0055762081784386614,0.017543859649122806,0.10236359167167113,0.02995397643243017
SVDB,863.test.csv@2.out,70,0.5177499997244159,0.266958695940636,0.0945054945054945,0.010583312823037165,0.019034971226206288,0.010583312823037165,0.09268292682926829,0.10720135778325442,0.0994148751482297
SVDB,811.test.csv@1.out,70,0.5910655115267536,0.03696399613180362,0.0137524557956778,0.017766497461928935,0.015503875968992248,0.017766497461928935,0.011764705882352941,0.20625258799171844,0.022259711530941716
SVDB,861.test.csv@2.out,70,0.4711741605518584,0.22562514646738266,0.09418282548476455,0.0084472049689441,0.015503875968992248,0.0084472049689441,0.0947075208913649,0.1313205320728632,0.11004865875408987
SVDB,871.test.csv@2.out,70,0.4688386489632956,0.014030916120385888,0.01792573623559539,0.04794520547945205,0.0260950605778192,0.04794520547945205,0.01461038961038961,0.20926030491247882,0.027313754408779315
SVDB,864.test.csv@2.out,70,0.550963705595351,0.15497496348508935,0.09315589353612168,0.02570828961175236,0.04029605263157895,0.02570828961175236,0.09142857142857143,0.20449725537153257,0.1263620152512921
SVDB,852.test.csv@2.out,70,0.5150707627203226,0.062705149634078,0.045454545454545456,0.021367521367521368,0.029069767441860465,0.021367521367521368,0.047058823529411764,0.20775257554858878,0.07673590605363069
SVDB,826.test.csv@1.out,70,0.5038935186403708,0.09050280466810598,0.004807692307692308,0.0018975332068311196,0.0027210884353741495,0.0018975332068311196,0.005263157894736842,0.05188690441203226,0.00955690893646839
SVDB,808.test.csv@1.out,70,0.6247313265223546,0.09715597394531336,0.05622489959839357,0.045639771801140996,0.05038236617183985,0.045639771801140996,0.06483300589390963,0.2093032853994454,0.09900010736919032
