dataset,filename,window,AUC_ROC,AUC_PR,Precision,Recall,F,Precision@k,Rprecision,Rrecall,RF
Dodgers,101-freeway-traffic.test.out,100,0.30759396202762523,0.0763268257819956,0.12550607287449392,0.0191713048855906,0.033261802575107295,0.0191713048855906,0.11894273127753303,0.1350878497894172,0.1265022325176489
ECG,MBA_ECG801_data.out,100,0.5055527237611233,0.47884599667067257,0.46368715083798884,0.011614889448642597,0.02266211604095563,0.011614889448642597,0.4797687861271676,0.09707845229537503,0.16148195957120878
ECG,MBA_ECG803_data.out,100,0.6068265939753543,0.07823729643280586,0.0039946737683089215,0.003076923076923077,0.0034762456546929316,0.003076923076923077,0.005893909626719057,0.03241025641025641,0.009974012856797164
ECG,MBA_ECG805_data.out,100,0.745479418003176,0.11779098413588004,0.17632241813602015,0.13806706114398423,0.15486725663716813,0.13806706114398423,0.06965174129353234,0.2407447019211725,0.10804432887398291
ECG,MBA_ECG806_data.out,100,0.466132382892057,0.00958331937052824,0.003973509933774834,0.01,0.005687203791469194,0.01,0.006521739130434782,0.15800000000000003,0.01252642706131078
ECG,MBA_ECG820_data.out,100,0.7954760851512963,0.16648843087602638,0.14928057553956833,0.09222222222222222,0.11401098901098901,0.09222222222222222,0.1465599051008304,0.22108148148148152,0.17626786389144708
IOPS,KPI-05f10d3a-239c-3bef-9bdc-a2feeb0037aa.test.out,100,0.7554510649695312,0.0419283116141219,0.060218978102189784,0.2129032258064516,0.09388335704125178,0.2129032258064516,0.03986332574031891,0.2843582251082251,0.06992418933757631
IOPS,KPI-0efb375b-b902-3661-ab23-9a0bb799f4e3.test.out,100,0.41531029399165564,0.006273968386066595,0.006329113924050633,0.014084507042253521,0.008733624454148471,0.014084507042253521,0.006329113924050633,0.060000000000000005,0.011450381679389315
IOPS,KPI-1c6d7a26-1f1a-3321-bb4d-7a9d969ec8f0.test.out,100,0.7523073618872189,0.05739315328506436,0.07789855072463768,0.5119047619047619,0.13522012578616352,0.5119047619047619,0.03659611992945327,0.40267379679144394,0.06709450385235968
IOPS,KPI-301c70d8-1630-35ac-8f96-bc1b6f4359ea.test.out,100,0.5021317798749114,0.025186472676718776,0.047058823529411764,0.038834951456310676,0.0425531914893617,0.038834951456310676,0.047058823529411764,0.09626262626262627,0.06321462625927615
IOPS,KPI-42d6616d-c9c5-370a-a8ba-17ead74f3114.test.out,100,0.7261042543892826,0.027572839123468994,0.03339882121807466,0.3333333333333333,0.060714285714285714,0.0,0.02386634844868735,0.41436908212560386,0.04513316911602795
IOPS,KPI-43115f2a-baeb-3b01-96f7-4ea14188343c.test.out,100,0.826029323809483,0.05959977989629471,0.08048289738430583,0.2898550724637681,0.12598425196850394,0.2898550724637681,0.036036036036036036,0.3231728623885295,0.06484176180478232
IOPS,KPI-431a8542-c468-3988-a508-3afd06a218da.test.out,100,0.7761493330857464,0.12804915392626684,0.17787418655097614,0.3346938775510204,0.23229461756373937,0.3346938775510204,0.0989399293286219,0.4058505691839026,0.1590950176414226
IOPS,KPI-4d2af31a-9916-3d9f-8a8e-8a268a48c095.test.out,100,0.6110551263389692,0.33352918135526827,0.5,0.2222222222222222,0.3076923076923077,0.2222222222222222,0.5,0.3111111111111111,0.3835616438356164
IOPS,KPI-54350a12-7a9d-3ca8-b81f-f886b9d156fd.test.out,100,0.6058759545373824,0.4307419008122523,0.7419354838709677,0.21296296296296297,0.33093525179856115,0.21296296296296297,0.46153846153846156,0.30064935064935067,0.36411298250212987
IOPS,KPI-55f8b8b8-b659-38df-b3df-e4a5a8a54bc9.test.out,100,0.5806825409953159,0.0723763753607989,0.0914179104477612,0.062261753494282084,0.07407407407407407,0.062261753494282084,0.0855290242898312,0.30556540724374415,0.13364910891623727
IOPS,KPI-57051487-3a40-3828-9084-a12f7f23ee38.test.out,100,0.8038818942668613,0.4170254293000849,0.5,0.6086956521739131,0.5490196078431373,0.6086956521739131,0.5,0.702060606060606,0.5840475950388222
IOPS,KPI-6a757df4-95e5-3357-8406-165e2bd49360.test.out,100,0.666629296062384,0.3750747244535775,0.5,0.3333333333333333,0.4,0.3333333333333333,0.5,0.4666666666666667,0.4827586206896552
IOPS,KPI-6d1114ae-be04-3c46-b5aa-be1a003a57cd.test.out,100,0.6859048266015028,0.02192437571774737,0.02586206896551724,0.07741935483870968,0.03877221324717286,0.07741935483870968,0.021538461538461538,0.30580357142857145,0.04024254631669499
IOPS,KPI-6efa3a07-4544-34a0-b921-a155bd1a05e8.test.out,100,0.6350037704711996,0.11667905373879,0.051319648093841645,0.021367521367521368,0.03017241379310345,0.021367521367521368,0.061601642710472276,0.26173001838630106,0.09973040700404923
IOPS,KPI-7103fa0f-cac4-314f-addc-866190247439.test.out,100,0.6388055055255375,0.33355000000000007,0.5,0.2777777777777778,0.35714285714285715,0.2777777777777778,0.5,0.38888888888888884,0.43749999999999994
IOPS,KPI-847e8ecc-f8d2-3a93-9107-f367a0aab37d.test.out,100,0.7493763990236869,0.05562926778500968,0.059813084112149535,0.29906542056074764,0.09968847352024922,0.29906542056074764,0.037037037037037035,0.410737812911726,0.06794714616537256
IOPS,KPI-8723f0fb-eaef-32e6-b372-6034c9c04b80.test.out,100,0.6701694793688684,0.02997535962501773,0.033112582781456956,0.09433962264150944,0.049019607843137254,0.09433962264150944,0.027692307692307693,0.3409562211981567,0.05122420868160478
IOPS,KPI-9c639a46-34c8-39bc-aaf0-9144b37adfc8.test.out,100,0.7160299980191156,0.21479444934801978,0.2751937984496124,0.44375,0.3397129186602871,0.44375,0.14074471894020765,0.38319506319506325,0.20587358817788692
IOPS,KPI-a07ac296-de40-3a7c-8df3-91f642cc14d0.test.out,100,0.501686978043886,0.037629723992436706,0.0674373795761079,0.08158508158508158,0.07383966244725738,0.08158508158508158,0.05647012267510883,0.42167673992673993,0.09960177131908214
IOPS,KPI-a8c06b47-cc41-3738-9110-12df0ee4c721.test.out,100,0.6842193142177188,0.04765226928326065,0.13592233009708737,0.11023622047244094,0.12173913043478261,0.11023622047244094,0.14772727272727273,0.3318528951486698,0.20444433039876667
IOPS,KPI-ab216663-dcc2-3a24-b1ee-2c3e550e06c9.test.out,100,0.6261525747756944,0.024442686413217934,0.015706806282722512,0.016042780748663103,0.015873015873015872,0.016042780748663103,0.015789473684210527,0.05477463712757831,0.02451282051282051
IOPS,KPI-adb2fde9-8589-3f5b-a410-5fe14386c7af.test.out,100,0.779222903139515,0.02018368972619975,0.035623409669211195,0.25925925925925924,0.06263982102908278,0.25925925925925924,0.02830188679245283,0.3457729468599034,0.052321225153662
IOPS,KPI-ba5f3328-9f3f-3ff5-a683-84437d16d554.test.out,100,0.5987245941372562,0.07654531997235749,0.0900562851782364,0.057279236276849645,0.0700218818380744,0.057279236276849645,0.06779465930018416,0.22991071182435618,0.10471237598917618
IOPS,KPI-c02607e8-7399-3dde-9d28-8a8da5e5d251.test.out,100,0.4027979545313596,0.005384900373553761,0.012658227848101266,0.03278688524590164,0.0182648401826484,0.03278688524590164,0.012658227848101266,0.18666666666666668,0.023708721422523286
IOPS,KPI-c69a50cf-ee03-3bd7-831e-407d36c7ee91.test.out,100,0.7673352959198221,0.09827798103266175,0.08531746031746032,0.5443037974683544,0.14751286449399656,0.5443037974683544,0.04143126177024482,0.47577059531946747,0.07622469179899687
IOPS,KPI-da10a69f-d836-3baa-ad40-3e548ecf1fbd.test.out,100,0.5901825292987974,0.1670371129458305,0.21604938271604937,0.1881720430107527,0.20114942528735633,0.1881720430107527,0.18110236220472442,0.339939156268568,0.23631047439945715
IOPS,KPI-e0747cad-8dc8-38a9-a9ab-855b61f5551d.test.out,100,0.5520433858981908,0.014848536728630953,0.006756756756756757,0.008620689655172414,0.007575757575757576,0.008620689655172414,0.00684931506849315,0.036000000000000004,0.011508951406649615
IOPS,KPI-f0932edd-6400-3e63-9559-0a9860a1baa9.test.out,100,0.8566871516687572,0.2405079947618384,0.26344086021505375,0.7205882352941176,0.3858267716535433,0.7205882352941176,0.09260304912478826,0.6343434343434344,0.16161337195617587
IOPS,KPI-ffb82d38-5f00-37db-abc0-5d2e4e4cb6aa.test.out,100,0.6070868661014237,0.3192528123023571,0.5,0.21428571428571427,0.3,0.21428571428571427,0.5,0.2857142857142857,0.36363636363636365
MGAB,1.test.out,100,0.4674457247828991,0.0018058595238481792,0.0,0.0,0.0,0.0,0.0,0.0,0.0
MGAB,10.test.out,100,0.47864979959919846,0.0017516875416095734,0.0,0.0,0.0,0.0,0.0,0.0,0.0
MGAB,2.test.out,100,0.5175005566688933,0.00211160088847198,0.0,0.0,0.0,0.0,0.0,0.0,0.0
MGAB,3.test.out,100,0.6040297261189045,0.005155622101243358,0.009478672985781991,0.1,0.017316017316017316,0.1,0.006779661016949152,0.10666666666666667,0.012749003984063744
MGAB,4.test.out,100,0.4778680648395721,0.002647336446993118,0.003215434083601286,0.025,0.005698005698005698,0.025,0.0064516129032258064,0.060000000000000005,0.011650485436893204
MGAB,5.test.out,100,0.5435756008010681,0.0015640397563683188,0.0,0.0,0.0,0.0,0.0,0.0,0.0
MGAB,6.test.out,100,0.4985749498663101,0.0024941627376901744,0.0,0.0,0.0,0.0,0.0,0.0,0.0
MGAB,7.test.out,100,0.5999819082609664,0.0027636509952198756,0.0,0.0,0.0,0.0,0.0,0.0,0.0
MGAB,8.test.out,100,0.6448132375862837,0.002926326543349047,0.001607717041800643,0.016666666666666666,0.002932551319648094,0.016666666666666666,0.0008650519031141869,0.08,0.0017115960633290544
MGAB,9.test.out,100,0.4868292139835225,0.0020881762990364503,0.0,0.0,0.0,0.0,0.0,0.0,0.0
NAB,NAB_data_CloudWatch_1.out,100,0.5039018176810796,0.14768374782932275,0.1875,0.015,0.027777777777777776,0.015,0.1875,0.20400000000000001,0.19540229885057472
NAB,NAB_data_CloudWatch_10.out,100,0.5028155584710781,0.10400491374332048,0.10497237569060773,0.0472636815920398,0.06518010291595197,0.0472636815920398,0.11888111888111888,0.13778330569375347,0.12763618153270354
NAB,NAB_data_CloudWatch_11.out,100,0.5074626865671642,0.5565820117966357,1.0,0.014925373134328358,0.029411764705882353,0.014925373134328358,1.0,0.20298507462686569,0.337468982630273
NAB,NAB_data_CloudWatch_12.out,100,0.5270337390459582,0.17382871945944642,0.2147239263803681,0.07415254237288135,0.11023622047244094,0.07415254237288135,0.1610738255033557,0.20494350282485876,0.18037962389833187
NAB,NAB_data_CloudWatch_13.out,100,0.49803084549710824,0.10467614406175291,0.2077922077922078,0.04,0.06708595387840671,0.04,0.18055555555555555,0.20500000000000002,0.1920028818443804
NAB,NAB_data_CloudWatch_14.out,100,0.578700580323957,0.1999860751837004,0.12234042553191489,0.049783549783549784,0.07076923076923076,0.049783549783549784,0.09448818897637795,0.20952380952380956,0.1302417365564874
NAB,NAB_data_CloudWatch_15.out,100,0.5635459345605632,0.2418685178514482,0.275,0.08870967741935484,0.13414634146341464,0.08870967741935484,0.2727272727272727,0.24193548387096775,0.2564102564102564
NAB,NAB_data_CloudWatch_16.out,100,0.6471650371798403,0.4496690440684263,0.5,0.1375,0.21568627450980393,0.1375,0.3490740740740741,0.21468571428571429,0.2658622288377541
NAB,NAB_data_CloudWatch_17.out,100,0.6149060176259984,0.35887894177148605,0.5113636363636364,0.1125,0.18442622950819673,0.1125,0.5833333333333334,0.245,0.34507042253521125
NAB,NAB_data_CloudWatch_2.out,100,0.5428060451666208,0.10999761257449484,0.12173913043478261,0.035,0.05436893203883495,0.035,0.12280701754385964,0.20400000000000001,0.15331758642903157
NAB,NAB_data_CloudWatch_3.out,100,0.6087954420269898,0.13772090775524992,0.16,0.02,0.035555555555555556,0.02,0.1702127659574468,0.20400000000000001,0.18558107800773255
NAB,NAB_data_CloudWatch_4.out,100,0.5622404648019205,0.1340507508681278,0.15714285714285714,0.02736318407960199,0.046610169491525424,0.02736318407960199,0.16666666666666666,0.20218905472636817,0.18271738153043793
NAB,NAB_data_CloudWatch_5.out,100,0.6403825820084683,0.3354921467499989,0.45054945054945056,0.11988304093567251,0.18937644341801385,0.11988304093567251,0.39473684210526316,0.20639376218323588,0.2710599704397514
NAB,NAB_data_CloudWatch_6.out,100,0.5818057686217576,0.20298748729700375,0.34,0.0845771144278607,0.13545816733067728,0.0845771144278607,0.2,0.22255389718076285,0.21067503924646783
NAB,NAB_data_CloudWatch_8.out,100,0.5041535913707845,0.10306906050058051,0.06666666666666667,0.024875621890547265,0.036231884057971016,0.024875621890547265,0.08888888888888889,0.13837479270315092,0.10824414607251735
NAB,NAB_data_CloudWatch_9.out,100,0.5200450006569439,0.14790925716007136,0.1509433962264151,0.05084745762711865,0.07606973058637084,0.05084745762711865,0.14285714285714285,0.20203389830508475,0.16736871665262568
NAB,NAB_data_Exchange_1.out,100,0.4216670469237204,0.07984496680939641,0.05263157894736842,0.012345679012345678,0.02,0.012345679012345678,0.06060606060606061,0.20493827160493827,0.09354747816286278
NAB,NAB_data_Exchange_2.out,100,0.49998291182501714,0.09680594590730619,0.14285714285714285,0.025,0.0425531914893617,0.025,0.14814814814814814,0.21000000000000002,0.1737331954498449
NAB,NAB_data_Exchange_3.out,100,0.5518216774813746,0.1640656436924686,0.23076923076923078,0.08,0.1188118811881188,0.08,0.22857142857142856,0.224,0.22626262626262628
NAB,NAB_data_Exchange_4.out,100,0.4830301159034771,0.08840200590882241,0.11764705882352941,0.039473684210526314,0.059113300492610835,0.039473684210526314,0.13793103448275862,0.20789473684210527,0.1658357386512726
NAB,NAB_data_Exchange_5.out,100,0.5079871538204872,0.17461204117441928,0.23529411764705882,0.024691358024691357,0.0446927374301676,0.024691358024691357,0.25,0.14320987654320988,0.18210361067503925
NAB,NAB_data_Exchange_6.out,100,0.5094698886639676,0.2120062501951966,0.3076923076923077,0.025,0.046242774566473986,0.025,0.3076923076923077,0.16500000000000004,0.21480878763222136
NAB,NAB_data_KnownCause_1.out,100,0.539713111708282,0.11132059436928571,0.08695652173913043,0.019337016574585635,0.031638418079096044,0.019337016574585635,0.08108108108108109,0.2037884767166535,0.11600670939914935
NAB,NAB_data_KnownCause_2.out,100,0.5864385625278149,0.11540896906174879,0.09859154929577464,0.009345794392523364,0.01707317073170732,0.009345794392523364,0.09420289855072464,0.20057512580877068,0.12819651851197314
NAB,NAB_data_KnownCause_3.out,100,0.5194397715702334,0.38483309765838936,0.6666666666666666,0.04081632653061224,0.07692307692307693,0.04081632653061224,0.5454545454545454,0.21663681592039805,0.3101085826334256
NAB,NAB_data_KnownCause_4.out,100,0.5814915968182915,0.13669632115443764,0.15676959619952494,0.038869257950530034,0.06229353468617272,0.038869257950530034,0.1210762331838565,0.20364462392730945,0.15186289043836007
NAB,NAB_data_KnownCause_5.out,100,0.49628399599902584,0.09625687016424356,0.09090909090909091,0.014563106796116505,0.02510460251046025,0.014563106796116505,0.07317073170731707,0.16699029126213594,0.10175507789390652
NAB,NAB_data_KnownCause_6.out,100,0.506410941172035,0.14112213957188763,0.17857142857142858,0.026595744680851064,0.046296296296296294,0.026595744680851064,0.125,0.10709219858156029,0.11535523300229183
NAB,NAB_data_KnownCause_7.out,100,0.49895528625156704,0.049680090327436956,0.0,0.0,0.0,0.0,0.0,0.0,0.0
NAB,NAB_data_Traffic_1.out,100,0.532873061753254,0.1465750641947773,0.17894736842105263,0.06910569105691057,0.09970674486803519,0.06910569105691057,0.24324324324324326,0.21897018970189705,0.23046936899819354
NAB,NAB_data_Traffic_2.out,100,0.5318516138246216,0.15291944292000714,0.16470588235294117,0.06481481481481481,0.09302325581395349,0.06481481481481481,0.19047619047619047,0.2064814814814815,0.19815617016550038
NAB,NAB_data_Traffic_3.out,100,0.5467787769007649,0.14693166340001018,0.18,0.037815126050420166,0.0625,0.037815126050420166,0.18181818181818182,0.20378151260504201,0.19217434373452205
NAB,NAB_data_Traffic_4.out,100,0.5963595033031914,0.20332552976081736,0.39655172413793105,0.09274193548387097,0.1503267973856209,0.09274193548387097,0.28205128205128205,0.21702508960573477,0.24530195471830146
NAB,NAB_data_Traffic_5.out,100,0.5192197622082889,0.12961135532319748,0.5789473684210527,0.046218487394957986,0.08560311284046693,0.046218487394957986,0.5333333333333333,0.20462184873949582,0.29576769785538054
NAB,NAB_data_Traffic_6.out,100,0.6059453367145675,0.1988142218946257,0.34782608695652173,0.07142857142857142,0.11851851851851852,0.07142857142857142,0.2857142857142857,0.18214285714285716,0.22246455834242093
NAB,NAB_data_Traffic_7.out,100,0.5621499152615402,0.15150456670049467,0.43548387096774194,0.10887096774193548,0.17419354838709677,0.10887096774193548,0.34375,0.21762672811059908,0.2665204453337438
NAB,NAB_data_art1_0.out,100,0.45203988325114575,0.09022512433507013,0.06493506493506493,0.012437810945273632,0.020876826722338204,0.012437810945273632,0.06493506493506493,0.2019900497512438,0.09827652982184351
NAB,NAB_data_art1_1.out,100,0.5125032731081435,0.10375755563495118,0.08641975308641975,0.017412935323383085,0.028985507246376812,0.017412935323383085,0.0875,0.2019900497512438,0.12210526315789473
NAB,NAB_data_art1_2.out,100,0.5547383638434995,0.11402003477197098,0.11267605633802817,0.01990049751243781,0.03382663847780127,0.01990049751243781,0.12307692307692308,0.2019900497512438,0.15295502707793737
NAB,NAB_data_art1_3.out,100,0.30582174550230384,0.06759719008909451,0.038461538461538464,0.007462686567164179,0.0125,0.007462686567164179,0.04,0.2019900497512438,0.0667763157894737
NAB,NAB_data_art1_4.out,100,0.5074626865671642,0.5565820117966357,1.0,0.014925373134328358,0.029411764705882353,0.014925373134328358,1.0,0.2019900497512438,0.3360927152317881
NAB,NAB_data_art1_5.out,100,0.6187798949589337,0.23906225424230113,0.11046511627906977,0.0472636815920398,0.06620209059233449,0.0472636815920398,0.11235955056179775,0.2037810945273632,0.14485168262770007
NAB,NAB_data_tweets_1.out,100,0.5079317613870068,0.3145988082864912,0.5185185185185185,0.017676767676767676,0.03418803418803419,0.017676767676767676,0.5454545454545454,0.15303030303030304,0.23900611319266418
NAB,NAB_data_tweets_10.out,100,0.5243428310656039,0.15655779763301303,0.19655172413793104,0.07215189873417721,0.10555555555555556,0.07215189873417721,0.22929936305732485,0.20918757192174914,0.21878224035776359
NAB,NAB_data_tweets_2.out,100,0.5027506305114104,0.27841793629897416,0.45454545454545453,0.006345177664974619,0.012515644555694618,0.006345177664974619,0.375,0.1017766497461929,0.1601011445302103
NAB,NAB_data_tweets_3.out,100,0.5031446540880503,0.5528270639993766,1.0,0.006289308176100629,0.0125,0.006289308176100629,1.0,0.06918238993710692,0.12941176470588237
NAB,NAB_data_tweets_4.out,100,0.5087690699020445,0.40235437082410913,0.7,0.018384766907419567,0.03582853486884197,0.018384766907419567,0.5714285714285714,0.20306776535686707,0.2996495078148149
NAB,NAB_data_tweets_5.out,100,0.5023214152488481,0.3375689119003413,0.5714285714285714,0.005063291139240506,0.010037641154328732,0.005063291139240506,0.4,0.2020253164556962,0.26846089150546676
NAB,NAB_data_tweets_6.out,100,0.5307631343680438,0.27087628623237037,0.4410480349344978,0.07067879636109167,0.1218335343787696,0.07067879636109167,0.26785714285714285,0.1370236434011944,0.18130157256660462
NAB,NAB_data_tweets_7.out,100,0.5108192464527018,0.18925198130890344,0.2722222222222222,0.030856423173803528,0.05542986425339366,0.030856423173803528,0.16153846153846155,0.2022007158955323,0.17959678029825138
NAB,NAB_data_tweets_8.out,100,0.5018238426604472,0.42667311920466494,0.75,0.003787878787878788,0.007537688442211055,0.003787878787878788,0.75,0.13434343434343435,0.22786978869217592
NAB,NAB_data_tweets_9.out,100,0.513043054025153,0.20361586203503015,0.3010752688172043,0.03535353535353535,0.06327683615819209,0.03535353535353535,0.22151898734177214,0.20333333333333334,0.2120369450789552
NASA_SMAP,SMAPA-1_data.out,100,0.5058239075875821,0.2607434640522876,0.5,0.011764705882352941,0.022988505747126436,0.011764705882352941,0.5,0.20941176470588235,0.29519071310116085
NASA_SMAP,SMAPA-2_data.out,100,0.6654867093160057,0.22606023946101095,0.41025641025641024,0.2882882882882883,0.3386243386243386,0.2882882882882883,0.32,0.22882882882882885,0.2668417596848326
NASA_SMAP,SMAPA-3_data.out,100,0.6223079728655196,0.08857762138302154,0.12653061224489795,0.16666666666666666,0.14385150812064965,0.16666666666666666,0.08108108108108109,0.2088888888888889,0.1168185584092792
NASA_SMAP,SMAPA-4_data.out,100,0.6291344048277164,0.027686959125649863,0.035555555555555556,0.07207207207207207,0.047619047619047616,0.07207207207207207,0.01981981981981982,0.21441441441441442,0.03628551628551628
NASA_SMAP,SMAPA-5_data.out,100,0.9161386657204891,0.45504759544176854,0.47191011235955055,0.8235294117647058,0.6,0.8235294117647058,0.575,0.4196078431372549,0.4851651059635288
NASA_SMAP,SMAPA-6_data.out,100,0.9074198969550891,0.3757704549655344,0.3448275862068966,0.7317073170731707,0.46875,0.7317073170731707,0.22666666666666666,0.4926829268292683,0.3104882459312839
NASA_SMAP,SMAPA-7_data.out,100,0.535641950952753,0.338774701495429,0.14482758620689656,0.008746355685131196,0.016496465043205028,0.008746355685131196,0.12903225806451613,0.20087463556851312,0.15713104706519568
NASA_SMAP,SMAPA-8_data.out,100,0.31648310307520344,0.28020664352670105,0.21212121212121213,0.012874408828166053,0.0242754520683676,0.012874408828166053,0.30303030303030304,0.2010299527062533,0.24170986223750954
NASA_SMAP,SMAPA-9_data.out,100,0.4891526137814401,0.41451312865960493,0.4,0.02069857697283312,0.03936039360393604,0.02069857697283312,0.36363636363636365,0.20413971539456663,0.2614855627822196
NASA_SMAP,SMAPB-1_data.out,100,0.8770719134826518,0.45181961430224477,0.5,0.49295774647887325,0.49645390070921985,0.49295774647887325,0.5,0.5943661971830987,0.5431145431145431
NASA_MSL,SMAPC-1_data.out,100,0.4401066296237915,0.1142812704758873,0.06818181818181818,0.009615384615384616,0.016853932584269662,0.009615384615384616,0.09090909090909091,0.10199004975124379,0.09613130128956625
NASA_MSL,SMAPC-2_data.out,100,0.5375012394267366,0.07163982132348712,0.046511627906976744,0.014598540145985401,0.022222222222222223,0.014598540145985401,0.058823529411764705,0.11111111111111112,0.07692307692307693
NASA_SMAP,SMAPD-11_data.out,100,0.7342427208221188,0.32002199470097575,0.4264705882352941,0.47540983606557374,0.4496124031007752,0.47540983606557374,0.4264705882352941,0.580327868852459,0.49164312054020404
NASA_SMAP,SMAPD-12_data.out,100,0.572992700729927,0.7207572877468502,1.0,0.06423357664233577,0.12071330589849108,0.06423357664233577,1.0,0.2064233576642336,0.34220716360116166
NASA_SMAP,SMAPD-13_data.out,100,0.9216478090314634,0.6283117193456407,0.7037037037037037,0.4720496894409938,0.5650557620817844,0.4720496894409938,0.75,0.325879917184265,0.4543442701818532
NASA_MSL,SMAPD-14_data.out,100,0.7555758005196208,0.4836901239503595,0.6410256410256411,0.22522522522522523,0.3333333333333333,0.22522522522522523,0.6309523809523809,0.43539445628997875,0.5152416817028408
NASA_MSL,SMAPD-15_data.out,100,0.4364621651444832,0.24944405021615296,0.07407407407407407,0.0031201248049922,0.005988023952095809,0.0031201248049922,0.07142857142857142,0.20249609984399378,0.10560572776828574
NASA_MSL,SMAPD-16_data.out,100,0.6564935064935065,0.465828312199374,0.7,0.053763440860215055,0.09985734664764621,0.053763440860215055,0.5357142857142857,0.20286738351254482,0.2942909632916219
NASA_SMAP,SMAPD-1_data.out,100,0.5761163079530677,0.6772641877556206,0.8,0.06382325866830316,0.11821540210287014,0.06382325866830316,0.8571428571428571,0.2012156811174915,0.3259209002999816
NASA_SMAP,SMAPD-2_data.out,100,0.5102434782100017,0.6054210768954619,0.75,0.021337126600284494,0.04149377593360996,0.021337126600284494,0.75,0.20568990042674254,0.3228399196249163
NASA_SMAP,SMAPD-3_data.out,100,0.561050061050061,0.7274852462352461,1.0,0.05616605616605617,0.10635838150289018,0.05616605616605617,1.0,0.20561660561660564,0.34109783269191823
NASA_SMAP,SMAPD-4_data.out,100,0.5615763546798029,0.7296396144461199,1.0,0.05665024630541872,0.10722610722610723,0.05665024630541872,1.0,0.20566502463054187,0.3411644535240041
NASA_SMAP,SMAPD-5_data.out,100,0.5389517295634104,0.2775905590343112,0.5,0.0784313725490196,0.13559322033898305,0.0784313725490196,0.5,0.2627450980392157,0.3444730077120823
NASA_SMAP,SMAPD-6_data.out,100,0.5183262847622708,0.267292406561813,0.5,0.037037037037037035,0.06896551724137931,0.037037037037037035,0.5,0.22962962962962963,0.3147208121827411
NASA_SMAP,SMAPD-7_data.out,100,0.5740192450037009,0.7246342672491864,1.0,0.06513693560325684,0.12230715774843641,0.06513693560325684,1.0,0.2065136935603257,0.3423312883435583
NASA_SMAP,SMAPD-8_data.out,100,0.5097400074691771,0.26297892791864014,0.5,0.0196078431372549,0.03773584905660377,0.0196078431372549,0.5,0.21568627450980393,0.3013698630136986
NASA_SMAP,SMAPD-9_data.out,100,0.5514705882352942,0.6214813902876841,1.0,0.07006920415224914,0.13096200485044462,0.07006920415224914,1.0,0.21868512110726646,0.3588869960249858
NASA_SMAP,SMAPE-10_data.out,100,0.5821108448586412,0.07368668520840772,0.14473684210526316,0.06832298136645963,0.09282700421940929,0.06832298136645963,0.12,0.11082410824108241,0.11522967068101886
NASA_SMAP,SMAPE-11_data.out,100,0.5651254534243723,0.06524798096803308,0.13157894736842105,0.06779661016949153,0.0894854586129754,0.06779661016949153,0.08,0.11639344262295083,0.09482470784641069
NASA_SMAP,SMAPE-12_data.out,100,0.5119895548118194,0.11414078379040626,0.2857142857142857,0.07547169811320754,0.11940298507462686,0.07547169811320754,0.2,0.10661654135338347,0.13908778813143702
NASA_SMAP,SMAPE-13_data.out,100,0.5453923638244914,0.05184159245263812,0.07881773399014778,0.06060606060606061,0.06852248394004283,0.06060606060606061,0.06474820143884892,0.22328225518521594,0.1003860814297299
NASA_SMAP,SMAPE-1_data.out,100,0.6559166719107663,0.21067446260649464,0.4267515923566879,0.13188976377952755,0.20150375939849624,0.13188976377952755,0.3103448275862069,0.10624272070812951,0.15829507615123428
NASA_SMAP,SMAPE-2_data.out,100,0.5835115084908434,0.21774600330008959,0.3177570093457944,0.024320457796852647,0.045182724252491695,0.024320457796852647,0.23529411764705882,0.20162136385312351,0.21716017360486917
NASA_SMAP,SMAPE-3_data.out,100,0.6035806636051445,0.6972909781294575,0.8833333333333333,0.06598194833488952,0.122791775267883,0.06598194833488952,0.9,0.2029325310371062,0.3311884866822393
NASA_SMAP,SMAPE-4_data.out,100,0.5532681891753288,0.3956900915785274,0.4857142857142857,0.030227596017069702,0.05691329092735186,0.030227596017069702,0.41379310344827586,0.2006717243559349,0.2702728352810375
NASA_SMAP,SMAPE-5_data.out,100,0.5797248736291839,0.09521331683949721,0.19402985074626866,0.08099688473520249,0.11428571428571428,0.08099688473520249,0.16666666666666666,0.2161993769470405,0.188228912394901
NASA_SMAP,SMAPE-6_data.out,100,0.5901804049727295,0.3024954362906169,0.5,0.18181818181818182,0.26666666666666666,0.18181818181818182,0.5,0.34545454545454546,0.40860215053763443
NASA_SMAP,SMAPE-7_data.out,100,0.5826822607904,0.4462213547823166,0.7704918032786885,0.16725978647686832,0.27485380116959063,0.16725978647686832,0.8409090909090909,0.21911540416878497,0.3476450519385676
NASA_SMAP,SMAPE-8_data.out,100,0.63542854139188,0.13957934654237036,0.22162162162162163,0.06581059390048154,0.10148514851485149,0.06581059390048154,0.1875,0.20438737292669878,0.1955798276303439
NASA_SMAP,SMAPE-9_data.out,100,0.615145078420138,0.08247777964432804,0.14351851851851852,0.08831908831908832,0.10934744268077601,0.08831908831908832,0.15555555555555556,0.2100936100936101,0.17875729692292472
NASA_SMAP,SMAPF-1_data.out,100,0.5017151367382406,0.011554054217654049,0.0,0.0,0.0,0.0,0.0,0.0,0.0
NASA_SMAP,SMAPF-2_data.out,100,0.5130826792182629,0.38210605672840825,0.35435435435435436,0.039905309435238415,0.07173252279635259,0.039905309435238415,0.2872340425531915,0.20039412651294064,0.23608158311470046
NASA_SMAP,SMAPF-3_data.out,100,0.47600479904019194,0.002447468958930277,0.0,0.0,0.0,0.0,0.0,0.0,0.0
NASA_MSL,SMAPF-4_data.out,100,0.5818906275612493,0.023826134649965653,0.03225806451612903,0.028169014084507043,0.03007518796992481,0.028169014084507043,0.03225806451612903,0.21126760563380284,0.055970149253731345
NASA_MSL,SMAPF-5_data.out,100,0.7987499582909657,0.14136265339719714,0.1743119266055046,0.12582781456953643,0.14615384615384616,0.12582781456953643,0.21052631578947367,0.2251655629139073,0.2176
NASA_MSL,SMAPF-7_data.out,100,0.5826014223194189,0.09449159463629739,0.029850746268656716,0.004728132387706856,0.00816326530612245,0.004728132387706856,0.03076923076923077,0.13686388991680717,0.05024301397707719
NASA_MSL,SMAPF-8_data.out,100,0.5768380843241179,0.3131240605573834,0.24096385542168675,0.037243947858473,0.06451612903225806,0.037243947858473,0.2361111111111111,0.20175265636981052,0.217583857824773
NASA_SMAP,SMAPG-1_data.out,100,0.6781170924297204,0.04851298635957966,0.06159420289855073,0.14049586776859505,0.08564231738035265,0.14049586776859505,0.023255813953488372,0.22809917355371903,0.042208288729163476
NASA_SMAP,SMAPG-2_data.out,100,0.5121268159402905,0.26491214409495,0.5,0.024390243902439025,0.046511627906976744,0.024390243902439025,0.5,0.21951219512195125,0.30508474576271194
NASA_SMAP,SMAPG-3_data.out,100,0.5097402759474462,0.2629656769752292,0.5,0.0196078431372549,0.03773584905660377,0.0196078431372549,0.5,0.21568627450980393,0.3013698630136986
NASA_SMAP,SMAPG-4_data.out,100,0.5321265028795023,0.2760934435652938,0.5,0.06451612903225806,0.11428571428571428,0.06451612903225806,0.5,0.2516129032258065,0.33476394849785407
NASA_SMAP,SMAPG-6_data.out,100,0.7289460471987005,0.18856217913458012,0.25,0.297029702970297,0.27149321266968324,0.297029702970297,0.25,0.4376237623762376,0.3182145428365731
NASA_SMAP,SMAPG-7_data.out,100,0.6623523761170953,0.19675217117361074,0.2185792349726776,0.14925373134328357,0.17738359201773837,0.14925373134328357,0.06944444444444445,0.3053068592863344,0.11315165560277318
NASA_MSL,SMAPM-1_data.out,100,0.49213224130056415,0.4762828246467779,0.16071428571428573,0.007887817703768623,0.015037593984962405,0.007887817703768623,0.07407407407407407,0.20315512708150746,0.10856380113809333
NASA_MSL,SMAPM-2_data.out,100,0.6319797620076286,0.5930640110953727,0.5342465753424658,0.03418054338299737,0.0642504118616145,0.03418054338299737,0.6585365853658537,0.20101275684097772,0.30800850633000937
NASA_MSL,SMAPM-3_data.out,100,0.5971752648255592,0.14997038067395832,0.19148936170212766,0.035856573705179286,0.06040268456375839,0.035856573705179286,0.2608695652173913,0.2047808764940239,0.229447213748977
NASA_MSL,SMAPM-4_data.out,100,0.6464817841114557,0.18521062774737188,0.21739130434782608,0.0199203187250996,0.0364963503649635,0.0199203187250996,0.2222222222222222,0.20398406374501993,0.21271292064810968
NASA_MSL,SMAPM-5_data.out,100,0.49826419427748336,0.13116864332826703,0.23809523809523808,0.016611295681063124,0.031055900621118012,0.016611295681063124,0.2777777777777778,0.20265780730897012,0.2343449865539762
NASA_MSL,SMAPM-6_data.out,100,0.7762430939226519,0.7960088333077177,1.0,0.23204419889502761,0.37668161434977576,0.23204419889502761,1.0,0.2928176795580111,0.45299145299145305
NASA_MSL,SMAPM-7_data.out,100,0.7310303293103033,0.315139219497855,0.3695652173913043,0.16831683168316833,0.23129251700680273,0.16831683168316833,0.2,0.3346534653465347,0.25037037037037035
NASA_MSL,SMAPP-10_data.out,100,0.7009824295757087,0.35533860734849226,0.48863636363636365,0.3282442748091603,0.3926940639269406,0.3282442748091603,0.5131578947368421,0.2875318066157761,0.3685553000209074
NASA_MSL,SMAPP-11_data.out,100,0.677346431546056,0.16228780243763075,0.14705882352941177,0.06578947368421052,0.09090909090909091,0.06578947368421052,0.06153846153846154,0.2267397852784429,0.09680381860001155
NASA_MSL,SMAPP-14_data.out,100,0.7429123741411447,0.5361416794848544,0.6931818181818182,0.3370165745856354,0.45353159851301117,0.3370165745856354,0.75,0.28987108655616944,0.41813512795537056
NASA_MSL,SMAPP-15_data.out,100,0.8266313932980599,0.369796918767507,0.2692307692307692,0.6666666666666666,0.3835616438356164,0.6666666666666666,0.2692307692307692,0.7333333333333334,0.39386189258312027
NASA_SMAP,SMAPP-1_data.out,100,0.5455013640140032,0.1793050569673615,0.34104046242774566,0.07856191744340879,0.1277056277056277,0.07856191744340879,0.2232704402515723,0.20815076880299255,0.2154456610568235
NASA_SMAP,SMAPP-2_data.out,100,0.7742560455736273,0.7413047262510353,0.8609625668449198,0.14362176628010706,0.24617737003058104,0.14362176628010706,0.9397590361445783,0.20147304375671907,0.3318100091022748
NASA_SMAP,SMAPP-3_data.out,100,0.7146986242688579,0.5606191883274132,0.46320346320346323,0.08008982035928144,0.13656668793873644,0.08008982035928144,0.31213872832369943,0.20118651585717456,0.2446717901658734
NASA_SMAP,SMAPP-4_data.out,100,0.5182974947872138,0.3215969619701316,0.5666666666666667,0.03837471783295711,0.07188160676532769,0.03837471783295711,0.5625,0.21660619261166147,0.31277118446622365
NASA_SMAP,SMAPP-7_data.out,100,0.6998600395115959,0.3490090066979918,0.2171945701357466,0.029073288915808602,0.05128205128205128,0.029073288915808602,0.1891891891891892,0.20066453231807563,0.19475797240825948
NASA_SMAP,SMAPR-1_data.out,100,0.5061030363510702,0.26169465066023134,0.5,0.012345679012345678,0.024096385542168676,0.012345679012345678,0.5,0.20987654320987656,0.2956521739130435
NASA_SMAP,SMAPS-1_data.out,100,0.5694853780535896,0.10976240077974175,0.2638888888888889,0.04241071428571429,0.07307692307692308,0.04241071428571429,0.24193548387096775,0.20226190476190478,0.2203269674675151
NASA_MSL,SMAPS-2_data.out,100,0.635537645174209,0.3430984724088172,0.5,0.2727272727272727,0.35294117647058826,0.2727272727272727,0.5,0.4181818181818182,0.45544554455445546
NASA_MSL,SMAPT-12_data.out,100,0.4750562835329952,0.044556011432224985,0.0,0.0,0.0,0.0,0.0,0.0,0.0
NASA_MSL,SMAPT-13_data.out,100,0.7940935327298964,0.4116294398315676,0.5,0.14285714285714285,0.2222222222222222,0.14285714285714285,0.5,0.25948462395908467,0.34165882464667746
NASA_SMAP,SMAPT-1_data.out,100,0.5039331620530667,0.20854483409549918,0.21725239616613418,0.044270833333333336,0.07355327203893997,0.044270833333333336,0.18285714285714286,0.31161003584229396,0.23047079075947838
NASA_SMAP,SMAPT-2_data.out,100,0.4993876848985208,0.22950093464498086,0.21885521885521886,0.036414565826330535,0.06243996157540826,0.036414565826330535,0.21264367816091953,0.20078734196381257,0.2065455026110911
NASA_SMAP,SMAPT-3_data.out,100,0.5053156640857653,0.26604207949644476,0.5,0.010869565217391304,0.02127659574468085,0.010869565217391304,0.5,0.2087796731480377,0.29456216234411026
NASA_MSL,SMAPT-4_data.out,100,0.7048821957736215,0.11020117298057737,0.3333333333333333,0.057971014492753624,0.09876543209876543,0.057971014492753624,0.25,0.2463768115942029,0.24817518248175185
NASA_MSL,SMAPT-5_data.out,100,0.5949957888826501,0.311266351122077,0.5,0.19230769230769232,0.2777777777777778,0.19230769230769232,0.5,0.35384615384615387,0.4144144144144144
NASA_MSL,SMAPT-8_data.out,100,0.5157333222632737,0.10124291004040815,0.13636363636363635,0.058823529411764705,0.0821917808219178,0.058823529411764705,0.13636363636363635,0.21631347461015596,0.1672764751352744
NASA_MSL,SMAPT-9_data.out,100,0.8072145397793263,0.5120786517319799,0.5945945945945946,0.19642857142857142,0.2953020134228188,0.19642857142857142,0.6666666666666666,0.2636798088410992,0.3778947819014597
SensorScope,stb-10.test.out,100,0.5405576785593026,0.24810385241045857,0.2273838630806846,0.024143302180685357,0.04365172494719549,0.024143302180685357,0.2186046511627907,0.2038194991844974,0.21095332964638017
SensorScope,stb-11.test.out,100,0.5351515569200961,0.22205173436218728,0.21475054229934923,0.02865412445730825,0.05056179775280899,0.02865412445730825,0.2409090909090909,0.20350858192435028,0.22063509378920598
SensorScope,stb-12.test.out,100,0.4967295901343091,0.23814691348693642,0.2532981530343008,0.023115819889236697,0.04236540158870256,0.023115819889236697,0.2553191489361702,0.20296753691203764,0.22615319356328104
SensorScope,stb-13.test.out,100,0.5172458156554687,0.24918749370948923,0.23476297968397292,0.025042138213339754,0.04525674499564839,0.025042138213339754,0.23430962343096234,0.203599278405117,0.21787759990216388
SensorScope,stb-14.test.out,100,0.4992027829792502,0.2391731150305108,0.2365038560411311,0.022152660727185167,0.04051078819903126,0.022152660727185167,0.2603305785123967,0.20302055874488276,0.22813134686931216
SensorScope,stb-15.test.out,100,0.5454460916981082,0.3008158118136673,0.3198090692124105,0.03185924869234427,0.057945945945945945,0.03185924869234427,0.32113821138211385,0.20375112401405457,0.2493183500616667
SensorScope,stb-17.test.out,100,0.5584436111132319,0.25527595201886033,0.29963235294117646,0.0503552672227371,0.08622057656704575,0.0503552672227371,0.27700534759358286,0.20898159769493366,0.2382328195082703
SensorScope,stb-18.test.out,100,0.4981228502373935,0.15272180674704094,0.1663716814159292,0.033655567490153956,0.05598570577724836,0.033655567490153956,0.2535211267605634,0.12450939404999133,0.16700112892550056
SensorScope,stb-19.test.out,100,0.5131881878692884,0.30679637969036566,0.3741830065359477,0.040437930425569486,0.07298804780876494,0.040437930425569486,0.3719806763285024,0.17709704431756998,0.23995392944923952
SensorScope,stb-2.test.out,100,0.5018456906193772,0.22722960786534524,0.1544943820224719,0.014561821551495897,0.026615049600774255,0.014561821551495897,0.18471337579617833,0.02882977036937006,0.04987511239744128
SensorScope,stb-20.test.out,100,0.5440007437349073,0.252198915723086,0.25304136253041365,0.0270481144343303,0.04887218045112782,0.0270481144343303,0.2914798206278027,0.20286616080726963,0.23923079941662387
SensorScope,stb-25.test.out,100,0.5232900983905809,0.1896947048689595,0.19532908704883228,0.03013429413691451,0.05221339387060159,0.03013429413691451,0.21818181818181817,0.20366792300628214,0.21067519264880222
SensorScope,stb-28.test.out,100,0.5071409210564981,0.17998232209315543,0.1853448275862069,0.028345418589321027,0.049170954831332186,0.028345418589321027,0.19089147286821706,0.20553822339738753,0.19794427392622216
SensorScope,stb-29.test.out,100,0.5726107957524404,0.2190448431166815,0.20843672456575682,0.0340080971659919,0.05847546119039332,0.0340080971659919,0.1909722222222222,0.15680489472149572,0.17221017566335056
SensorScope,stb-3.test.out,100,0.5143236988864714,0.23872236650733333,0.20444444444444446,0.021894336030461686,0.03955288048151333,0.021894336030461686,0.17777777777777778,0.20385876079066878,0.18992708407765177
SensorScope,stb-31.test.out,100,0.5100580341212664,0.16502841269467874,0.13612565445026178,0.018505338078291814,0.03258145363408521,0.018505338078291814,0.1581196581196581,0.20394745886018525,0.1781332850016358
SensorScope,stb-32.test.out,100,0.5231207458567402,0.18578368528411546,0.19866071428571427,0.029835735836406304,0.05187991839113961,0.029835735836406304,0.216,0.2050087351026266,0.2103608932074677
SensorScope,stb-4.test.out,100,0.5334940019654608,0.22569257082176308,0.19805825242718447,0.025940996948118005,0.04587362266696649,0.025940996948118005,0.19555555555555557,0.17526826651991478,0.1848569654383504
SensorScope,stb-5.test.out,100,0.5657374134730252,0.2211667807545008,0.23699421965317918,0.03723887375113533,0.06436420722135008,0.03723887375113533,0.2570281124497992,0.20405610770730367,0.22749924592947812
SensorScope,stb-6.test.out,100,0.5073644264704987,0.4148574691881845,0.591304347826087,0.018696728072587297,0.03624733475479744,0.018696728072587297,0.5657894736842105,0.07961910511848401,0.13959421383509762
SensorScope,stb-7.test.out,100,0.5097355027066744,0.5654574569634225,0.8360655737704918,0.02042042042042042,0.03986710963455149,0.02042042042042042,0.8387096774193549,0.028651735153615864,0.055410552509844974
SensorScope,stb-8.test.out,100,0.4951560730227041,0.2384101737300265,0.22637362637362637,0.02437869822485207,0.04401709401709402,0.02437869822485207,0.24253731343283583,0.1773519504403776,0.20488480793769925
SensorScope,stb-9.test.out,100,0.5488685567270049,0.37415871655115396,0.5506958250497018,0.061201944321696865,0.11016106581825412,0.061201944321696865,0.6321428571428571,0.18089737955547203,0.28129723770185694
YAHOO,YahooA3Benchmark-TS100_data.out,100,0.6364670658682634,0.06876984355231525,0.17647058823529413,0.3,0.2222222222222222,0.3,0.17647058823529413,0.30000000000000004,0.22222222222222224
YAHOO,YahooA3Benchmark-TS10_data.out,100,0.6894311377245508,0.03214446320037865,0.041666666666666664,0.2,0.06896551724137931,0.2,0.08695652173913043,0.2222222222222222,0.125
YAHOO,YahooA3Benchmark-TS11_data.out,100,0.7546323968918112,0.2535125663114575,0.09090909090909091,0.42857142857142855,0.15,0.42857142857142855,0.1111111111111111,0.42857142857142866,0.1764705882352941
YAHOO,YahooA3Benchmark-TS12_data.out,100,0.7485810530201652,0.14196123869700186,0.4444444444444444,0.3076923076923077,0.36363636363636365,0.3076923076923077,0.4444444444444444,0.3076923076923077,0.3636363636363637
YAHOO,YahooA3Benchmark-TS13_data.out,100,0.7234856040960171,0.018955290112200086,0.03125,0.1111111111111111,0.04878048780487805,0.1111111111111111,0.037037037037037035,0.1111111111111111,0.05555555555555555
YAHOO,YahooA3Benchmark-TS14_data.out,100,0.6043043043043043,0.11948494188405269,0.09523809523809523,0.26666666666666666,0.14035087719298245,0.26666666666666666,0.19047619047619047,0.26666666666666666,0.2222222222222222
YAHOO,YahooA3Benchmark-TS15_data.out,100,0.6719932297889287,0.016513477922311146,0.038461538461538464,0.16666666666666666,0.0625,0.16666666666666666,0.05,0.16666666666666666,0.07692307692307691
YAHOO,YahooA3Benchmark-TS16_data.out,100,0.6596183256865482,0.13147407340983777,0.030303030303030304,0.1111111111111111,0.047619047619047616,0.1111111111111111,0.03571428571428571,0.1111111111111111,0.05405405405405406
YAHOO,YahooA3Benchmark-TS17_data.out,100,0.9994044073853484,0.25,0.029411764705882353,1.0,0.05714285714285714,1.0,0.058823529411764705,1.0,0.1111111111111111
YAHOO,YahooA3Benchmark-TS18_data.out,100,0.6379146682653878,0.022761679501657146,0.06896551724137931,0.16666666666666666,0.0975609756097561,0.16666666666666666,0.1,0.16666666666666666,0.125
YAHOO,YahooA3Benchmark-TS19_data.out,100,0.7461077844311378,0.03263312888464995,0.06451612903225806,0.2,0.0975609756097561,0.2,0.08333333333333333,0.2,0.11764705882352941
YAHOO,YahooA3Benchmark-TS1_data.out,100,0.8268696552099788,0.08119543373547763,0.14705882352941177,0.45454545454545453,0.2222222222222222,0.45454545454545453,0.16666666666666666,0.45454545454545453,0.2439024390243902
YAHOO,YahooA3Benchmark-TS20_data.out,100,0.5862809752198241,0.13393911805581932,0.08695652173913043,0.16666666666666666,0.11428571428571428,0.16666666666666666,0.125,0.16666666666666666,0.14285714285714288
YAHOO,YahooA3Benchmark-TS21_data.out,100,0.4318545163868904,0.05129464285714286,0.020833333333333332,0.08333333333333333,0.03333333333333333,0.08333333333333333,0.05263157894736842,0.08333333333333333,0.06451612903225808
YAHOO,YahooA3Benchmark-TS22_data.out,100,0.7032368735083532,0.005410478249251304,0.0,0.0,0.0,0.0,0.0,0.0,0.0
YAHOO,YahooA3Benchmark-TS23_data.out,100,0.7563563563563562,0.30167456083426897,0.4,0.4,0.4,0.4,0.4,0.4000000000000001,0.4000000000000001
YAHOO,YahooA3Benchmark-TS24_data.out,100,0.6862290669856459,0.009303971712389988,0.0,0.0,0.0,0.0,0.0,0.0,0.0
YAHOO,YahooA3Benchmark-TS25_data.out,100,0.9751191895113231,0.0715190816935003,0.03571428571428571,0.5,0.06666666666666667,0.5,0.06666666666666667,0.5,0.11764705882352941
YAHOO,YahooA3Benchmark-TS26_data.out,100,0.6342665722533907,0.01913282295464344,0.034482758620689655,0.09090909090909091,0.05,0.09090909090909091,0.0625,0.09090909090909091,0.07407407407407407
YAHOO,YahooA3Benchmark-TS27_data.out,100,0.5235055522308664,0.008316151713396364,0.0,0.0,0.0,0.0,0.0,0.0,0.0
YAHOO,YahooA3Benchmark-TS28_data.out,100,0.9676698450536352,0.025563350340136053,0.03125,0.5,0.058823529411764705,0.5,0.047619047619047616,0.5,0.08695652173913042
YAHOO,YahooA3Benchmark-TS29_data.out,100,0.6285799522673031,0.11371252204585539,0.07692307692307693,0.5,0.13333333333333333,0.5,0.1,0.5,0.16666666666666669
YAHOO,YahooA3Benchmark-TS2_data.out,100,0.8412522536057694,0.18438085651123037,0.23076923076923078,0.5625,0.32727272727272727,0.5625,0.3,0.5625,0.3913043478260869
YAHOO,YahooA3Benchmark-TS30_data.out,100,0.5838815789473684,0.013464845605928241,0.025,0.125,0.041666666666666664,0.125,0.0625,0.125,0.08333333333333333
YAHOO,YahooA3Benchmark-TS31_data.out,100,0.6643326786781658,0.12642812240708465,0.04081632653061224,0.2857142857142857,0.07142857142857142,0.2857142857142857,0.04878048780487805,0.2857142857142857,0.08333333333333334
YAHOO,YahooA3Benchmark-TS32_data.out,100,0.6353541416566627,0.10616102892268019,0.3333333333333333,0.14285714285714285,0.2,0.14285714285714285,0.3333333333333333,0.14285714285714285,0.2
YAHOO,YahooA3Benchmark-TS33_data.out,100,0.7847637559808613,0.09210761870709464,0.11428571428571428,0.5,0.18604651162790697,0.5,0.13793103448275862,0.5,0.2162162162162162
YAHOO,YahooA3Benchmark-TS34_data.out,100,0.692078618225134,0.0009633911368015414,0.0,0.0,0.0,0.0,0.0,0.0,0.0
YAHOO,YahooA3Benchmark-TS35_data.out,100,0.9904591532498508,0.08920454545454547,0.07142857142857142,0.6666666666666666,0.12903225806451613,0.6666666666666666,0.09090909090909091,0.6666666666666666,0.16
YAHOO,YahooA3Benchmark-TS36_data.out,100,0.7775208830548925,0.05451028937817868,0.030303030303030304,0.25,0.05405405405405406,0.25,0.05,0.25,0.08333333333333334
YAHOO,YahooA3Benchmark-TS37_data.out,100,0.7016167664670658,0.05527951219885643,0.15151515151515152,0.5,0.23255813953488372,0.5,0.16129032258064516,0.5,0.24390243902439024
YAHOO,YahooA3Benchmark-TS38_data.out,100,0.528125621148877,0.042741521068859194,0.02702702702702703,0.3333333333333333,0.05,0.3333333333333333,0.058823529411764705,0.3333333333333333,0.1
YAHOO,YahooA3Benchmark-TS39_data.out,100,0.5645233812949639,0.01362162298564221,0.021739130434782608,0.08333333333333333,0.034482758620689655,0.08333333333333333,0.041666666666666664,0.08333333333333333,0.05555555555555555
YAHOO,YahooA3Benchmark-TS3_data.out,100,0.7485563520509756,0.30408396452887976,0.13793103448275862,0.6666666666666666,0.22857142857142856,0.6666666666666666,0.2857142857142857,0.6666666666666666,0.4
YAHOO,YahooA3Benchmark-TS40_data.out,100,0.8884131736526946,0.10093727811144915,0.1111111111111111,0.4,0.17391304347826086,0.4,0.14285714285714285,0.33333333333333337,0.2
YAHOO,YahooA3Benchmark-TS41_data.out,100,0.6431787000514491,0.10817338895974601,0.14285714285714285,0.2857142857142857,0.19047619047619047,0.2857142857142857,0.14814814814814814,0.2857142857142857,0.1951219512195122
YAHOO,YahooA3Benchmark-TS42_data.out,100,0.46315354567307687,0.014407482549014262,0.02631578947368421,0.0625,0.037037037037037035,0.0625,0.043478260869565216,0.0625,0.05128205128205128
YAHOO,YahooA3Benchmark-TS43_data.out,100,0.5442842842842843,0.010707050640322643,0.022222222222222223,0.06666666666666667,0.03333333333333333,0.06666666666666667,0.04,0.06666666666666667,0.05
YAHOO,YahooA3Benchmark-TS44_data.out,100,0.7894193209134617,0.2587199097397788,0.25,0.5,0.3333333333333333,0.5,0.25,0.5,0.3333333333333333
YAHOO,YahooA3Benchmark-TS45_data.out,100,0.8686567164179104,0.51294308762901,0.5,0.6,0.5454545454545454,0.6,0.5,0.6000000000000001,0.5454545454545455
YAHOO,YahooA3Benchmark-TS46_data.out,100,0.8973365136155834,0.014837931350827185,0.03571428571428571,0.3333333333333333,0.06451612903225806,0.3333333333333333,0.0625,0.3333333333333333,0.10526315789473684
YAHOO,YahooA3Benchmark-TS47_data.out,100,0.7369969969969971,0.170332251801529,0.19230769230769232,0.3333333333333333,0.24390243902439024,0.3333333333333333,0.20833333333333334,0.3333333333333333,0.25641025641025644
YAHOO,YahooA3Benchmark-TS48_data.out,100,0.4743666651285127,0.008387920268703952,0.02702702702702703,0.07692307692307693,0.04,0.07692307692307693,0.041666666666666664,0.07692307692307693,0.05405405405405406
YAHOO,YahooA3Benchmark-TS49_data.out,100,0.6612454927884616,0.10380146620467708,0.07142857142857142,0.25,0.1111111111111111,0.25,0.09302325581395349,0.25,0.13559322033898305
YAHOO,YahooA3Benchmark-TS4_data.out,100,0.634657506969335,0.010500684931150068,0.037037037037037035,0.16666666666666666,0.06060606060606061,0.16666666666666666,0.0625,0.16666666666666666,0.09090909090909091
YAHOO,YahooA3Benchmark-TS50_data.out,100,0.3804542737597131,0.0020833333333333333,0.0,0.0,0.0,0.0,0.0,0.0,0.0
YAHOO,YahooA3Benchmark-TS51_data.out,100,0.6616445941580915,0.09533121680855924,0.10344827586206896,0.23076923076923078,0.14285714285714285,0.23076923076923078,0.15,0.2307692307692308,0.18181818181818182
YAHOO,YahooA3Benchmark-TS52_data.out,100,0.5722819593787336,0.035302528332058686,0.08823529411764706,0.5,0.15,0.5,0.10714285714285714,0.5000000000000001,0.17647058823529413
YAHOO,YahooA3Benchmark-TS53_data.out,100,0.807007007007007,0.1297982236918303,0.1111111111111111,0.2,0.14285714285714285,0.2,0.12962962962962965,0.20000000000000004,0.15730337078651688
YAHOO,YahooA3Benchmark-TS54_data.out,100,0.8980618990384615,0.2392109605981117,0.25,0.5625,0.34615384615384615,0.5625,0.26666666666666666,0.5333333333333333,0.3555555555555555
YAHOO,YahooA3Benchmark-TS55_data.out,100,0.7833483213429258,0.1435144175656831,0.15384615384615385,0.3333333333333333,0.21052631578947367,0.3333333333333333,0.2222222222222222,0.3333333333333333,0.26666666666666666
YAHOO,YahooA3Benchmark-TS56_data.out,100,0.9994044073853484,0.25,0.030303030303030304,1.0,0.058823529411764705,1.0,0.041666666666666664,1.0,0.07999999999999999
YAHOO,YahooA3Benchmark-TS57_data.out,100,0.8105259658221956,0.20533914198313372,0.13333333333333333,0.4444444444444444,0.20512820512820512,0.4444444444444444,0.19047619047619047,0.4444444444444444,0.26666666666666666
YAHOO,YahooA3Benchmark-TS58_data.out,100,0.4092625720532697,0.0014425210698718154,0.0,0.0,0.0,0.0,0.0,0.0,0.0
YAHOO,YahooA3Benchmark-TS59_data.out,100,0.8618661147121304,0.0629073028076098,0.08333333333333333,0.18181818181818182,0.11428571428571428,0.18181818181818182,0.1111111111111111,0.18181818181818182,0.13793103448275862
YAHOO,YahooA3Benchmark-TS5_data.out,100,0.603247914183552,0.5005511687433594,0.034482758620689655,0.5,0.06451612903225806,0.5,0.05555555555555555,0.5,0.09999999999999999
YAHOO,YahooA3Benchmark-TS60_data.out,100,0.46033173461231014,0.0071130969952548,0.0,0.0,0.0,0.0,0.0,0.0,0.0
YAHOO,YahooA3Benchmark-TS61_data.out,100,0.765054681371418,0.32483767684234655,0.2,0.46153846153846156,0.27906976744186046,0.46153846153846156,0.24,0.4615384615384616,0.3157894736842105
YAHOO,YahooA3Benchmark-TS62_data.out,100,0.4318545163868904,0.05129464285714286,0.020833333333333332,0.08333333333333333,0.03333333333333333,0.08333333333333333,0.05555555555555555,0.08333333333333333,0.06666666666666667
YAHOO,YahooA3Benchmark-TS63_data.out,100,0.6085329341317365,0.051481389252140214,0.125,0.3,0.17647058823529413,0.3,0.17647058823529413,0.30000000000000004,0.22222222222222224
YAHOO,YahooA3Benchmark-TS64_data.out,100,0.7314593301435407,0.4737082402491774,0.3333333333333333,0.5,0.4,0.5,0.36363636363636365,0.5,0.4210526315789474
YAHOO,YahooA3Benchmark-TS65_data.out,100,0.807403296046452,0.15963016677968012,0.23076923076923078,0.42857142857142855,0.3,0.42857142857142855,0.25,0.42857142857142866,0.31578947368421056
YAHOO,YahooA3Benchmark-TS66_data.out,100,0.8832638475282907,0.0025380710659898475,0.0,0.0,0.0,0.0,0.0,0.0,0.0
YAHOO,YahooA3Benchmark-TS67_data.out,100,0.6068396935096154,0.04482533802610759,0.1111111111111111,0.1875,0.13953488372093023,0.1875,0.15789473684210525,0.18750000000000003,0.1714285714285714
YAHOO,YahooA3Benchmark-TS68_data.out,100,0.7084209735576923,0.07490088293732058,0.10714285714285714,0.1875,0.13636363636363635,0.1875,0.125,0.18750000000000003,0.15000000000000002
YAHOO,YahooA3Benchmark-TS69_data.out,100,0.7819144394159336,0.13514268799598253,0.5,0.42857142857142855,0.46153846153846156,0.42857142857142855,0.5,0.42857142857142866,0.4615384615384616
YAHOO,YahooA3Benchmark-TS6_data.out,100,0.8964058144165672,0.0318968653164882,0.03278688524590164,0.3333333333333333,0.05970149253731343,0.3333333333333333,0.04081632653061224,0.3333333333333333,0.07272727272727272
YAHOO,YahooA3Benchmark-TS70_data.out,100,0.7402752842609215,0.2661353264688857,0.15384615384615385,0.4444444444444444,0.22857142857142856,0.4444444444444444,0.17391304347826086,0.4444444444444444,0.25
YAHOO,YahooA3Benchmark-TS71_data.out,100,0.6193472055288461,0.12067110669084354,0.14705882352941177,0.3125,0.2,0.3125,0.2361111111111111,0.3125,0.2689873417721519
YAHOO,YahooA3Benchmark-TS72_data.out,100,0.4494617224880383,0.003697916666666667,0.0,0.0,0.0,0.0,0.0,0.0,0.0
YAHOO,YahooA3Benchmark-TS73_data.out,100,0.7277477477477478,0.025583894665740695,0.02040816326530612,0.06666666666666667,0.03125,0.06666666666666667,0.024390243902439025,0.06666666666666667,0.03571428571428571
YAHOO,YahooA3Benchmark-TS74_data.out,100,0.5535643170051773,0.004086620060311046,0.0,0.0,0.0,0.0,0.0,0.0,0.0
YAHOO,YahooA3Benchmark-TS75_data.out,100,0.7583390499056765,0.049834492360667,0.08823529411764706,0.21428571428571427,0.125,0.21428571428571427,0.1111111111111111,0.21428571428571433,0.14634146341463414
YAHOO,YahooA3Benchmark-TS76_data.out,100,0.9253134328358208,0.398400338820097,0.2,0.6,0.3,0.6,0.2,0.6000000000000001,0.30000000000000004
YAHOO,YahooA3Benchmark-TS77_data.out,100,0.7716533954326923,0.24491316392520227,0.5294117647058824,0.5625,0.5454545454545454,0.5625,0.5294117647058824,0.5625,0.5454545454545455
YAHOO,YahooA3Benchmark-TS78_data.out,100,0.6711711711711712,0.0859686964838836,0.13157894736842105,0.3333333333333333,0.18867924528301888,0.3333333333333333,0.15151515151515152,0.3333333333333333,0.20833333333333331
YAHOO,YahooA3Benchmark-TS79_data.out,100,0.8380895522388061,0.18703204404291363,0.125,0.6,0.20689655172413793,0.6,0.15,0.6000000000000001,0.24
YAHOO,YahooA3Benchmark-TS7_data.out,100,0.6931940298507463,0.054349054708199916,0.08333333333333333,0.2,0.11764705882352941,0.2,0.09090909090909091,0.2,0.12500000000000003
YAHOO,YahooA3Benchmark-TS80_data.out,100,0.50346084629228,0.05742086303526982,0.05,0.15384615384615385,0.07547169811320754,0.15384615384615385,0.09523809523809523,0.15384615384615385,0.11764705882352941
YAHOO,YahooA3Benchmark-TS81_data.out,100,0.7105065947242206,0.17059425901141673,0.17142857142857143,0.5,0.2553191489361702,0.5,0.2222222222222222,0.5000000000000001,0.3076923076923077
YAHOO,YahooA3Benchmark-TS82_data.out,100,0.6531466142942532,0.03399817476392427,0.030303030303030304,0.14285714285714285,0.05,0.14285714285714285,0.045454545454545456,0.14285714285714285,0.06896551724137931
YAHOO,YahooA3Benchmark-TS83_data.out,100,0.7569194644284573,0.05866603284497846,0.08571428571428572,0.25,0.1276595744680851,0.25,0.0967741935483871,0.25000000000000006,0.13953488372093026
YAHOO,YahooA3Benchmark-TS84_data.out,100,0.6441194029850746,0.041070621228338246,0.043478260869565216,0.2,0.07142857142857142,0.2,0.06666666666666667,0.2,0.1
YAHOO,YahooA3Benchmark-TS85_data.out,100,0.7795305023923446,0.03198464658234296,0.046511627906976744,0.25,0.0784313725490196,0.25,0.05128205128205128,0.25,0.0851063829787234
YAHOO,YahooA3Benchmark-TS86_data.out,100,0.9271607217018135,0.1934258186494075,0.1875,0.23076923076923078,0.20689655172413793,0.23076923076923078,0.23076923076923078,0.2307692307692308,0.2307692307692308
YAHOO,YahooA3Benchmark-TS87_data.out,100,0.4694731449064981,0.04181111787418279,0.09523809523809523,0.2857142857142857,0.14285714285714285,0.2857142857142857,0.1111111111111111,0.2857142857142857,0.16
YAHOO,YahooA3Benchmark-TS88_data.out,100,0.6306205035971224,0.013268500717811252,0.0,0.0,0.0,0.0,0.0,0.0,0.0
YAHOO,YahooA3Benchmark-TS89_data.out,100,0.7339864517235464,0.04932097603333664,0.08823529411764706,0.21428571428571427,0.125,0.21428571428571427,0.10606060606060605,0.2307692307692308,0.14532871972318337
YAHOO,YahooA3Benchmark-TS8_data.out,100,0.5576521479713603,0.0038461449842793595,0.0,0.0,0.0,0.0,0.0,0.0,0.0
YAHOO,YahooA3Benchmark-TS90_data.out,100,0.7316467065868263,0.14878732794968028,0.0967741935483871,0.3,0.14634146341463414,0.3,0.1323529411764706,0.30000000000000004,0.1836734693877551
YAHOO,YahooA3Benchmark-TS91_data.out,100,0.9254328358208955,0.2639433819952153,0.2,0.4,0.26666666666666666,0.4,0.2222222222222222,0.4,0.2857142857142857
YAHOO,YahooA3Benchmark-TS92_data.out,100,0.74532745215311,0.051553425033773435,0.05555555555555555,0.375,0.0967741935483871,0.375,0.0625,0.37500000000000006,0.10714285714285715
YAHOO,YahooA3Benchmark-TS93_data.out,100,0.9544344344344343,0.1449499282044532,0.14634146341463414,0.4,0.21428571428571427,0.4,0.15714285714285714,0.4000000000000001,0.22564102564102564
YAHOO,YahooA3Benchmark-TS94_data.out,100,0.4617372291790896,0.021753774680603948,0.029411764705882353,0.3333333333333333,0.05405405405405406,0.3333333333333333,0.043478260869565216,0.3333333333333333,0.07692307692307691
YAHOO,YahooA3Benchmark-TS95_data.out,100,0.5817307692307693,0.049701476179664535,0.020833333333333332,0.0625,0.03125,0.0625,0.047619047619047616,0.0625,0.05405405405405405
YAHOO,YahooA3Benchmark-TS96_data.out,100,0.8033432835820895,0.031388095320371,0.06896551724137931,0.4,0.11764705882352941,0.4,0.07142857142857142,0.4,0.12121212121212122
YAHOO,YahooA3Benchmark-TS97_data.out,100,0.626497005988024,0.08493166306570007,0.12,0.3,0.17142857142857143,0.3,0.14583333333333331,0.30000000000000004,0.19626168224299065
YAHOO,YahooA3Benchmark-TS98_data.out,100,0.6970836601910387,0.1747035795627234,0.1724137931034483,0.38461538461538464,0.23809523809523808,0.38461538461538464,0.20833333333333334,0.38461538461538464,0.2702702702702703
YAHOO,YahooA3Benchmark-TS99_data.out,100,0.5177569584400021,0.007689045251978795,0.020833333333333332,0.09090909090909091,0.03389830508474576,0.09090909090909091,0.045454545454545456,0.09090909090909091,0.060606060606060615
YAHOO,YahooA3Benchmark-TS9_data.out,100,0.8617964071856287,0.28485244522617564,0.1875,0.6,0.2857142857142857,0.6,0.25,0.6000000000000001,0.35294117647058826
YAHOO,YahooA4Benchmark-TS100_data.out,100,0.6014003927931005,0.006906981420096471,0.02631578947368421,0.14285714285714285,0.044444444444444446,0.14285714285714285,0.05263157894736842,0.14285714285714285,0.07692307692307693
YAHOO,YahooA4Benchmark-TS10_data.out,100,0.7050268496420048,0.023610436306527524,0.03571428571428571,0.25,0.0625,0.25,0.05,0.25,0.08333333333333334
YAHOO,YahooA4Benchmark-TS11_data.out,100,0.8050746268656717,0.014740915086261543,0.0,0.0,0.0,0.0,0.0,0.0,0.0
YAHOO,YahooA4Benchmark-TS12_data.out,100,0.6319402985074628,0.005582107789985253,0.0,0.0,0.0,0.0,0.0,0.0,0.0
YAHOO,YahooA4Benchmark-TS13_data.out,100,0.5646115589092779,0.04612022707941771,0.08333333333333333,0.21428571428571427,0.12,0.21428571428571427,0.13043478260869565,0.21428571428571433,0.16216216216216217
YAHOO,YahooA4Benchmark-TS14_data.out,100,0.8614031265319462,0.1692536051197043,0.16279069767441862,0.6363636363636364,0.25925925925925924,0.6363636363636364,0.20588235294117646,0.6363636363636365,0.31111111111111117
YAHOO,YahooA4Benchmark-TS15_data.out,100,0.6787020413591328,0.0399868600110971,0.043478260869565216,0.2222222222222222,0.07272727272727272,0.2222222222222222,0.0375,0.2222222222222222,0.06417112299465241
YAHOO,YahooA4Benchmark-TS16_data.out,100,0.15157832042882668,0.00029761904761904765,0.0,0.0,0.0,0.0,0.0,0.0,0.0
YAHOO,YahooA4Benchmark-TS17_data.out,100,0.6685329341317364,0.060351834563779475,0.09090909090909091,0.3,0.13953488372093023,0.3,0.125,0.30000000000000004,0.17647058823529413
YAHOO,YahooA4Benchmark-TS18_data.out,100,0.9267421083978559,0.004032258064516129,0.0,0.0,0.0,0.0,0.0,0.0,0.0
YAHOO,YahooA4Benchmark-TS19_data.out,100,0.6647681854516387,0.10332714214899913,0.0625,0.16666666666666666,0.09090909090909091,0.16666666666666666,0.13333333333333333,0.16666666666666666,0.14814814814814814
YAHOO,YahooA4Benchmark-TS1_data.out,100,0.8123759863411933,0.02787739890838855,0.02702702702702703,0.07692307692307693,0.04,0.07692307692307693,0.03225806451612903,0.07692307692307693,0.045454545454545456
YAHOO,YahooA4Benchmark-TS20_data.out,100,0.7078584283143372,0.08129269765441156,0.18518518518518517,0.38461538461538464,0.25,0.38461538461538464,0.22727272727272727,0.38461538461538464,0.2857142857142857
YAHOO,YahooA4Benchmark-TS21_data.out,100,0.5268100226108625,0.007974443447781828,0.0,0.0,0.0,0.0,0.0,0.0,0.0
YAHOO,YahooA4Benchmark-TS22_data.out,100,0.5885329341317366,0.09475207944605567,0.07317073170731707,0.3,0.11764705882352941,0.3,0.11666666666666665,0.30000000000000004,0.168
YAHOO,YahooA4Benchmark-TS23_data.out,100,0.5103669451073986,0.002683048274449423,0.0,0.0,0.0,0.0,0.0,0.0,0.0
YAHOO,YahooA4Benchmark-TS24_data.out,100,0.6926989826451226,0.0157328598235815,0.03125,0.1111111111111111,0.04878048780487805,0.1111111111111111,0.043478260869565216,0.1111111111111111,0.0625
YAHOO,YahooA4Benchmark-TS25_data.out,100,0.47077727545073256,0.006146283387929661,0.0,0.0,0.0,0.0,0.0,0.0,0.0
YAHOO,YahooA4Benchmark-TS26_data.out,100,0.8709773539928486,0.004649102156655027,0.0,0.0,0.0,0.0,0.0,0.0,0.0
YAHOO,YahooA4Benchmark-TS27_data.out,100,0.7056456456456457,0.03229144142016116,0.05,0.13333333333333333,0.07272727272727272,0.13333333333333333,0.07692307692307693,0.13333333333333333,0.0975609756097561
YAHOO,YahooA4Benchmark-TS28_data.out,100,0.68642585931255,0.028359529209117308,0.0625,0.25,0.1,0.25,0.06976744186046512,0.25000000000000006,0.10909090909090909
YAHOO,YahooA4Benchmark-TS29_data.out,100,0.5833904990567655,0.04851487893060664,0.0967741935483871,0.21428571428571427,0.13333333333333333,0.21428571428571427,0.11538461538461539,0.21428571428571433,0.15000000000000002
YAHOO,YahooA4Benchmark-TS2_data.out,100,0.5697313432835821,0.11544422558573503,0.025,0.2,0.044444444444444446,0.0,0.05263157894736842,0.2,0.08333333333333333
YAHOO,YahooA4Benchmark-TS30_data.out,100,0.7505074626865672,0.008547639692276857,0.0,0.0,0.0,0.0,0.0,0.0,0.0
YAHOO,YahooA4Benchmark-TS31_data.out,100,0.39357100238663484,0.0016850244059791607,0.0,0.0,0.0,0.0,0.0,0.0,0.0
YAHOO,YahooA4Benchmark-TS32_data.out,100,0.7917097881148212,0.15831601982990054,0.1,0.36363636363636365,0.1568627450980392,0.36363636363636365,0.15384615384615385,0.36363636363636365,0.21621621621621623
YAHOO,YahooA4Benchmark-TS33_data.out,100,0.870450477326969,0.03934301299634561,0.03571428571428571,0.25,0.0625,0.25,0.05,0.25,0.08333333333333334
YAHOO,YahooA4Benchmark-TS34_data.out,100,0.776278409090909,0.20827493563382857,0.3333333333333333,0.5,0.4,0.5,0.4,0.5,0.4444444444444445
YAHOO,YahooA4Benchmark-TS35_data.out,100,0.5515587529976019,0.03571302487642293,0.06060606060606061,0.16666666666666666,0.08888888888888889,0.16666666666666666,0.09090909090909091,0.16666666666666666,0.11764705882352942
YAHOO,YahooA4Benchmark-TS36_data.out,100,0.8194194194194194,0.15135145037238099,0.22580645161290322,0.4666666666666667,0.30434782608695654,0.4666666666666667,0.2692307692307692,0.46666666666666673,0.3414634146341463
YAHOO,YahooA4Benchmark-TS37_data.out,100,0.6932021466905188,0.006544295785941647,0.022727272727272728,0.3333333333333333,0.0425531914893617,0.3333333333333333,0.041666666666666664,0.3333333333333333,0.07407407407407407
YAHOO,YahooA4Benchmark-TS38_data.out,100,0.6091495445175876,0.016662535995831767,0.02564102564102564,0.1111111111111111,0.041666666666666664,0.1111111111111111,0.034482758620689655,0.1111111111111111,0.05263157894736842
YAHOO,YahooA4Benchmark-TS39_data.out,100,0.8697791466346154,0.12449015012029375,0.19230769230769232,0.3125,0.23809523809523808,0.3125,0.23809523809523808,0.3125,0.27027027027027023
YAHOO,YahooA4Benchmark-TS3_data.out,100,0.7699123855037834,0.009916793867645463,0.0,0.0,0.0,0.0,0.0,0.0,0.0
YAHOO,YahooA4Benchmark-TS40_data.out,100,0.9038231780167263,0.1260113215521672,0.09523809523809523,0.6666666666666666,0.16666666666666666,0.6666666666666666,0.12121212121212122,0.6666666666666666,0.20512820512820512
YAHOO,YahooA4Benchmark-TS41_data.out,100,0.71741036408103,0.03685782874946237,0.08695652173913043,0.15384615384615385,0.1111111111111111,0.15384615384615385,0.09523809523809523,0.15384615384615385,0.11764705882352941
YAHOO,YahooA4Benchmark-TS42_data.out,100,0.7596957040572793,0.024549037545453484,0.027777777777777776,0.25,0.05,0.0,0.058823529411764705,0.25,0.09523809523809523
YAHOO,YahooA4Benchmark-TS43_data.out,100,0.5898741761533852,0.04157070047112207,0.10256410256410256,0.36363636363636365,0.16,0.36363636363636365,0.16,0.36363636363636365,0.2222222222222222
YAHOO,YahooA4Benchmark-TS44_data.out,100,0.8892540564903846,0.1386542863042763,0.11764705882352941,0.375,0.1791044776119403,0.375,0.1935483870967742,0.37500000000000006,0.2553191489361702
YAHOO,YahooA4Benchmark-TS45_data.out,100,0.7133464264366836,0.03523939377120518,0.058823529411764705,0.2857142857142857,0.0975609756097561,0.2857142857142857,0.09090909090909091,0.2857142857142857,0.13793103448275862
YAHOO,YahooA4Benchmark-TS46_data.out,100,0.8382206263714342,0.0503107122059462,0.09375,0.3333333333333333,0.14634146341463414,0.3333333333333333,0.11538461538461539,0.33333333333333337,0.17142857142857143
YAHOO,YahooA4Benchmark-TS47_data.out,100,0.9994044073853485,0.25,0.030303030303030304,1.0,0.058823529411764705,1.0,0.05,1.0,0.09523809523809523
YAHOO,YahooA4Benchmark-TS48_data.out,100,0.6331934452438049,0.037543228544247464,0.08571428571428572,0.25,0.1276595744680851,0.25,0.11538461538461539,0.25000000000000006,0.15789473684210528
YAHOO,YahooA4Benchmark-TS49_data.out,100,0.5327814349358335,0.00624889687061019,0.0,0.0,0.0,0.0,0.0,0.0,0.0
YAHOO,YahooA4Benchmark-TS4_data.out,100,0.634657506969335,0.010500684931150068,0.037037037037037035,0.16666666666666666,0.06060606060606061,0.16666666666666666,0.0625,0.16666666666666666,0.09090909090909091
YAHOO,YahooA4Benchmark-TS50_data.out,100,0.7544189223806678,0.029002411051848056,0.045454545454545456,0.2857142857142857,0.0784313725490196,0.2857142857142857,0.07692307692307693,0.2857142857142857,0.12121212121212123
YAHOO,YahooA4Benchmark-TS51_data.out,100,0.8207266229898749,0.0016556291390728477,0.0,0.0,0.0,0.0,0.0,0.0,0.0
YAHOO,YahooA4Benchmark-TS52_data.out,100,0.6308622473990958,0.05695651507718637,0.17647058823529413,0.2727272727272727,0.21428571428571427,0.2727272727272727,0.21428571428571427,0.27272727272727276,0.24000000000000002
YAHOO,YahooA4Benchmark-TS53_data.out,100,0.8048271752085816,0.02893399627156689,0.03225806451612903,0.5,0.06060606060606061,0.5,0.043478260869565216,0.5,0.08
YAHOO,YahooA4Benchmark-TS54_data.out,100,0.8811369509043928,0.022905234657048183,0.03225806451612903,0.3333333333333333,0.058823529411764705,0.3333333333333333,0.05555555555555555,0.3333333333333333,0.09523809523809525
YAHOO,YahooA4Benchmark-TS55_data.out,100,0.9275923718712753,0.06560346010081959,0.029411764705882353,0.5,0.05555555555555555,0.5,0.047619047619047616,0.5,0.08695652173913042
YAHOO,YahooA4Benchmark-TS56_data.out,100,0.49577448918269235,0.019194392790557697,0.046511627906976744,0.125,0.06779661016949153,0.125,0.06060606060606061,0.125,0.0816326530612245
YAHOO,YahooA4Benchmark-TS57_data.out,100,0.8187972919155715,0.018453074690881022,0.027777777777777776,0.16666666666666666,0.047619047619047616,0.16666666666666666,0.038461538461538464,0.16666666666666666,0.0625
YAHOO,YahooA4Benchmark-TS58_data.out,100,0.6447368421052632,0.010471488505953183,0.058823529411764705,0.125,0.08,0.125,0.08333333333333333,0.125,0.1
YAHOO,YahooA4Benchmark-TS59_data.out,100,0.24627754615842762,0.00029761904761904765,0.0,0.0,0.0,0.0,0.0,0.0,0.0
YAHOO,YahooA4Benchmark-TS5_data.out,100,0.5643170051772202,0.006102246332688929,0.0,0.0,0.0,0.0,0.0,0.0,0.0
YAHOO,YahooA4Benchmark-TS60_data.out,100,0.7324587557145696,0.04336862730554319,0.05263157894736842,0.3333333333333333,0.09090909090909091,0.3333333333333333,0.041666666666666664,0.3333333333333333,0.07407407407407407
YAHOO,YahooA4Benchmark-TS61_data.out,100,0.5680779169151262,0.002300372541010277,0.0,0.0,0.0,0.0,0.0,0.0,0.0
YAHOO,YahooA4Benchmark-TS62_data.out,100,0.5682129994855084,0.013513221186616487,0.027777777777777776,0.07142857142857142,0.04,0.07142857142857142,0.05555555555555555,0.07142857142857142,0.0625
YAHOO,YahooA4Benchmark-TS63_data.out,100,0.6432840918794295,0.04477615347855531,0.0625,0.2857142857142857,0.10256410256410256,0.2857142857142857,0.15384615384615385,0.2857142857142857,0.2
YAHOO,YahooA4Benchmark-TS64_data.out,100,0.43940298507462683,0.002522275295306499,0.0,0.0,0.0,0.0,0.0,0.0,0.0
YAHOO,YahooA4Benchmark-TS65_data.out,100,0.7827427427427428,0.24163615047238615,0.5,0.4666666666666667,0.4827586206896552,0.4666666666666667,0.5,0.46666666666666673,0.4827586206896552
YAHOO,YahooA4Benchmark-TS66_data.out,100,0.20190589636688505,0.00029761904761904765,0.0,0.0,0.0,0.0,0.0,0.0,0.0
YAHOO,YahooA4Benchmark-TS67_data.out,100,0.8131967072543302,0.21712711727748268,0.2,0.5714285714285714,0.2962962962962963,0.5714285714285714,0.25806451612903225,0.5714285714285714,0.35555555555555557
YAHOO,YahooA4Benchmark-TS68_data.out,100,0.9383561643835616,0.004761904761904762,0.0,0.0,0.0,0.0,0.0,0.0,0.0
YAHOO,YahooA4Benchmark-TS69_data.out,100,0.8110846245530393,0.005606428637519811,0.0,0.0,0.0,0.0,0.0,0.0,0.0
YAHOO,YahooA4Benchmark-TS6_data.out,100,0.8270035885167464,0.03605187755596186,0.030303030303030304,0.125,0.04878048780487805,0.125,0.047619047619047616,0.125,0.06896551724137931
YAHOO,YahooA4Benchmark-TS70_data.out,100,0.7492541766109786,0.07126607997215015,0.1,0.25,0.14285714285714285,0.25,0.1,0.25,0.14285714285714288
YAHOO,YahooA4Benchmark-TS71_data.out,100,0.6591916167664671,0.049526132997858366,0.09090909090909091,0.4,0.14814814814814814,0.4,0.125,0.4,0.19047619047619047
YAHOO,YahooA4Benchmark-TS72_data.out,100,0.649313432835821,0.042102352204915185,0.07692307692307693,0.2,0.1111111111111111,0.2,0.1,0.2,0.13333333333333333
YAHOO,YahooA4Benchmark-TS73_data.out,100,0.9937910447761193,0.366865962416247,0.13157894736842105,1.0,0.23255813953488372,1.0,0.15151515151515152,1.0,0.2631578947368421
YAHOO,YahooA4Benchmark-TS74_data.out,100,0.9322109654350417,0.02614678899082569,0.02564102564102564,0.5,0.04878048780487805,0.5,0.045454545454545456,0.5,0.08333333333333334
YAHOO,YahooA4Benchmark-TS75_data.out,100,0.5931429098795625,0.020524356576295855,0.05714285714285714,0.15384615384615385,0.08333333333333333,0.15384615384615385,0.06896551724137931,0.15384615384615385,0.09523809523809525
YAHOO,YahooA4Benchmark-TS76_data.out,100,0.749768505909908,0.027141917794206716,0.075,0.2727272727272727,0.11764705882352941,0.2727272727272727,0.1,0.27272727272727276,0.14634146341463414
YAHOO,YahooA4Benchmark-TS77_data.out,100,0.6122006367957178,0.19437374518399791,0.1111111111111111,0.3076923076923077,0.16326530612244897,0.3076923076923077,0.14814814814814814,0.30000000000000004,0.1983471074380165
YAHOO,YahooA4Benchmark-TS78_data.out,100,0.6445941580914587,0.04454004640468343,0.0975609756097561,0.3076923076923077,0.14814814814814814,0.3076923076923077,0.16666666666666666,0.3076923076923077,0.21621621621621623
YAHOO,YahooA4Benchmark-TS79_data.out,100,0.5221625919300338,0.20105437491801126,0.02564102564102564,0.3333333333333333,0.047619047619047616,0.0,0.043478260869565216,0.3333333333333333,0.07692307692307691
YAHOO,YahooA4Benchmark-TS7_data.out,100,0.6191262219173383,0.1021468370338779,0.09090909090909091,0.2857142857142857,0.13793103448275862,0.2857142857142857,0.125,0.2857142857142857,0.17391304347826086
YAHOO,YahooA4Benchmark-TS80_data.out,100,0.6514038768984813,0.036649594643230254,0.06896551724137931,0.16666666666666666,0.0975609756097561,0.16666666666666666,0.11764705882352941,0.16666666666666666,0.13793103448275862
YAHOO,YahooA4Benchmark-TS81_data.out,100,0.7111510073808099,0.016293573278935138,0.030303030303030304,0.1111111111111111,0.047619047619047616,0.1111111111111111,0.038461538461538464,0.1111111111111111,0.05714285714285715
YAHOO,YahooA4Benchmark-TS82_data.out,100,0.5790173212141999,0.05382418434849988,0.11538461538461539,0.21428571428571427,0.15,0.21428571428571427,0.09649122807017543,0.21428571428571433,0.13306451612903225
YAHOO,YahooA4Benchmark-TS83_data.out,100,0.9579606440071556,0.01926781404999154,0.016666666666666666,0.3333333333333333,0.031746031746031744,0.0,0.02631578947368421,0.3333333333333333,0.048780487804878044
YAHOO,YahooA4Benchmark-TS84_data.out,100,0.9258596700457166,0.018028873275833933,0.030303030303030304,0.3333333333333333,0.05555555555555555,0.0,0.058823529411764705,0.3333333333333333,0.1
YAHOO,YahooA4Benchmark-TS85_data.out,100,0.809363731971154,0.2973668419895318,0.27586206896551724,0.5,0.35555555555555557,0.5,0.2962962962962963,0.5,0.37209302325581395
YAHOO,YahooA4Benchmark-TS86_data.out,100,0.8545145145145145,0.21852789596890518,0.2413793103448276,0.4666666666666667,0.3181818181818182,0.4666666666666667,0.28,0.46666666666666673,0.35000000000000003
YAHOO,YahooA4Benchmark-TS87_data.out,100,0.9970220369267422,0.08333333333333333,0.02631578947368421,1.0,0.05128205128205128,1.0,0.037037037037037035,1.0,0.07142857142857142
YAHOO,YahooA4Benchmark-TS88_data.out,100,0.6666051405103596,0.06224156154012713,0.08108108108108109,0.23076923076923078,0.12,0.23076923076923078,0.09259259259259259,0.2307692307692308,0.13215859030837004
YAHOO,YahooA4Benchmark-TS89_data.out,100,0.7171022009442117,0.01698895388438787,0.03333333333333333,0.1111111111111111,0.05128205128205128,0.1111111111111111,0.04,0.1111111111111111,0.058823529411764705
YAHOO,YahooA4Benchmark-TS8_data.out,100,0.5925661021641826,0.03987253001362392,0.08108108108108109,0.23076923076923078,0.12,0.23076923076923078,0.15789473684210525,0.2307692307692308,0.18750000000000003
YAHOO,YahooA4Benchmark-TS90_data.out,100,0.6928207434052759,0.02187133292360207,0.03225806451612903,0.08333333333333333,0.046511627906976744,0.08333333333333333,0.05555555555555555,0.08333333333333333,0.06666666666666667
YAHOO,YahooA4Benchmark-TS91_data.out,100,0.6737859712230215,0.07746049550988077,0.06666666666666667,0.3333333333333333,0.1111111111111111,0.3333333333333333,0.08536585365853659,0.3333333333333333,0.1359223300970874
YAHOO,YahooA4Benchmark-TS92_data.out,100,0.6192792792792793,0.023070702044776802,0.041666666666666664,0.13333333333333333,0.06349206349206349,0.13333333333333333,0.07692307692307693,0.13333333333333333,0.0975609756097561
YAHOO,YahooA4Benchmark-TS93_data.out,100,0.977200318598168,0.28087381016136537,0.10526315789473684,0.6666666666666666,0.18181818181818182,0.6666666666666666,0.15384615384615385,0.6666666666666666,0.25
YAHOO,YahooA4Benchmark-TS94_data.out,100,0.5744081952840201,0.021847314467016196,0.07894736842105263,0.23076923076923078,0.11764705882352941,0.23076923076923078,0.07777777777777778,0.2307692307692308,0.11634349030470915
YAHOO,YahooA4Benchmark-TS95_data.out,100,0.8601194029850746,0.014946743536569959,0.027777777777777776,0.2,0.04878048780487805,0.2,0.05263157894736842,0.2,0.08333333333333333
YAHOO,YahooA4Benchmark-TS96_data.out,100,0.5943087008343265,0.003665887729679537,0.0,0.0,0.0,0.0,0.0,0.0,0.0
YAHOO,YahooA4Benchmark-TS97_data.out,100,0.5684344951923077,0.016786331566875045,0.047619047619047616,0.0625,0.05405405405405406,0.0625,0.09090909090909091,0.0625,0.07407407407407407
YAHOO,YahooA4Benchmark-TS98_data.out,100,0.6037237237237237,0.06265047713009239,0.04878048780487805,0.13333333333333333,0.07142857142857142,0.13333333333333333,0.07692307692307693,0.13333333333333333,0.0975609756097561
YAHOO,YahooA4Benchmark-TS99_data.out,100,0.5352125901442307,0.05746020382843266,0.05555555555555555,0.1875,0.08571428571428572,0.1875,0.08333333333333333,0.20000000000000004,0.11764705882352941
YAHOO,YahooA4Benchmark-TS9_data.out,100,0.8767123287671232,0.002403846153846154,0.0,0.0,0.0,0.0,0.0,0.0,0.0
YAHOO,Yahoo_A1real_10_data.out,100,0.9799870536195922,0.17988501648684227,0.18181818181818182,0.46153846153846156,0.2608695652173913,0.46153846153846156,0.04,0.5692307692307692,0.07474747474747474
YAHOO,Yahoo_A1real_11_data.out,100,0.763157894736842,0.766285066383819,1.0,0.5263157894736842,0.6896551724137931,0.5263157894736842,1.0,0.6210526315789473,0.7662337662337662
YAHOO,Yahoo_A1real_12_data.out,100,0.8333333333333333,0.833680796849664,1.0,0.6666666666666666,0.8,0.6666666666666666,1.0,0.5,0.6666666666666666
YAHOO,Yahoo_A1real_13_data.out,100,0.9764657790235924,0.2016497457469396,0.21052631578947367,0.6666666666666666,0.32,0.6666666666666666,0.11764705882352941,0.6222222222222222,0.1978798586572438
YAHOO,Yahoo_A1real_14_data.out,100,0.9872999304105776,0.04955357142857143,0.0425531914893617,1.0,0.08163265306122448,0.0,0.03225806451612903,1.0,0.0625
YAHOO,Yahoo_A1real_15_data.out,100,0.9827151854443668,0.22911223421329618,0.21052631578947367,0.8,0.3333333333333333,0.8,0.125,0.6666666666666666,0.21052631578947367
YAHOO,Yahoo_A1real_16_data.out,100,0.8326474622770919,0.5003422313483915,0.5,0.6666666666666666,0.5714285714285714,0.6666666666666666,0.5,0.4666666666666667,0.4827586206896552
YAHOO,Yahoo_A1real_17_data.out,100,0.8670446306662397,0.5719357549823111,0.5789473684210527,0.09691629955947137,0.1660377358490566,0.09691629955947137,0.5454545454545454,0.22294454083927773,0.3165181098056652
YAHOO,Yahoo_A1real_18_data.out,100,0.9970278920896205,0.4941919191919192,0.07142857142857142,1.0,0.13333333333333333,1.0,0.022727272727272728,1.0,0.044444444444444446
YAHOO,Yahoo_A1real_19_data.out,100,0.8338320102753213,0.4921758578619686,0.43902439024390244,0.07929515418502203,0.13432835820895522,0.07929515418502203,0.4583333333333333,0.22183596803065833,0.29896914923041273
YAHOO,Yahoo_A1real_1_data.out,100,0.9961212976022567,0.14027777777777778,0.03278688524590164,1.0,0.06349206349206349,1.0,0.037037037037037035,1.0,0.07142857142857142
YAHOO,Yahoo_A1real_20_data.out,100,0.5962104849793834,0.08831674839274056,0.05405405405405406,0.06060606060606061,0.05714285714285714,0.06060606060606061,0.07692307692307693,0.3333333333333333,0.125
YAHOO,Yahoo_A1real_21_data.out,100,0.9994106553512494,0.801984126984127,0.8571428571428571,1.0,0.9230769230769231,1.0,0.6666666666666666,1.0,0.8
YAHOO,Yahoo_A1real_22_data.out,100,0.873015873015873,0.8786496758327744,1.0,0.6349206349206349,0.7766990291262136,0.6349206349206349,1.0,0.28465608465608466,0.44316309719934105
YAHOO,Yahoo_A1real_23_data.out,100,0.9347646417972125,0.2874014527173983,0.30303030303030304,0.5263157894736842,0.38461538461538464,0.5263157894736842,0.22596153846153846,0.588888888888889,0.32660285826668417
YAHOO,Yahoo_A1real_24_data.out,100,0.9567906574394465,0.3276521228106999,0.5833333333333334,0.4375,0.5,0.4375,0.35714285714285715,0.8285714285714286,0.4991394148020655
YAHOO,Yahoo_A1real_25_data.out,100,1.0,1.0000000000000002,1.0,0.7441860465116279,0.8533333333333334,0.7441860465116279,1.0,0.2992248062015504,0.4606205250596659
YAHOO,Yahoo_A1real_26_data.out,100,0.35745588235294123,0.04586364972120956,0.12,0.04,0.06,0.04,0.09090909090909091,0.09926421404682276,0.09490311440813455
YAHOO,Yahoo_A1real_27_data.out,100,0.8689473684210527,0.1270035746201966,0.07142857142857142,0.5,0.125,0.5,0.1,0.5,0.16666666666666669
YAHOO,Yahoo_A1real_28_data.out,100,0.47909151276943235,0.10346517522326834,0.20512820512820512,0.0975609756097561,0.1322314049586777,0.0975609756097561,0.2,0.8126582278481014,0.32100000000000006
YAHOO,Yahoo_A1real_29_data.out,100,0.8569436142657899,0.2631471664403169,0.125,0.42857142857142855,0.1935483870967742,0.42857142857142855,0.17647058823529413,0.6000000000000001,0.27272727272727276
YAHOO,Yahoo_A1real_2_data.out,100,0.75,0.7527797081306462,1.0,0.5,0.6666666666666666,0.5,1.0,0.4256410256410257,0.5971223021582734
YAHOO,Yahoo_A1real_30_data.out,100,0.9985460667278849,0.632924482924483,0.6923076923076923,1.0,0.8181818181818182,1.0,0.37777777777777777,1.0,0.5483870967741935
YAHOO,Yahoo_A1real_31_data.out,100,0.9713857210738894,0.6323458262425679,0.5,0.8333333333333334,0.625,0.8333333333333334,0.1574074074074074,0.27391304347826084,0.1999253313421691
YAHOO,Yahoo_A1real_32_data.out,100,0.9934936786925687,0.6785641362342191,0.7272727272727273,0.5106382978723404,0.6,0.5106382978723404,0.5,0.6115942028985507,0.5501955671447197
YAHOO,Yahoo_A1real_33_data.out,100,1.0,1.0,1.0,1.0,1.0,1.0,1.0,1.0,1.0
YAHOO,Yahoo_A1real_34_data.out,100,0.9082494969818913,0.08311716760578254,0.13793103448275862,0.5714285714285714,0.2222222222222222,0.5714285714285714,0.03361344537815126,0.25,0.05925925925925926
YAHOO,Yahoo_A1real_36_data.out,100,0.9929945054945055,0.21302829251358663,0.16666666666666666,1.0,0.2857142857142857,1.0,0.13636363636363635,1.0,0.24000000000000002
YAHOO,Yahoo_A1real_37_data.out,100,0.7043592436974789,0.04868461886231587,0.08,0.058823529411764705,0.06779661016949153,0.058823529411764705,0.1111111111111111,0.23333333333333334,0.15053763440860216
YAHOO,Yahoo_A1real_38_data.out,100,0.5798072402444757,0.05201049461044263,0.15789473684210525,0.3333333333333333,0.21428571428571427,0.3333333333333333,0.14285714285714285,0.4444444444444445,0.2162162162162162
YAHOO,Yahoo_A1real_39_data.out,100,0.8505998588567396,0.41117267641633326,0.4375,0.7,0.5384615384615384,0.7,0.3333333333333333,0.4600000000000001,0.38655462184873945
YAHOO,Yahoo_A1real_3_data.out,100,0.999354541263255,0.8655902893402894,0.9375,1.0,0.967741935483871,1.0,0.6666666666666666,1.0,0.8
YAHOO,Yahoo_A1real_40_data.out,100,0.3393327765404603,0.04382298633985589,0.0,0.0,0.0,0.0,0.0,0.0,0.0
YAHOO,Yahoo_A1real_41_data.out,100,0.9940642458100559,0.13310185185185186,0.09375,1.0,0.17142857142857143,0.0,0.06944444444444443,1.0000000000000002,0.12987012987012986
YAHOO,Yahoo_A1real_42_data.out,100,1.0,1.0,1.0,0.8636363636363636,0.926829268292683,0.8636363636363636,1.0,0.819607843137255,0.9008620689655172
YAHOO,Yahoo_A1real_43_data.out,100,0.9426047585227274,0.22710235449268673,0.23404255319148937,0.34375,0.27848101265822783,0.34375,0.21428571428571427,0.7244444444444446,0.33074061548867095
YAHOO,Yahoo_A1real_44_data.out,100,0.920531068258341,0.09233727046345425,0.1724137931034483,0.5555555555555556,0.2631578947368421,0.5555555555555556,0.17647058823529413,0.48888888888888893,0.2593320235756385
YAHOO,Yahoo_A1real_45_data.out,100,0.9989576094510076,0.625,0.25,1.0,0.4,0.0,0.25,1.0,0.4
YAHOO,Yahoo_A1real_46_data.out,100,0.2890218199851228,0.06705895128055195,0.18181818181818182,0.05504587155963303,0.08450704225352113,0.05504587155963303,0.23809523809523808,0.4031152647975078,0.2993707199703868
YAHOO,Yahoo_A1real_47_data.out,100,0.6871559633027522,0.012800729799935604,0.043478260869565216,0.1,0.06060606060606061,0.1,0.05,0.08,0.061538461538461535
YAHOO,Yahoo_A1real_48_data.out,100,0.5106448763250884,0.02032432974336483,0.03773584905660377,0.08333333333333333,0.05194805194805195,0.08333333333333333,0.07692307692307693,0.23333333333333334,0.11570247933884299
YAHOO,Yahoo_A1real_49_data.out,100,0.9970278920896205,0.4941919191919192,0.07142857142857142,1.0,0.13333333333333333,1.0,0.022727272727272728,1.0,0.044444444444444446
YAHOO,Yahoo_A1real_4_data.out,100,0.9994358251057828,0.7766666666666666,0.8333333333333334,1.0,0.9090909090909091,1.0,0.8333333333333334,1.0000000000000002,0.9090909090909093
YAHOO,Yahoo_A1real_50_data.out,100,0.9846368715083799,0.12426952762866075,0.15151515151515152,0.7142857142857143,0.25,0.7142857142857143,0.043478260869565216,0.7714285714285716,0.08231707317073171
YAHOO,Yahoo_A1real_51_data.out,100,0.6647048489107519,0.005314895545897516,0.0,0.0,0.0,0.0,0.0,0.0,0.0
YAHOO,Yahoo_A1real_52_data.out,100,0.6827458256029684,0.18897810279466803,0.3333333333333333,0.45454545454545453,0.38461538461538464,0.45454545454545453,0.3333333333333333,0.7333333333333334,0.45833333333333337
YAHOO,Yahoo_A1real_53_data.out,100,0.9598337950138506,0.39530461011031953,0.6666666666666666,0.47058823529411764,0.5517241379310345,0.47058823529411764,0.5,0.8714285714285714,0.6354166666666666
YAHOO,Yahoo_A1real_54_data.out,100,0.587516960651289,0.08395646874683448,0.25,0.5,0.3333333333333333,0.5,0.16666666666666666,0.5,0.25
YAHOO,Yahoo_A1real_55_data.out,100,0.9140646976090014,0.07094465689573305,0.06451612903225806,0.4,0.1111111111111111,0.4,0.1,0.5,0.16666666666666669
YAHOO,Yahoo_A1real_56_data.out,100,0.9021097046413502,0.06312615086344672,0.08823529411764706,0.6,0.15384615384615385,0.6,0.15,0.65,0.24375
YAHOO,Yahoo_A1real_57_data.out,100,0.7174316179879461,0.22505977146981396,0.025,0.3333333333333333,0.046511627906976744,0.3333333333333333,0.005,0.3333333333333333,0.009852216748768473
YAHOO,Yahoo_A1real_58_data.out,100,1.0,1.0000000000000002,1.0,0.7906976744186046,0.8831168831168831,0.7906976744186046,1.0,0.4108527131782946,0.5824175824175825
YAHOO,Yahoo_A1real_5_data.out,100,0.749652052887961,0.5003474635163307,0.5,0.5,0.5,0.5,0.5,0.6000000000000001,0.5454545454545455
YAHOO,Yahoo_A1real_60_data.out,100,0.8097750865051904,0.5151088783517216,0.5555555555555556,0.625,0.5882352941176471,0.625,0.5555555555555556,0.7653333333333332,0.6437864513234633
YAHOO,Yahoo_A1real_61_data.out,100,0.6902493530933898,0.17316114215932027,0.225,0.375,0.28125,0.375,0.1234567901234568,0.646376811594203,0.20731650629851722
YAHOO,Yahoo_A1real_62_data.out,100,0.8519852082522382,0.3686681217696255,0.4166666666666667,0.7142857142857143,0.5263157894736842,0.7142857142857143,0.3,0.8,0.4363636363636363
YAHOO,Yahoo_A1real_63_data.out,100,0.94243535988819,0.05616515520707141,0.08,0.25,0.12121212121212122,0.25,0.08333333333333333,0.30000000000000004,0.13043478260869565
YAHOO,Yahoo_A1real_65_data.out,100,0.9654876876123585,0.5855195276223806,0.5517241379310345,0.9411764705882353,0.6956521739130435,0.9411764705882353,0.4444444444444445,0.9777777777777779,0.6111111111111112
YAHOO,Yahoo_A1real_66_data.out,100,0.9254149271968232,0.6261460123974762,0.5833333333333334,0.6666666666666666,0.6222222222222222,0.6666666666666666,0.3772486772486772,0.725,0.4962678507140285
YAHOO,Yahoo_A1real_67_data.out,100,0.9565217391304348,0.9572244798191205,1.0,0.9130434782608695,0.9545454545454546,0.9130434782608695,1.0,0.8800000000000001,0.9361702127659575
YAHOO,Yahoo_A1real_6_data.out,100,0.967330538085255,0.12611161000298357,0.12121212121212122,0.5,0.1951219512195122,0.5,0.07407407407407407,0.4,0.125
YAHOO,Yahoo_A1real_7_data.out,100,0.8673298668785056,0.3210612091140443,0.4090909090909091,0.29508196721311475,0.34285714285714286,0.29508196721311475,0.4444444444444444,0.3870531400966184,0.4137681720763292
YAHOO,Yahoo_A1real_8_data.out,100,0.991595744680851,0.36708595619779827,0.29411764705882354,1.0,0.45454545454545453,1.0,0.18402777777777776,1.0000000000000002,0.31085043988269795
YAHOO,Yahoo_A1real_9_data.out,100,0.6243117687543014,0.3770533880903491,0.5,0.25,0.3333333333333333,0.25,0.5,0.5,0.5
YAHOO,Yahoo_A2synthetic_100_data.out,100,0.9948835568101624,0.4151315789473684,0.10526315789473684,1.0,0.19047619047619047,0.0,0.09090909090909091,1.0,0.16666666666666669
YAHOO,Yahoo_A2synthetic_10_data.out,100,0.759438955539873,0.014809158868681081,0.023255813953488372,0.25,0.0425531914893617,0.25,0.024390243902439025,0.30000000000000004,0.045112781954887216
YAHOO,Yahoo_A2synthetic_11_data.out,100,0.9449559332703809,0.06284047234103995,0.058823529411764705,0.2222222222222222,0.09302325581395349,0.2222222222222222,0.04,0.24444444444444446,0.06875
YAHOO,Yahoo_A2synthetic_12_data.out,100,0.5823943661971831,0.0008417508417508417,0.0,0.0,0.0,0.0,0.0,0.0,0.0
YAHOO,Yahoo_A2synthetic_13_data.out,100,0.9920606916019761,0.14290140415140415,0.10256410256410256,1.0,0.18604651162790697,1.0,0.1,1.0,0.18181818181818182
YAHOO,Yahoo_A2synthetic_14_data.out,100,0.8154705697198616,0.03036521063727498,0.037037037037037035,0.1111111111111111,0.05555555555555555,0.1111111111111111,0.045454545454545456,0.15555555555555556,0.07035175879396985
YAHOO,Yahoo_A2synthetic_15_data.out,100,0.930281690140845,0.005,0.0,0.0,0.0,0.0,0.0,0.0,0.0
YAHOO,Yahoo_A2synthetic_16_data.out,100,0.954834156669019,0.032554960840134414,0.041666666666666664,0.25,0.07142857142857142,0.25,0.041666666666666664,0.30000000000000004,0.07317073170731707
YAHOO,Yahoo_A2synthetic_17_data.out,100,0.8382908404154863,0.03166322417242571,0.07692307692307693,0.2222222222222222,0.11428571428571428,0.2222222222222222,0.07692307692307693,0.3111111111111111,0.12334801762114538
YAHOO,Yahoo_A2synthetic_18_data.out,100,0.9985915492957746,0.16666666666666666,0.03225806451612903,1.0,0.0625,0.0,0.045454545454545456,1.0,0.08695652173913045
YAHOO,Yahoo_A2synthetic_19_data.out,100,0.8205716302046577,0.009381654892159221,0.0,0.0,0.0,0.0,0.0,0.0,0.0
YAHOO,Yahoo_A2synthetic_1_data.out,100,0.2611150317572336,0.0018752400481377492,0.0,0.0,0.0,0.0,0.0,0.0,0.0
YAHOO,Yahoo_A2synthetic_20_data.out,100,0.9874095058231035,0.19123638648156777,0.20454545454545456,1.0,0.33962264150943394,1.0,0.15,1.0000000000000002,0.2608695652173913
YAHOO,Yahoo_A2synthetic_21_data.out,100,0.9975352112676056,0.5625,0.02631578947368421,1.0,0.05128205128205128,0.0,0.058823529411764705,1.0,0.1111111111111111
YAHOO,Yahoo_A2synthetic_22_data.out,100,0.3265702187720536,0.0019793132020017225,0.0,0.0,0.0,0.0,0.0,0.0,0.0
YAHOO,Yahoo_A2synthetic_23_data.out,100,0.876573811772112,0.1462498513683265,0.13333333333333333,0.4444444444444444,0.20512820512820512,0.4444444444444444,0.1,0.48888888888888893,0.16603773584905662
YAHOO,Yahoo_A2synthetic_24_data.out,100,0.08732394366197183,0.0003518648838845883,0.0,0.0,0.0,0.0,0.0,0.0,0.0
YAHOO,Yahoo_A2synthetic_25_data.out,100,0.9910903316866619,0.12895315734989649,0.11428571428571428,1.0,0.20512820512820512,1.0,0.08,1.0,0.14814814814814814
YAHOO,Yahoo_A2synthetic_26_data.out,100,0.8162968209002203,0.03263565932035625,0.05555555555555555,0.2222222222222222,0.08888888888888889,0.2222222222222222,0.03125,0.24444444444444446,0.055415617128463476
YAHOO,Yahoo_A2synthetic_27_data.out,100,0.9985915492957746,0.16666666666666666,0.030303030303030304,1.0,0.058823529411764705,1.0,0.05,1.0,0.09523809523809523
YAHOO,Yahoo_A2synthetic_28_data.out,100,0.9911785462244178,0.2449315268065268,0.1111111111111111,1.0,0.2,0.0,0.07407407407407407,1.0,0.13793103448275862
YAHOO,Yahoo_A2synthetic_29_data.out,100,0.7476786276361347,0.023228920923627223,0.030303030303030304,0.1111111111111111,0.047619047619047616,0.1111111111111111,0.030303030303030304,0.15555555555555556,0.050724637681159424
YAHOO,Yahoo_A2synthetic_2_data.out,100,0.6422725841989299,0.011170588337720604,0.02702702702702703,0.1111111111111111,0.043478260869565216,0.1111111111111111,0.02702702702702703,0.15555555555555556,0.046052631578947366
YAHOO,Yahoo_A2synthetic_30_data.out,100,0.9975352112676057,0.5625,0.03225806451612903,1.0,0.0625,0.0,0.038461538461538464,1.0,0.07407407407407407
YAHOO,Yahoo_A2synthetic_31_data.out,100,0.9790931545518702,0.058925828428537406,0.08333333333333333,0.5,0.14285714285714285,0.5,0.08333333333333333,0.6000000000000001,0.14634146341463414
YAHOO,Yahoo_A2synthetic_32_data.out,100,0.9446411709159586,0.06515831599536405,0.058823529411764705,0.2222222222222222,0.09302325581395349,0.2222222222222222,0.06896551724137931,0.3111111111111111,0.1129032258064516
YAHOO,Yahoo_A2synthetic_33_data.out,100,0.8929577464788732,0.0032679738562091504,0.0,0.0,0.0,0.0,0.0,0.0,0.0
YAHOO,Yahoo_A2synthetic_34_data.out,100,0.9927664079040226,0.1633376835582718,0.0975609756097561,1.0,0.17777777777777778,1.0,0.07142857142857142,1.0,0.13333333333333333
YAHOO,Yahoo_A2synthetic_35_data.out,100,0.9869767075857728,0.25019829541237293,0.17777777777777778,0.8888888888888888,0.2962962962962963,0.8888888888888888,0.14285714285714285,0.9111111111111111,0.24698795180722888
YAHOO,Yahoo_A2synthetic_36_data.out,100,0.23450704225352115,0.00045955882352941176,0.0,0.0,0.0,0.0,0.0,0.0,0.0
YAHOO,Yahoo_A2synthetic_37_data.out,100,0.9419548341566689,0.18473846313890585,0.0625,0.5,0.1111111111111111,0.0,0.04,0.5,0.07407407407407407
YAHOO,Yahoo_A2synthetic_38_data.out,100,0.605602769908719,0.028573666373230368,0.04,0.1111111111111111,0.058823529411764705,0.1111111111111111,0.043478260869565216,0.15555555555555556,0.06796116504854369
YAHOO,Yahoo_A2synthetic_39_data.out,100,0.9950704225352114,0.0625,0.04,1.0,0.07692307692307693,0.0,0.045454545454545456,1.0,0.08695652173913045
YAHOO,Yahoo_A2synthetic_3_data.out,100,0.7848591549295775,0.0016286644951140066,0.0,0.0,0.0,0.0,0.0,0.0,0.0
YAHOO,Yahoo_A2synthetic_40_data.out,100,0.9465419901199718,0.05642306361549107,0.05263157894736842,0.5,0.09523809523809523,0.5,0.03225806451612903,0.5,0.06060606060606061
YAHOO,Yahoo_A2synthetic_41_data.out,100,0.9895341517154549,0.23458640554873783,0.2,1.0,0.3333333333333333,1.0,0.15,1.0000000000000002,0.2608695652173913
YAHOO,Yahoo_A2synthetic_42_data.out,100,0.9936619718309858,0.05,0.029411764705882353,1.0,0.05714285714285714,0.0,0.03571428571428571,1.0,0.0689655172413793
YAHOO,Yahoo_A2synthetic_43_data.out,100,0.9588920254057869,0.035898412349218166,0.041666666666666664,0.25,0.07142857142857142,0.25,0.041666666666666664,0.30000000000000004,0.07317073170731707
YAHOO,Yahoo_A2synthetic_44_data.out,100,0.962740006295247,0.10317290063443814,0.1111111111111111,0.3333333333333333,0.16666666666666666,0.3333333333333333,0.08695652173913043,0.4000000000000001,0.14285714285714288
YAHOO,Yahoo_A2synthetic_45_data.out,100,0.930281690140845,0.005,0.0,0.0,0.0,0.0,0.0,0.0,0.0
YAHOO,Yahoo_A2synthetic_46_data.out,100,0.9894142554693013,0.10820082695082694,0.11538461538461539,0.75,0.2,0.75,0.09090909090909091,0.8,0.163265306122449
YAHOO,Yahoo_A2synthetic_47_data.out,100,0.9724582939880391,0.14646205207834428,0.13636363636363635,0.6666666666666666,0.22641509433962265,0.6666666666666666,0.06896551724137931,0.6666666666666666,0.125
YAHOO,Yahoo_A2synthetic_48_data.out,100,0.9992957746478873,0.25,0.02702702702702703,1.0,0.05263157894736842,1.0,0.034482758620689655,1.0,0.06666666666666667
YAHOO,Yahoo_A2synthetic_49_data.out,100,0.9948835568101623,0.3092261904761905,0.1,1.0,0.18181818181818182,0.0,0.1,1.0,0.18181818181818182
YAHOO,Yahoo_A2synthetic_4_data.out,100,0.3712949894142555,0.0020950940867360958,0.0,0.0,0.0,0.0,0.0,0.0,0.0
YAHOO,Yahoo_A2synthetic_50_data.out,100,0.8974268177525968,0.06293675962575805,0.04,0.1111111111111111,0.058823529411764705,0.1111111111111111,0.04,0.15555555555555556,0.06363636363636364
YAHOO,Yahoo_A2synthetic_51_data.out,100,0.9975352112676057,0.5625,0.025,1.0,0.04878048780487805,0.0,0.03333333333333333,1.0,0.06451612903225806
YAHOO,Yahoo_A2synthetic_52_data.out,100,0.8449188426252646,0.08502848188385466,0.09523809523809523,0.5,0.16,0.5,0.05,0.5,0.09090909090909091
YAHOO,Yahoo_A2synthetic_53_data.out,100,0.9755272269436576,0.11462122950083997,0.13513513513513514,0.5555555555555556,0.21739130434782608,0.5555555555555556,0.11538461538461539,0.48888888888888893,0.1867043847241867
YAHOO,Yahoo_A2synthetic_54_data.out,100,0.893661971830986,0.003289473684210526,0.0,0.0,0.0,0.0,0.0,0.0,0.0
YAHOO,Yahoo_A2synthetic_55_data.out,100,0.9948835568101623,0.19578754578754579,0.10810810810810811,1.0,0.1951219512195122,1.0,0.07692307692307693,1.0,0.14285714285714288
YAHOO,Yahoo_A2synthetic_56_data.out,100,0.9842225369845766,0.20918377739318475,0.175,0.7777777777777778,0.2857142857142857,0.7777777777777778,0.1,0.8222222222222223,0.17831325301204823
YAHOO,Yahoo_A2synthetic_57_data.out,100,0.945774647887324,0.00641025641025641,0.0,0.0,0.0,0.0,0.0,0.0,0.0
YAHOO,Yahoo_A2synthetic_58_data.out,100,0.9894142554693013,0.10843154932828847,0.1111111111111111,1.0,0.2,0.0,0.06451612903225806,1.0,0.12121212121212122
YAHOO,Yahoo_A2synthetic_59_data.out,100,0.9709631728045327,0.10328933346435903,0.15384615384615385,0.4444444444444444,0.22857142857142856,0.4444444444444444,0.09523809523809523,0.48888888888888893,0.15942028985507245
YAHOO,Yahoo_A2synthetic_5_data.out,100,0.9860324205225055,0.17055660638806458,0.21212121212121213,0.7777777777777778,0.3333333333333333,0.7777777777777778,0.13043478260869565,0.8222222222222223,0.22515212981744423
YAHOO,Yahoo_A2synthetic_60_data.out,100,0.9866197183098592,0.025,0.02631578947368421,1.0,0.05128205128205128,0.0,0.125,1.0,0.2222222222222222
YAHOO,Yahoo_A2synthetic_61_data.out,100,0.4169019054340155,0.0023536923653975353,0.0,0.0,0.0,0.0,0.0,0.0,0.0
YAHOO,Yahoo_A2synthetic_62_data.out,100,0.984537299338999,0.22606089690502262,0.16666666666666666,0.7777777777777778,0.27450980392156865,0.7777777777777778,0.2,0.8222222222222223,0.32173913043478264
YAHOO,Yahoo_A2synthetic_63_data.out,100,0.9982394366197183,0.5833333333333334,0.023809523809523808,1.0,0.046511627906976744,0.0,0.16666666666666666,1.0,0.2857142857142857
YAHOO,Yahoo_A2synthetic_64_data.out,100,0.7766407904022582,0.005727720722285296,0.0,0.0,0.0,0.0,0.0,0.0,0.0
YAHOO,Yahoo_A2synthetic_65_data.out,100,0.979186339313818,0.21965309794619686,0.13953488372093023,0.6666666666666666,0.23076923076923078,0.6666666666666666,0.2222222222222222,0.6666666666666666,0.3333333333333333
YAHOO,Yahoo_A2synthetic_66_data.out,100,0.08908450704225351,0.0003518648838845883,0.0,0.0,0.0,0.0,0.0,0.0,0.0
YAHOO,Yahoo_A2synthetic_67_data.out,100,0.9952364149611856,0.3263611694677871,0.11428571428571428,1.0,0.20512820512820512,0.0,0.2857142857142857,1.0,0.4444444444444445
YAHOO,Yahoo_A2synthetic_68_data.out,100,0.7611347182876929,0.026002724248694774,0.05263157894736842,0.2222222222222222,0.0851063829787234,0.2222222222222222,0.05,0.24444444444444446,0.08301886792452831
YAHOO,Yahoo_A2synthetic_69_data.out,100,0.9985915492957746,0.6,0.02631578947368421,1.0,0.05128205128205128,0.0,0.125,1.0,0.2222222222222222
YAHOO,Yahoo_A2synthetic_6_data.out,100,0.8669014084507042,0.002617801047120419,0.0,0.0,0.0,0.0,0.0,0.0,0.0
YAHOO,Yahoo_A2synthetic_70_data.out,100,0.9842978122794637,0.21705755934862092,0.07142857142857142,0.75,0.13043478260869565,0.0,0.1,0.8,0.1777777777777778
YAHOO,Yahoo_A2synthetic_71_data.out,100,0.724228832231665,0.020765676056327224,0.029411764705882353,0.1111111111111111,0.046511627906976744,0.1111111111111111,0.029411764705882353,0.15555555555555556,0.04946996466431095
YAHOO,Yahoo_A2synthetic_72_data.out,100,0.9975352112676056,0.5625,0.02631578947368421,1.0,0.05128205128205128,0.0,0.1,1.0,0.18181818181818182
YAHOO,Yahoo_A2synthetic_73_data.out,100,0.9742413549753,0.0485163610898905,0.06896551724137931,0.5,0.12121212121212122,0.5,0.07692307692307693,0.6000000000000001,0.13636363636363638
YAHOO,Yahoo_A2synthetic_74_data.out,100,0.9732058545797921,0.17342865615284145,0.14285714285714285,0.6666666666666666,0.23529411764705882,0.6666666666666666,0.17647058823529413,0.7333333333333334,0.28448275862068967
YAHOO,Yahoo_A2synthetic_75_data.out,100,0.9908450704225353,0.03571428571428571,0.02631578947368421,1.0,0.05128205128205128,0.0,0.030303030303030304,1.0,0.05882352941176471
YAHOO,Yahoo_A2synthetic_76_data.out,100,0.990119971771348,0.1231960257221168,0.09090909090909091,1.0,0.16666666666666666,0.0,0.08928571428571429,1.0,0.1639344262295082
YAHOO,Yahoo_A2synthetic_77_data.out,100,0.9883537928863708,0.3271030604978909,0.17777777777777778,0.8888888888888888,0.2962962962962963,0.8888888888888888,0.23076923076923078,0.9111111111111111,0.36826347305389223
YAHOO,Yahoo_A2synthetic_78_data.out,100,0.18978873239436617,0.00043402777777777775,0.0,0.0,0.0,0.0,0.0,0.0,0.0
YAHOO,Yahoo_A2synthetic_79_data.out,100,0.9927664079040226,0.2847222222222222,0.1,1.0,0.18181818181818182,0.0,0.125,1.0,0.2222222222222222
YAHOO,Yahoo_A2synthetic_7_data.out,100,0.9825335215243471,0.07127783134642356,0.06666666666666667,0.5,0.11764705882352941,0.0,0.08,0.6000000000000001,0.14117647058823532
YAHOO,Yahoo_A2synthetic_80_data.out,100,0.7539345294302802,0.04699194901900349,0.07142857142857142,0.2222222222222222,0.10810810810810811,0.2222222222222222,0.08333333333333333,0.3111111111111111,0.13145539906103287
YAHOO,Yahoo_A2synthetic_81_data.out,100,0.9985915492957746,0.6,0.025,1.0,0.04878048780487805,0.0,0.07142857142857142,1.0,0.13333333333333333
YAHOO,Yahoo_A2synthetic_82_data.out,100,0.9737120677487652,0.07255046973824851,0.058823529411764705,0.5,0.10526315789473684,0.5,0.03571428571428571,0.5,0.06666666666666667
YAHOO,Yahoo_A2synthetic_83_data.out,100,0.9874095058231036,0.2593615485793924,0.18604651162790697,0.8888888888888888,0.3076923076923077,0.8888888888888888,0.1875,0.9111111111111111,0.31099873577749687
YAHOO,Yahoo_A2synthetic_84_data.out,100,0.9950704225352112,0.0625,0.02631578947368421,1.0,0.05128205128205128,0.0,0.04,1.0,0.07692307692307693
YAHOO,Yahoo_A2synthetic_85_data.out,100,0.9172547635850388,0.021305908137618075,0.03125,0.25,0.05555555555555555,0.25,0.03225806451612903,0.30000000000000004,0.05825242718446602
YAHOO,Yahoo_A2synthetic_86_data.out,100,0.9861898016997167,0.28238410034748707,0.17391304347826086,0.8888888888888888,0.2909090909090909,0.0,0.1875,0.9111111111111111,0.31099873577749687
YAHOO,Yahoo_A2synthetic_87_data.out,100,0.9943661971830986,0.05555555555555555,0.03333333333333333,1.0,0.06451612903225806,1.0,0.03333333333333333,1.0,0.06451612903225806
YAHOO,Yahoo_A2synthetic_88_data.out,100,0.9798870853916726,0.2089292135224749,0.07692307692307693,0.75,0.13953488372093023,0.0,0.09090909090909091,0.8,0.163265306122449
YAHOO,Yahoo_A2synthetic_89_data.out,100,0.9767075857727416,0.1898183485801452,0.14634146341463414,0.6666666666666666,0.24,0.6666666666666666,0.1111111111111111,0.6666666666666666,0.1904761904761905
YAHOO,Yahoo_A2synthetic_8_data.out,100,0.5415486307837583,0.006404203597678371,0.0,0.0,0.0,0.0,0.0,0.0,0.0
YAHOO,Yahoo_A2synthetic_90_data.out,100,0.995774647887324,0.07142857142857142,0.023809523809523808,1.0,0.046511627906976744,0.0,0.038461538461538464,1.0,0.07407407407407407
YAHOO,Yahoo_A2synthetic_91_data.out,100,0.9948835568101623,0.3092261904761905,0.1,1.0,0.18181818181818182,0.0,0.1111111111111111,1.0,0.19999999999999998
YAHOO,Yahoo_A2synthetic_92_data.out,100,0.8791312559017941,0.04184610127742758,0.047619047619047616,0.1111111111111111,0.06666666666666667,0.1111111111111111,0.047619047619047616,0.15555555555555556,0.07291666666666666
YAHOO,Yahoo_A2synthetic_93_data.out,100,0.9982394366197183,0.5833333333333334,0.023809523809523808,1.0,0.046511627906976744,0.0,0.06666666666666667,1.0,0.125
YAHOO,Yahoo_A2synthetic_94_data.out,100,0.9932956951305574,0.5677348014304536,0.16,1.0,0.27586206896551724,1.0,0.09523809523809523,1.0,0.17391304347826084
YAHOO,Yahoo_A2synthetic_95_data.out,100,0.9872521246458924,0.2575018804420922,0.175,0.7777777777777778,0.2857142857142857,0.7777777777777778,0.2,0.8222222222222223,0.32173913043478264
YAHOO,Yahoo_A2synthetic_96_data.out,100,0.9049295774647887,0.003676470588235294,0.0,0.0,0.0,0.0,0.0,0.0,0.0
YAHOO,Yahoo_A2synthetic_97_data.out,100,0.9952364149611856,0.3263611694677871,0.1111111111111111,1.0,0.2,0.0,0.09090909090909091,1.0,0.16666666666666669
YAHOO,Yahoo_A2synthetic_98_data.out,100,0.9809175322631414,0.19999008609461294,0.15555555555555556,0.7777777777777778,0.25925925925925924,0.7777777777777778,0.13333333333333333,0.7333333333333334,0.22564102564102564
YAHOO,Yahoo_A2synthetic_99_data.out,100,0.9862676056338028,0.023809523809523808,0.043478260869565216,1.0,0.08333333333333333,0.0,0.043478260869565216,1.0,0.08333333333333333
YAHOO,Yahoo_A2synthetic_9_data.out,100,0.9915492957746479,0.038461538461538464,0.038461538461538464,1.0,0.07407407407407407,0.0,0.041666666666666664,1.0,0.07999999999999999
KDD21,001_UCR_Anomaly_DISTORTED1sddb40_35000_52000_52620.txt,100,0.5969179988581217,0.029528369345471872,0.019138755980861243,0.01935483870967742,0.019246190858059342,0.01935483870967742,0.0196078431372549,0.20129032258064516,0.03573473828885581
KDD21,002_UCR_Anomaly_DISTORTED2sddb40_35000_56600_56900.txt,100,0.32630830527497195,0.0071302176545705665,0.0016233766233766235,0.0033333333333333335,0.002183406113537118,0.0033333333333333335,0.0016611295681063123,0.2026666666666667,0.0032952500704576497
KDD21,003_UCR_Anomaly_DISTORTED3sddb40_35000_46600_46900.txt,100,0.5766348484848485,0.012579334816756632,0.009749303621169917,0.023333333333333334,0.0137524557956778,0.023333333333333334,0.009900990099009901,0.2026666666666667,0.018879642280462055
KDD21,004_UCR_Anomaly_DISTORTEDBIDMC1_2500_5400_5600.txt,100,0.5979796296296296,0.1462201672979563,0.2847682119205298,0.215,0.245014245014245,0.215,0.0975609756097561,0.24300000000000002,0.1392250948936475
KDD21,005_UCR_Anomaly_DISTORTEDCIMIS44AirTemperature1_4000_5391_5392.txt,100,0.1994378589759257,6.109481915933529e-05,0.0,0.0,0.0,0.0,0.0,0.0,0.0
KDD21,006_UCR_Anomaly_DISTORTEDCIMIS44AirTemperature2_4000_5703_5727.txt,100,0.40918096405228754,0.002266476439935656,0.0,0.0,0.0,0.0,0.0,0.0,0.0
KDD21,007_UCR_Anomaly_DISTORTEDCIMIS44AirTemperature3_4000_6520_6544.txt,100,0.5680734272875817,0.005105927299467962,0.011764705882352941,0.08333333333333333,0.020618556701030927,0.08333333333333333,0.009433962264150943,0.26666666666666666,0.018223234624145785
KDD21,008_UCR_Anomaly_DISTORTEDCIMIS44AirTemperature4_4000_5549_5597.txt,100,0.621196175434284,0.010442357882393621,0.012121212121212121,0.041666666666666664,0.018779342723004695,0.041666666666666664,0.01834862385321101,0.21666666666666667,0.03383214053350683
KDD21,009_UCR_Anomaly_DISTORTEDCIMIS44AirTemperature5_4000_4852_4900.txt,100,0.45093437602425435,0.00481008541766433,0.0,0.0,0.0,0.0,0.0,0.0,0.0
KDD21,010_UCR_Anomaly_DISTORTEDCIMIS44AirTemperature6_4000_6006_6054.txt,100,0.4610130387577843,0.005010705699954629,0.0055248618784530384,0.020833333333333332,0.008733624454148471,0.020833333333333332,0.008264462809917356,0.21666666666666667,0.015921616656460504
KDD21,011_UCR_Anomaly_DISTORTEDECG1_10000_11800_12100.txt,100,0.5465377987421384,0.015988817389995705,0.058333333333333334,0.023333333333333334,0.03333333333333333,0.023333333333333334,0.060240963855421686,0.20373333333333335,0.09298702563228743
KDD21,012_UCR_Anomaly_DISTORTEDECG2_15000_16000_16100.txt,100,0.5162771626297578,0.0052184272662907216,0.010362694300518135,0.02,0.013651877133105802,0.02,0.007633587786259542,0.21600000000000003,0.014746040415073729
KDD21,013_UCR_Anomaly_DISTORTEDECG3_15000_16000_16100.txt,100,0.3434164359861592,0.002518975782473371,0.0014044943820224719,0.01,0.0024630541871921183,0.0,0.0016051364365971107,0.20800000000000002,0.0031856889052257554
KDD21,014_UCR_Anomaly_DISTORTEDECG3_8000_17000_17100.txt,100,0.37065824372759854,0.012711888478348905,0.002255639097744361,0.03,0.004195804195804196,0.0,0.002881844380403458,0.20800000000000002,0.005684924018803979
KDD21,015_UCR_Anomaly_DISTORTEDECG4_5000_16800_17100.txt,100,0.5540907407407407,0.014796959402448445,0.007352941176470588,0.013333333333333334,0.009478672985781991,0.013333333333333334,0.007407407407407408,0.2026666666666667,0.014292430653502587
KDD21,016_UCR_Anomaly_DISTORTEDECG4_5000_16900_17100.txt,100,0.3861082437275986,0.009575687943464369,0.0054869684499314125,0.02,0.008611410118406888,0.0,0.004267425320056899,0.20533333333333334,0.008361082959316635
KDD21,017_UCR_Anomaly_DISTORTEDECG4_5000_17000_17100.txt,100,0.46625806451612906,0.013195733384109985,0.0037313432835820895,0.03,0.00663716814159292,0.0,0.004043126684636119,0.20800000000000002,0.007932068947983933
KDD21,018_UCR_Anomaly_DISTORTEDECG4_8000_17000_17100.txt,100,0.3365274193548387,0.012554506643063094,0.002271006813020439,0.03,0.00422237860661506,0.0,0.0028929604628736743,0.20800000000000002,0.005706551560156565
KDD21,019_UCR_Anomaly_DISTORTEDGP711MarkerLFM5z1_5000_6168_6212.txt,100,0.16250874418321726,0.001963606493950117,0.0,0.0,0.0,0.0,0.0,0.0,0.0
KDD21,020_UCR_Anomaly_DISTORTEDGP711MarkerLFM5z2_5000_7175_7388.txt,100,0.31436101123582083,0.014152794305446859,0.009389671361502348,0.009389671361502348,0.009389671361502348,0.009389671361502348,0.009389671361502348,0.20375586854460095,0.017952058902608013
KDD21,021_UCR_Anomaly_DISTORTEDGP711MarkerLFM5z3_5000_5948_5993.txt,100,0.33112691110181697,0.0025612813643291696,0.0,0.0,0.0,0.0,0.0,0.0,0.0
KDD21,022_UCR_Anomaly_DISTORTEDGP711MarkerLFM5z4_4000_6527_6645.txt,100,0.5339057939797842,0.01468242823843979,0.012658227848101266,0.01694915254237288,0.014492753623188406,0.01694915254237288,0.012658227848101266,0.20677966101694917,0.02385608134532655
KDD21,023_UCR_Anomaly_DISTORTEDGP711MarkerLFM5z5_5000_8612_8716.txt,100,0.292718383037608,0.005577113424642155,0.0,0.0,0.0,0.0,0.0,0.0,0.0
KDD21,024_UCR_Anomaly_DISTORTEDInternalBleeding10_3200_4526_4556.txt,100,0.4996586802302236,0.003605966678011785,0.0,0.0,0.0,0.0,0.0,0.0,0.0
KDD21,025_UCR_Anomaly_DISTORTEDInternalBleeding14_2800_5607_5634.txt,100,0.5531546397883031,0.003898020050301422,0.0047169811320754715,0.037037037037037035,0.008368200836820083,0.037037037037037035,0.004807692307692308,0.22962962962962963,0.009418198389791889
KDD21,026_UCR_Anomaly_DISTORTEDInternalBleeding15_1700_5684_5854.txt,100,0.471324815755935,0.02256187990061067,0.03773584905660377,0.047058823529411764,0.041884816753926704,0.047058823529411764,0.03773584905660377,0.20470588235294118,0.0637245925654642
KDD21,027_UCR_Anomaly_DISTORTEDInternalBleeding16_1200_4187_4199.txt,100,0.30413495348733693,0.0010528604332134298,0.0,0.0,0.0,0.0,0.0,0.0,0.0
KDD21,028_UCR_Anomaly_DISTORTEDInternalBleeding17_1600_3198_3309.txt,100,0.4291819224827751,0.012545217327145634,0.012738853503184714,0.018018018018018018,0.014925373134328358,0.018018018018018018,0.013071895424836602,0.20720720720720723,0.02459235498529805
KDD21,029_UCR_Anomaly_DISTORTEDInternalBleeding18_2300_4485_4587.txt,100,0.4731465578932303,0.012467065009013917,0.006666666666666667,0.00980392156862745,0.007936507936507936,0.00980392156862745,0.006666666666666667,0.20784313725490197,0.012918951858622794
KDD21,030_UCR_Anomaly_DISTORTEDInternalBleeding19_3000_4187_4197.txt,100,0.2710013351134846,0.0008348297744781084,0.0,0.0,0.0,0.0,0.0,0.0,0.0
KDD21,031_UCR_Anomaly_DISTORTEDInternalBleeding20_2700_5759_5919.txt,100,0.5046087363760218,0.020459887017006614,0.00625,0.00625,0.00625,0.00625,0.006289308176100629,0.20500000000000002,0.012204197053132908
KDD21,032_UCR_Anomaly_DISTORTEDInternalBleeding4_1000_4675_5033.txt,100,0.35995288744898213,0.03467727577369829,0.00641025641025641,0.002793296089385475,0.0038910505836575876,0.002793296089385475,0.006493506493506494,0.2022346368715084,0.012582988633598666
KDD21,033_UCR_Anomaly_DISTORTEDInternalBleeding5_4000_6200_6370.txt,100,0.24602362684204115,0.014258650820565072,0.016304347826086956,0.01764705882352941,0.01694915254237288,0.01764705882352941,0.01639344262295082,0.20470588235294118,0.030355896720167485
KDD21,034_UCR_Anomaly_DISTORTEDInternalBleeding6_1500_3474_3629.txt,100,0.5745342389737986,0.030028427384086783,0.03954802259887006,0.04516129032258064,0.04216867469879518,0.04516129032258064,0.040229885057471264,0.20516129032258065,0.06726904596415943
KDD21,035_UCR_Anomaly_DISTORTEDInternalBleeding8_2500_5865_5974.txt,100,0.5216363338496366,0.01604193572690081,0.014563106796116505,0.027522935779816515,0.01904761904761905,0.027522935779816515,0.014634146341463415,0.20733944954128442,0.027338709677419356
KDD21,036_UCR_Anomaly_DISTORTEDInternalBleeding9_4200_6599_6681.txt,100,0.44412253968880167,0.008962076938678,0.0,0.0,0.0,0.0,0.0,0.0,0.0
KDD21,037_UCR_Anomaly_DISTORTEDLab2Cmac011215EPG1_5000_17210_17260.txt,100,0.6810670127248477,0.007666309493948444,0.014539579967689823,0.18,0.026905829596412557,0.18,0.0102880658436214,0.2288,0.01969073158641202
KDD21,038_UCR_Anomaly_DISTORTEDLab2Cmac011215EPG2_5000_27862_27932.txt,100,0.5291372160569481,0.0046765071085005765,0.0045045045045045045,0.014285714285714285,0.00684931506849315,0.014285714285714285,0.0055248618784530384,0.21142857142857144,0.010768335273573923
KDD21,039_UCR_Anomaly_DISTORTEDLab2Cmac011215EPG3_5000_16390_16420.txt,100,0.6799889005724966,0.0018521547083116742,0.0,0.0,0.0,0.0,0.0,0.0,0.0
KDD21,040_UCR_Anomaly_DISTORTEDLab2Cmac011215EPG4_6000_17390_17520.txt,100,0.5094423872794599,0.00483014902299444,0.008948545861297539,0.03076923076923077,0.01386481802426343,0.03076923076923077,0.010471204188481676,0.20615384615384616,0.019930095932178184
KDD21,041_UCR_Anomaly_DISTORTEDLab2Cmac011215EPG5_7000_17390_17520.txt,100,0.5451611085757426,0.005285680162685386,0.010899182561307902,0.03076923076923077,0.01609657947686117,0.03076923076923077,0.012618296529968454,0.20615384615384616,0.02378100181906917
KDD21,042_UCR_Anomaly_DISTORTEDLab2Cmac011215EPG6_7000_12190_12420.txt,100,0.4127369049154948,0.016036657861852065,0.03211009174311927,0.06086956521739131,0.042042042042042045,0.06086956521739131,0.02368421052631579,0.2054106280193237,0.0424713938492614
KDD21,043_UCR_Anomaly_DISTORTEDMesoplodonDensirostris_10000_19280_19440.txt,100,0.6404916695506007,0.010298250214885752,0.010282776349614395,0.025,0.014571948998178506,0.025,0.007832898172323759,0.20666666666666667,0.015093727176823822
KDD21,044_UCR_Anomaly_DISTORTEDPowerDemand1_9000_18485_18821.txt,100,0.4565333137276358,0.02136780272072368,0.032520325203252036,0.05952380952380952,0.04206098843322818,0.05952380952380952,0.01903553299492386,0.20595238095238097,0.03484999059923183
KDD21,045_UCR_Anomaly_DISTORTEDPowerDemand2_14000_23357_23717.txt,100,0.48701643568712477,0.020822483298502423,0.022026431718061675,0.027777777777777776,0.02457002457002457,0.027777777777777776,0.016666666666666666,0.20444444444444446,0.03082077051926298
KDD21,046_UCR_Anomaly_DISTORTEDPowerDemand3_16000_23405_23477.txt,100,0.49003358607045566,0.004101751595249573,0.005940594059405941,0.041666666666666664,0.010398613518197574,0.041666666666666664,0.0060790273556231,0.21666666666666667,0.011826245167159426
KDD21,047_UCR_Anomaly_DISTORTEDPowerDemand4_18000_24005_24077.txt,100,0.5112581652334217,0.004023493917298406,0.009478672985781991,0.05555555555555555,0.016194331983805668,0.05555555555555555,0.01107011070110701,0.21481481481481482,0.02105517909002904
KDD21,048_UCR_Anomaly_DISTORTEDTkeepFifthMARS_3500_5988_6085.txt,100,0.4931623163169537,0.027535496864202876,0.052486187845303865,0.1958762886597938,0.08278867102396514,0.1958762886597938,0.01951951951951952,0.252233676975945,0.036234938500856316
KDD21,049_UCR_Anomaly_DISTORTEDTkeepFirstMARS_3500_5365_5380.txt,100,0.37639364410499515,0.0006575486586007364,0.0,0.0,0.0,0.0,0.0,0.0,0.0
KDD21,050_UCR_Anomaly_DISTORTEDTkeepForthMARS_3500_5988_6085.txt,100,0.4290957794581353,0.005993221128339703,0.01282051282051282,0.05154639175257732,0.02053388090349076,0.05154639175257732,0.01639344262295082,0.21374570446735397,0.030451385489082543
KDD21,051_UCR_Anomaly_DISTORTEDTkeepSecondMARS_3500_9330_9340.txt,100,0.702504833889963,0.006208322007368186,0.008174386920980926,0.3,0.015915119363395226,0.3,0.004166666666666667,0.44,0.00825515947467167
KDD21,052_UCR_Anomaly_DISTORTEDTkeepThirdMARS_3500_4711_4809.txt,100,0.5828719801926123,0.01644333417738833,0.020833333333333332,0.09183673469387756,0.033962264150943396,0.09183673469387756,0.021164021164021163,0.21836734693877552,0.03858810801063877
KDD21,053_UCR_Anomaly_DISTORTEDWalkingAceleration1_1500_2764_2995.txt,100,0.47560683543947146,0.032148657570019654,0.024242424242424242,0.017316017316017316,0.020202020202020204,0.017316017316017316,0.022556390977443608,0.20346320346320348,0.04061059907834101
KDD21,054_UCR_Anomaly_DISTORTEDWalkingAceleration5_2700_5920_5979.txt,100,0.695377038695235,0.014041728341919189,0.006172839506172839,0.01694915254237288,0.00904977375565611,0.01694915254237288,0.007751937984496124,0.21355932203389832,0.014960816908097838
KDD21,055_UCR_Anomaly_DISTORTEDapneaecg2_10000_20950_21100.txt,100,0.52703216080402,0.007378147812102813,0.016666666666666666,0.06666666666666667,0.02666666666666667,0.06666666666666667,0.012698412698412698,0.21333333333333335,0.023970037453183518
KDD21,056_UCR_Anomaly_DISTORTEDapneaecg3_5000_11111_11211.txt,100,0.5241936103956019,0.004172634928697767,0.0019267822736030828,0.01,0.0032310177705977385,0.01,0.003436426116838488,0.20800000000000002,0.006761149395397218
KDD21,057_UCR_Anomaly_DISTORTEDapneaecg4_6000_16000_16100.txt,100,0.4188581939799331,0.002025997977099879,0.0,0.0,0.0,0.0,0.0,0.0,0.0
KDD21,058_UCR_Anomaly_DISTORTEDapneaecg_10000_12240_12308.txt,100,0.5550217676500895,0.0033676522837685135,0.003898635477582846,0.029411764705882353,0.0068846815834767644,0.029411764705882353,0.007272727272727273,0.21176470588235297,0.0140625
KDD21,059_UCR_Anomaly_DISTORTEDgait1_20000_38500_38800.txt,100,0.4975284511784512,0.013955950764314135,0.017013232514177693,0.03,0.021712907117008445,0.03,0.017341040462427744,0.2026666666666667,0.03194843410635465
KDD21,060_UCR_Anomaly_DISTORTEDgait2_22000_46500_46800.txt,100,0.5204762065095399,0.013484467263399053,0.011419249592169658,0.023333333333333334,0.01533406352683461,0.023333333333333334,0.011965811965811967,0.2026666666666667,0.022597430179462676
KDD21,061_UCR_Anomaly_DISTORTEDgait3_24500_59900_60500.txt,100,0.49843017094017095,0.03219142132145632,0.03667481662591687,0.025,0.02973240832507433,0.025,0.03508771929824561,0.20142857142857143,0.05976475574864893
KDD21,062_UCR_Anomaly_DISTORTEDgaitHunt1_18500_33070_33180.txt,100,0.503532041728763,0.0033985032723543116,0.0,0.0,0.0,0.0,0.0,0.0,0.0
KDD21,063_UCR_Anomaly_DISTORTEDgaitHunt2_18500_31200_31850.txt,100,0.5428546193159481,0.024301672242702,0.013888888888888888,0.007692307692307693,0.009900990099009901,0.007692307692307693,0.013966480446927373,0.20123076923076924,0.02612008850476472
KDD21,064_UCR_Anomaly_DISTORTEDgaitHunt3_23400_38400_39200.txt,100,0.4960623287671233,0.02636959885250094,0.012797074954296161,0.00875,0.010393466963622866,0.00875,0.01282051282051282,0.201,0.024103609545509053
KDD21,065_UCR_Anomaly_DISTORTEDinsectEPG1_3000_7000_7030.txt,100,0.45592551733360076,0.0024998408215878725,0.0,0.0,0.0,0.0,0.0,0.0,0.0
KDD21,066_UCR_Anomaly_DISTORTEDinsectEPG2_3700_8000_8025.txt,100,0.5276626892610047,0.002436870782393962,0.0,0.0,0.0,0.0,0.0,0.0,0.0
KDD21,067_UCR_Anomaly_DISTORTEDinsectEPG3_5200_7000_7050.txt,100,0.42149577804583843,0.0038715031234553645,0.0,0.0,0.0,0.0,0.0,0.0,0.0
KDD21,068_UCR_Anomaly_DISTORTEDinsectEPG4_1300_6508_6558.txt,100,0.5073612786489747,0.004821417156952695,0.0,0.0,0.0,0.0,0.0,0.0,0.0
KDD21,069_UCR_Anomaly_DISTORTEDinsectEPG5_3200_8500_8501.txt,100,0.7830358033310063,0.00022914757103574703,0.0,0.0,0.0,0.0,0.0,0.0,0.0
KDD21,070_UCR_Anomaly_DISTORTEDltstdbs30791AI_17555_52600_52800.txt,100,0.772606969382743,0.041879135272871834,0.018633540372670808,0.06,0.02843601895734597,0.06,0.029850746268656716,0.20600000000000002,0.05214529806353626
KDD21,071_UCR_Anomaly_DISTORTEDltstdbs30791AS_23000_52600_52800.txt,100,0.7185718023255815,0.03370213035775517,0.022598870056497175,0.06,0.03283173734610123,0.06,0.028938906752411574,0.20533333333333334,0.05072835077959154
KDD21,072_UCR_Anomaly_DISTORTEDltstdbs30791ES_20000_52600_52800.txt,100,0.47868793604651166,0.010236541254645154,0.005660377358490566,0.015,0.00821917808219178,0.015,0.006289308176100629,0.20400000000000001,0.012202416557004426
KDD21,073_UCR_Anomaly_DISTORTEDpark3m_60000_72150_72495.txt,100,0.4576770053685011,0.013896816571337092,0.016260162601626018,0.02318840579710145,0.019115890083632018,0.02318840579710145,0.01639344262295082,0.20231884057971017,0.030329364734509433
KDD21,074_UCR_Anomaly_DISTORTEDqtdbSel1005V_4000_12400_12800.txt,100,0.5370869444444444,0.015117891833892703,0.006775067750677507,0.0125,0.008787346221441126,0.0125,0.0048,0.20333333333333334,0.009378603459320949
KDD21,075_UCR_Anomaly_DISTORTEDqtdbSel100MLII_4000_13400_13800.txt,100,0.48576513392857146,0.013113916584183618,0.009554140127388535,0.015,0.011673151750972763,0.015,0.011494252873563218,0.203,0.021756604683564655
KDD21,076_UCR_Anomaly_DISTORTEDresperation10_48000_130700_131880.txt,100,0.5441927392700455,0.04670494480146317,0.04181818181818182,0.019491525423728815,0.026589595375722544,0.019491525423728815,0.041970802919708027,0.20067796610169492,0.06942227977953734
KDD21,077_UCR_Anomaly_DISTORTEDresperation11_58000_110800_110801.txt,100,0.46354878495949864,3.10539718029936e-05,0.0,0.0,0.0,0.0,0.0,0.0,0.0
KDD21,078_UCR_Anomaly_DISTORTEDresperation1_100000_110260_110412.txt,100,0.41858233029807157,0.004035118399543656,0.0018281535648994515,0.006578947368421052,0.002861230329041488,0.006578947368421052,0.001838235294117647,0.20526315789473684,0.0036438381762122773
KDD21,080_UCR_Anomaly_DISTORTEDresperation2_30000_168250_168251.txt,100,0.0874529150971699,1.6666666666666667e-05,0.0,0.0,0.0,0.0,0.0,0.0,0.0
KDD21,081_UCR_Anomaly_DISTORTEDresperation3_45000_158250_158251.txt,100,0.09866995566518882,1.6666666666666667e-05,0.0,0.0,0.0,0.0,0.0,0.0,0.0
KDD21,082_UCR_Anomaly_DISTORTEDresperation4_70000_128430_128431.txt,100,0.8102103403446781,8.667013347200555e-05,0.0,0.0,0.0,0.0,0.0,0.0,0.0
KDD21,083_UCR_Anomaly_DISTORTEDresperation9_38000_143411_143511.txt,100,0.43672943143812704,0.0027487922728283627,0.003683241252302026,0.02,0.006220839813374806,0.0,0.003683241252302026,0.20800000000000002,0.007238307349665925
KDD21,084_UCR_Anomaly_DISTORTEDs20101mML2_12000_35774_35874.txt,100,0.6032638816271044,0.01133063521669926,0.004668534080298786,0.05,0.008539709649871904,0.0,0.011111111111111112,0.21000000000000002,0.021105527638190957
KDD21,085_UCR_Anomaly_DISTORTEDs20101m_10000_35774_35874.txt,100,0.4444476105824532,0.004228730459832215,0.0,0.0,0.0,0.0,0.0,0.0,0.0
KDD21,086_UCR_Anomaly_DISTORTEDsddb49_20000_67950_68200.txt,100,0.6001006716417912,0.011415028460842035,0.013071895424836602,0.024,0.01692524682651622,0.024,0.013071895424836602,0.20320000000000002,0.024563609109810935
KDD21,087_UCR_Anomaly_DISTORTEDsel840mECG1_17000_51370_51740.txt,100,0.5437426506472078,0.02079843379939879,0.017350157728706624,0.02972972972972973,0.021912350597609563,0.02972972972972973,0.018551236749116608,0.20216216216216218,0.03398396427659676
KDD21,088_UCR_Anomaly_DISTORTEDsel840mECG2_20000_49370_49740.txt,100,0.4793378797242056,0.019764723011684124,0.014462809917355372,0.01891891891891892,0.01639344262295082,0.01891891891891892,0.014354066985645933,0.20252252252252254,0.026808074223066712
KDD21,089_UCR_Anomaly_DISTORTEDtiltAPB1_100000_114283_114350.txt,100,0.46133180022448145,0.001901683796073255,0.0,0.0,0.0,0.0,0.0,0.0,0.0
KDD21,090_UCR_Anomaly_DISTORTEDtiltAPB2_50000_124159_124985.txt,100,0.5369326744502941,0.046588624126811445,0.03553299492385787,0.01694915254237288,0.022950819672131147,0.01694915254237288,0.03598971722365039,0.20096852300242132,0.06104704615303791
KDD21,091_UCR_Anomaly_DISTORTEDtiltAPB3_40000_114000_114370.txt,100,0.44710091123860946,0.010226599915391764,0.0035335689045936395,0.005405405405405406,0.004273504273504274,0.005405405405405406,0.003590664272890485,0.20216216216216218,0.007056004678848022
KDD21,092_UCR_Anomaly_DISTORTEDtiltAPB4_20000_67995_67996.txt,100,0.8163272109070302,9.066183136899366e-05,0.0,0.0,0.0,0.0,0.0,0.0,0.0
KDD21,093_UCR_Anomaly_NOISE1sddb40_35000_52000_52620.txt,100,0.5911034772392895,0.028143085514634437,0.024875621890547265,0.024193548387096774,0.024529844644317254,0.024193548387096774,0.025423728813559324,0.20129032258064516,0.04514542034437853
KDD21,094_UCR_Anomaly_NOISEBIDMC1_2500_5400_5600.txt,100,0.5953953703703704,0.15039558467429617,0.32653061224489793,0.24,0.276657060518732,0.24,0.14080459770114942,0.22133333333333335,0.17211536426923973
KDD21,095_UCR_Anomaly_NOISECIMIS44AirTemperature4_4000_5549_5597.txt,100,0.6030118198951163,0.01135101673845189,0.010582010582010581,0.041666666666666664,0.016877637130801686,0.041666666666666664,0.014492753623188406,0.21666666666666667,0.02716823406478579
KDD21,096_UCR_Anomaly_NOISEECG4_5000_16900_17100.txt,100,0.3697665770609319,0.009723195523451963,0.009689922480620155,0.025,0.013966480446927373,0.0,0.007797270955165692,0.20500000000000002,0.015023130124124031
KDD21,097_UCR_Anomaly_NOISEGP711MarkerLFM5z3_5000_5948_5993.txt,100,0.30046656443143266,0.002419901636509565,0.0,0.0,0.0,0.0,0.0,0.0,0.0
KDD21,098_UCR_Anomaly_NOISEInternalBleeding16_1200_4187_4199.txt,100,0.31243601726977344,0.0010591112416663267,0.0,0.0,0.0,0.0,0.0,0.0,0.0
KDD21,099_UCR_Anomaly_NOISEInternalBleeding6_1500_3474_3629.txt,100,0.5541839987267119,0.03378492684672893,0.042328042328042326,0.05161290322580645,0.046511627906976744,0.05161290322580645,0.043478260869565216,0.20516129032258065,0.0717509025270758
KDD21,100_UCR_Anomaly_NOISELab2Cmac011215EPG1_5000_17210_17260.txt,100,0.6385191593670019,0.006580833725016136,0.011164274322169059,0.14,0.0206794682422452,0.14,0.007722007722007722,0.228,0.014938085566402411
KDD21,101_UCR_Anomaly_NOISELab2Cmac011215EPG4_6000_17390_17520.txt,100,0.5078609766041697,0.004800173770326107,0.005,0.015384615384615385,0.007547169811320755,0.015384615384615385,0.005555555555555556,0.20615384615384616,0.01081953976584578
KDD21,102_UCR_Anomaly_NOISEMesoplodonDensirostris_10000_19280_19440.txt,100,0.616999091560785,0.010026943224571391,0.010526315789473684,0.025,0.014814814814814815,0.025,0.008064516129032258,0.20666666666666667,0.015523284927391086
KDD21,103_UCR_Anomaly_NOISETkeepThirdMARS_3500_4711_4809.txt,100,0.5793747382985308,0.02973279011251065,0.028169014084507043,0.10204081632653061,0.04415011037527594,0.10204081632653061,0.02734375,0.21166180758017494,0.04843090352891845
KDD21,104_UCR_Anomaly_NOISEapneaecg4_6000_16000_16100.txt,100,0.43175418060200677,0.0021593742801322337,0.0,0.0,0.0,0.0,0.0,0.0,0.0
KDD21,105_UCR_Anomaly_NOISEgait3_24500_59900_60500.txt,100,0.4844099572649573,0.03086198576434638,0.03271028037383177,0.023333333333333334,0.027237354085603113,0.023333333333333334,0.0343980343980344,0.20133333333333334,0.05875731339550009
KDD21,106_UCR_Anomaly_NOISEgaitHunt2_18500_31200_31850.txt,100,0.549323627309658,0.023530217736886405,0.010526315789473684,0.004615384615384616,0.006417112299465241,0.004615384615384616,0.010638297872340425,0.20123076923076924,0.020208262522015883
KDD21,107_UCR_Anomaly_NOISEinsectEPG3_5200_7000_7050.txt,100,0.4756664656212304,0.004440651012743017,0.0,0.0,0.0,0.0,0.0,0.0,0.0
KDD21,109_UCR_Anomaly_1sddb40_35000_52000_52620.txt,100,0.5886430861459409,0.028080903341224747,0.026402640264026403,0.025806451612903226,0.026101141924959218,0.025806451612903226,0.026936026936026935,0.20129032258064516,0.047513896291784055
KDD21,110_UCR_Anomaly_2sddb40_35000_56600_56900.txt,100,0.31207356902356903,0.0070857860229517275,0.0015923566878980893,0.0033333333333333335,0.0021551724137931034,0.0033333333333333335,0.0016286644951140066,0.2026666666666667,0.0032313612109100957
KDD21,111_UCR_Anomaly_3sddb40_35000_46600_46900.txt,100,0.5556414702581369,0.011415765864872213,0.0056022408963585435,0.013333333333333334,0.007889546351084813,0.013333333333333334,0.005689900426742532,0.2026666666666667,0.011069035828721237
KDD21,112_UCR_Anomaly_BIDMC1_2500_5400_5600.txt,100,0.583025462962963,0.1313774382647739,0.2662337662337662,0.205,0.23163841807909605,0.205,0.1111111111111111,0.24100000000000002,0.15209845377090564
KDD21,113_UCR_Anomaly_CIMIS44AirTemperature1_4000_5391_5392.txt,100,0.19564951729194674,6.109481915933529e-05,0.0,0.0,0.0,0.0,0.0,0.0,0.0
KDD21,114_UCR_Anomaly_CIMIS44AirTemperature2_4000_5703_5727.txt,100,0.3820874183006537,0.0021774699125984096,0.0,0.0,0.0,0.0,0.0,0.0,0.0
KDD21,115_UCR_Anomaly_CIMIS44AirTemperature3_4000_6520_6544.txt,100,0.5351945465686274,0.00472050490417202,0.011111111111111112,0.08333333333333333,0.0196078431372549,0.08333333333333333,0.007874015748031496,0.26666666666666666,0.015296367112810709
KDD21,116_UCR_Anomaly_CIMIS44AirTemperature4_4000_5549_5597.txt,100,0.6412165068829893,0.011010633468401136,0.0111731843575419,0.041666666666666664,0.01762114537444934,0.041666666666666664,0.015873015873015872,0.21666666666666667,0.02957906712172924
KDD21,117_UCR_Anomaly_CIMIS44AirTemperature5_4000_4852_4900.txt,100,0.5467469682071452,0.006157878696143093,0.0,0.0,0.0,0.0,0.0,0.0,0.0
KDD21,118_UCR_Anomaly_CIMIS44AirTemperature6_4000_6006_6054.txt,100,0.44559032899049494,0.004776619250572274,0.0,0.0,0.0,0.0,0.0,0.0,0.0
KDD21,119_UCR_Anomaly_ECG1_10000_11800_12100.txt,100,0.5766427672955976,0.018459005726819383,0.06593406593406594,0.02,0.030690537084398978,0.02,0.06451612903225806,0.20400000000000001,0.0980297933685728
KDD21,120_UCR_Anomaly_ECG2_15000_16000_16100.txt,100,0.5415212802768167,0.007049776611922957,0.024793388429752067,0.03,0.027149321266968326,0.03,0.02247191011235955,0.21200000000000002,0.04063638106191298
KDD21,121_UCR_Anomaly_ECG3_15000_16000_16100.txt,100,0.34603010380622845,0.012670863797455901,0.004942339373970346,0.03,0.008486562942008486,0.0,0.0057361376673040155,0.20800000000000002,0.011164388463465253
KDD21,122_UCR_Anomaly_ECG3_8000_17000_17100.txt,100,0.348205017921147,0.012728013608472104,0.003236245954692557,0.06,0.006141248720573183,0.0,0.003484320557491289,0.216,0.006858013716027431
KDD21,123_UCR_Anomaly_ECG4_5000_16800_17100.txt,100,0.526477721661055,0.014113927156787309,0.007476635514018692,0.013333333333333334,0.009580838323353293,0.013333333333333334,0.0056925996204933585,0.20355555555555557,0.011075464701994229
KDD21,124_UCR_Anomaly_ECG4_5000_16900_17100.txt,100,0.3909665770609319,0.00960544256741116,0.006535947712418301,0.02,0.009852216748768473,0.0,0.0049504950495049506,0.20533333333333334,0.00966790131207232
KDD21,125_UCR_Anomaly_ECG4_5000_17000_17100.txt,100,0.4693206093189964,0.013241195526839781,0.005813953488372093,0.03,0.00974025974025974,0.0,0.005870841487279843,0.20800000000000002,0.011419369006661299
KDD21,126_UCR_Anomaly_ECG4_8000_17000_17100.txt,100,0.33037831541218643,0.012600071489118582,0.002828054298642534,0.05,0.0053533190578158455,0.0,0.002254791431792559,0.22000000000000003,0.004463832809171148
KDD21,127_UCR_Anomaly_GP711MarkerLFM5z1_5000_6168_6212.txt,100,0.16163242495209704,0.0019276387736915548,0.0,0.0,0.0,0.0,0.0,0.0,0.0
KDD21,128_UCR_Anomaly_GP711MarkerLFM5z2_5000_7175_7388.txt,100,0.32678995838098074,0.014326338577389491,0.009259259259259259,0.004694835680751174,0.006230529595015576,0.004694835680751174,0.009259259259259259,0.20375586854460095,0.017713562711726052
KDD21,129_UCR_Anomaly_GP711MarkerLFM5z3_5000_5948_5993.txt,100,0.3046693619591988,0.0025236997434330915,0.0,0.0,0.0,0.0,0.0,0.0,0.0
KDD21,130_UCR_Anomaly_GP711MarkerLFM5z4_4000_6527_6645.txt,100,0.4925007631540659,0.013643082506543787,0.009174311926605505,0.00847457627118644,0.00881057268722467,0.00847457627118644,0.009174311926605505,0.20677966101694917,0.017569124423963134
KDD21,131_UCR_Anomaly_GP711MarkerLFM5z5_5000_8612_8716.txt,100,0.25299712896384047,0.005464869045185271,0.0,0.0,0.0,0.0,0.0,0.0,0.0
KDD21,132_UCR_Anomaly_InternalBleeding10_3200_4526_4556.txt,100,0.4370120019631464,0.0031923999782756812,0.0,0.0,0.0,0.0,0.0,0.0,0.0
KDD21,133_UCR_Anomaly_InternalBleeding14_2800_5607_5634.txt,100,0.4867615139892368,0.003277073444086109,0.004464285714285714,0.037037037037037035,0.00796812749003984,0.037037037037037035,0.004464285714285714,0.22962962962962963,0.008758299194801525
KDD21,134_UCR_Anomaly_InternalBleeding15_1700_5684_5854.txt,100,0.4528533092688024,0.019401110485023784,0.015,0.01764705882352941,0.016216216216216217,0.01764705882352941,0.015,0.20470588235294118,0.02795180722891566
KDD21,135_UCR_Anomaly_InternalBleeding16_1200_4187_4199.txt,100,0.37063804691325053,0.0011547163672050303,0.0,0.0,0.0,0.0,0.0,0.0,0.0
KDD21,136_UCR_Anomaly_InternalBleeding17_1600_3198_3309.txt,100,0.3856749563205105,0.011029471691697558,0.0,0.0,0.0,0.0,0.0,0.0,0.0
KDD21,137_UCR_Anomaly_InternalBleeding18_2300_4485_4587.txt,100,0.5111549756425955,0.015620705426225243,0.013422818791946308,0.0196078431372549,0.01593625498007968,0.0196078431372549,0.013422818791946308,0.20784313725490197,0.025217081003925296
KDD21,138_UCR_Anomaly_InternalBleeding19_3000_4187_4197.txt,100,0.21340453938584777,0.0008141204924875257,0.0,0.0,0.0,0.0,0.0,0.0,0.0
KDD21,139_UCR_Anomaly_InternalBleeding20_2700_5759_5919.txt,100,0.5300455551771117,0.03235182975706012,0.02666666666666667,0.025,0.025806451612903226,0.025,0.02666666666666667,0.20500000000000002,0.04719424460431655
KDD21,140_UCR_Anomaly_InternalBleeding4_1000_4675_5033.txt,100,0.3554307805744169,0.034971789441082556,0.012903225806451613,0.00558659217877095,0.007797270955165692,0.00558659217877095,0.013245033112582781,0.2022346368715084,0.024861783592596408
KDD21,141_UCR_Anomaly_InternalBleeding5_4000_6200_6370.txt,100,0.3422019242479601,0.018552990687924487,0.024752475247524754,0.029411764705882353,0.026881720430107527,0.029411764705882353,0.024752475247524754,0.20470588235294118,0.04416467841007158
KDD21,142_UCR_Anomaly_InternalBleeding6_1500_3474_3629.txt,100,0.5481092102602927,0.035934668769646044,0.047058823529411764,0.05161290322580645,0.04923076923076923,0.05161290322580645,0.049079754601226995,0.20516129032258065,0.07921038702244917
KDD21,143_UCR_Anomaly_InternalBleeding8_2500_5865_5974.txt,100,0.5664262629572263,0.026606292164009143,0.014218009478672985,0.027522935779816515,0.01875,0.027522935779816515,0.014218009478672985,0.20733944954128442,0.026611193971269327
KDD21,144_UCR_Anomaly_InternalBleeding9_4200_6599_6681.txt,100,0.4026190170919097,0.0083278918187251,0.00510204081632653,0.012195121951219513,0.007194244604316547,0.012195121951219513,0.00510204081632653,0.20975609756097563,0.009961774585891347
KDD21,145_UCR_Anomaly_Lab2Cmac011215EPG1_5000_17210_17260.txt,100,0.6396759309325546,0.007258214890846153,0.014545454545454545,0.16,0.02666666666666667,0.16,0.009070294784580499,0.232,0.017458048009632028
KDD21,146_UCR_Anomaly_Lab2Cmac011215EPG2_5000_27862_27932.txt,100,0.47058870439702505,0.003825378970796583,0.0,0.0,0.0,0.0,0.0,0.0,0.0
KDD21,147_UCR_Anomaly_Lab2Cmac011215EPG3_5000_16390_16420.txt,100,0.6214978385325388,0.00159457304533618,0.0022123893805309734,0.03333333333333333,0.004149377593360996,0.03333333333333333,0.0024509803921568627,0.22666666666666668,0.004849522179432321
KDD21,148_UCR_Anomaly_Lab2Cmac011215EPG4_6000_17390_17520.txt,100,0.5066939776262364,0.004892635240618773,0.0056022408963585435,0.015384615384615385,0.008213552361396304,0.015384615384615385,0.00641025641025641,0.20615384615384616,0.01243388698153475
KDD21,149_UCR_Anomaly_Lab2Cmac011215EPG5_7000_17390_17520.txt,100,0.5432612725295651,0.00529476630027037,0.01092896174863388,0.03076923076923077,0.016129032258064516,0.03076923076923077,0.009375,0.2082051282051282,0.017942107976725342
KDD21,150_UCR_Anomaly_Lab2Cmac011215EPG6_7000_12190_12420.txt,100,0.380385272868017,0.013376599310518707,0.02459016393442623,0.0391304347826087,0.030201342281879196,0.0391304347826087,0.012861736334405145,0.20782608695652174,0.024224302854464138
KDD21,151_UCR_Anomaly_MesoplodonDensirostris_10000_19280_19440.txt,100,0.6407007032679093,0.010550374889764227,0.00975609756097561,0.025,0.014035087719298246,0.025,0.007425742574257425,0.20666666666666667,0.014336365037767841
KDD21,152_UCR_Anomaly_PowerDemand1_9000_18485_18821.txt,100,0.5293907643486349,0.01770295514186853,0.02861952861952862,0.050595238095238096,0.03655913978494624,0.050595238095238096,0.01837270341207349,0.20578231292517007,0.033733596192524445
KDD21,153_UCR_Anomaly_PowerDemand2_14000_23357_23717.txt,100,0.4617596608109948,0.024390137362550073,0.024489795918367346,0.03333333333333333,0.02823529411764706,0.03333333333333333,0.016286644951140065,0.20533333333333334,0.030179509289017793
KDD21,154_UCR_Anomaly_PowerDemand3_16000_23405_23477.txt,100,0.45155785504904555,0.002959565332370616,0.0,0.0,0.0,0.0,0.0,0.0,0.0
KDD21,155_UCR_Anomaly_PowerDemand4_18000_24005_24077.txt,100,0.4391836631394989,0.004035913162492252,0.012096774193548387,0.08333333333333333,0.02112676056338028,0.08333333333333333,0.00974025974025974,0.22222222222222224,0.018662519440124415
KDD21,156_UCR_Anomaly_TkeepFifthMARS_3500_5988_6085.txt,100,0.5417770271076131,0.03922386403816246,0.04066985645933014,0.17525773195876287,0.06601941747572816,0.17525773195876287,0.008005822416302766,0.2701030927835052,0.015550723308278792
KDD21,157_UCR_Anomaly_TkeepFirstMARS_3500_5365_5380.txt,100,0.44091826880870866,0.0006575486586007364,0.0,0.0,0.0,0.0,0.0,0.0,0.0
KDD21,158_UCR_Anomaly_TkeepForthMARS_3500_5988_6085.txt,100,0.4875784736456371,0.007983587273215917,0.0079155672823219,0.030927835051546393,0.012605042016806723,0.030927835051546393,0.0044444444444444444,0.22474226804123712,0.008716513394642144
KDD21,159_UCR_Anomaly_TkeepSecondMARS_3500_9330_9340.txt,100,0.7613904025312006,0.01674730922629697,0.012195121951219513,0.5,0.023809523809523808,0.5,0.002173913043478261,0.6000000000000001,0.004332129963898917
KDD21,160_UCR_Anomaly_TkeepThirdMARS_3500_4711_4809.txt,100,0.5807929326949335,0.07344002234055262,0.02756892230576441,0.11224489795918367,0.04426559356136821,0.11224489795918367,0.017543859649122806,0.22244897959183674,0.03252275100701178
KDD21,161_UCR_Anomaly_WalkingAceleration1_1500_2764_2995.txt,100,0.4630089162864617,0.03157939160422994,0.013888888888888888,0.008658008658008658,0.010666666666666666,0.008658008658008658,0.015748031496062992,0.20346320346320348,0.029233400715285338
KDD21,162_UCR_Anomaly_WalkingAceleration5_2700_5920_5979.txt,100,0.677244643428206,0.01309733812652007,0.006578947368421052,0.01694915254237288,0.009478672985781991,0.01694915254237288,0.007407407407407408,0.21355932203389832,0.014318181818181817
KDD21,163_UCR_Anomaly_apneaecg2_10000_20950_21100.txt,100,0.5453996649916248,0.007719987164200209,0.015025041736227046,0.06,0.02403204272363151,0.06,0.009554140127388535,0.216,0.018298881735005084
KDD21,164_UCR_Anomaly_apneaecg3_5000_11111_11211.txt,100,0.5139068086578755,0.0040197077162670335,0.00196078431372549,0.01,0.003278688524590164,0.01,0.0035460992907801418,0.20800000000000002,0.006973313665012739
KDD21,165_UCR_Anomaly_apneaecg4_6000_16000_16100.txt,100,0.4445359531772576,0.007707860933734418,0.0035650623885918,0.02,0.006051437216338881,0.02,0.003401360544217687,0.21600000000000003,0.006697259084707925
KDD21,166_UCR_Anomaly_apneaecg_10000_12240_12308.txt,100,0.5548493908088775,0.0035712860049183144,0.005639097744360902,0.04411764705882353,0.01,0.04411764705882353,0.006825938566552901,0.21764705882352942,0.013236740899740633
KDD21,167_UCR_Anomaly_gait1_20000_38500_38800.txt,100,0.619098428731762,0.021554009083481974,0.017421602787456445,0.05,0.025839793281653745,0.05,0.019255455712451863,0.2026666666666667,0.035169445772725176
KDD21,168_UCR_Anomaly_gait2_22000_46500_46800.txt,100,0.6192144219977553,0.021283220581061017,0.016317016317016316,0.04666666666666667,0.024179620034542316,0.04666666666666667,0.01808785529715762,0.2026666666666667,0.03321159908855386
KDD21,169_UCR_Anomaly_gait3_24500_59900_60500.txt,100,0.49085482905982913,0.0323627020506361,0.027923211169284468,0.02666666666666667,0.027280477408354646,0.02666666666666667,0.025540275049115914,0.20164102564102565,0.045337950266266004
KDD21,170_UCR_Anomaly_gaitHunt1_18500_33070_33180.txt,100,0.5901859849752121,0.008927891484192171,0.004754358161648178,0.05454545454545454,0.008746355685131196,0.0,0.00477326968973747,0.20727272727272728,0.009331641632218722
KDD21,171_UCR_Anomaly_gaitHunt2_18500_31200_31850.txt,100,0.5412961866072599,0.028461447043567942,0.022498060512024826,0.04461538461538461,0.029912325941206807,0.04461538461538461,0.02255054432348367,0.20123076923076924,0.04055623151650711
KDD21,172_UCR_Anomaly_gaitHunt3_23400_38400_39200.txt,100,0.5079138698630137,0.027907109345310595,0.017884914463452566,0.02875,0.02205177372962608,0.02875,0.017926734216679657,0.201,0.03291762050391089
KDD21,173_UCR_Anomaly_insectEPG1_3000_7000_7030.txt,100,0.44888342860963454,0.002524211775089119,0.0,0.0,0.0,0.0,0.0,0.0,0.0
KDD21,174_UCR_Anomaly_insectEPG2_3700_8000_8025.txt,100,0.7113927604532237,0.004656819986243494,0.0,0.0,0.0,0.0,0.0,0.0,0.0
KDD21,175_UCR_Anomaly_insectEPG3_5200_7000_7050.txt,100,0.5077925211097708,0.004741671952099397,0.0,0.0,0.0,0.0,0.0,0.0,0.0
KDD21,176_UCR_Anomaly_insectEPG4_1300_6508_6558.txt,100,0.5532458785685566,0.005757182692637405,0.0,0.0,0.0,0.0,0.0,0.0,0.0
KDD21,177_UCR_Anomaly_insectEPG5_3200_8500_8501.txt,100,0.1864964595591902,4.9860390905464696e-05,0.0,0.0,0.0,0.0,0.0,0.0,0.0
KDD21,178_UCR_Anomaly_ltstdbs30791AI_17555_52600_52800.txt,100,0.7370479724935873,0.0322476886219155,0.0125,0.04,0.01904761904761905,0.04,0.02247191011235955,0.20533333333333334,0.04051032487176115
KDD21,179_UCR_Anomaly_ltstdbs30791AS_23000_52600_52800.txt,100,0.7531694767441861,0.04189767947127211,0.026717557251908396,0.07,0.03867403314917127,0.07,0.026402640264026403,0.20700000000000002,0.04683191696949987
KDD21,180_UCR_Anomaly_ltstdbs30791ES_20000_52600_52800.txt,100,0.4820369186046512,0.01032087924260694,0.005385996409335727,0.015,0.007926023778071334,0.015,0.006147540983606557,0.20400000000000001,0.011935408378188626
KDD21,181_UCR_Anomaly_park3m_60000_72150_72495.txt,100,0.44878650373009404,0.012963624054867888,0.01224105461393597,0.03768115942028986,0.01847903340440654,0.03768115942028986,0.012252591894439209,0.20231884057971017,0.023105873485539098
KDD21,182_UCR_Anomaly_qtdbSel1005V_4000_12400_12800.txt,100,0.5010604629629629,0.013985346252088799,0.005457025920873124,0.01,0.00706090026478376,0.01,0.003189792663476874,0.20400000000000001,0.006281368352988269
KDD21,183_UCR_Anomaly_qtdbSel100MLII_4000_13400_13800.txt,100,0.5167429464285713,0.01381663354743007,0.006589785831960461,0.01,0.007944389275074478,0.01,0.004065040650406504,0.20400000000000001,0.007971241012816505
KDD21,184_UCR_Anomaly_resperation10_48000_130700_131880.txt,100,0.5722312218445289,0.05130258530546426,0.050347222222222224,0.02457627118644068,0.03302961275626424,0.02457627118644068,0.050347222222222224,0.20067796610169492,0.0804985206615058
KDD21,185_UCR_Anomaly_resperation11_58000_110800_110801.txt,100,0.5754358478615954,3.925262992620505e-05,0.0,0.0,0.0,0.0,0.0,0.0,0.0
KDD21,186_UCR_Anomaly_resperation1_100000_110260_110412.txt,100,0.5074620401261127,0.008525413561837123,0.0037174721189591076,0.013157894736842105,0.005797101449275362,0.013157894736842105,0.0037313432835820895,0.20526315789473684,0.007329449351625634
KDD21,188_UCR_Anomaly_resperation2_30000_168250_168251.txt,100,0.11942064735491181,1.6666666666666667e-05,0.0,0.0,0.0,0.0,0.0,0.0,0.0
KDD21,189_UCR_Anomaly_resperation3_45000_158250_158251.txt,100,0.13417113903796796,1.6666666666666667e-05,0.0,0.0,0.0,0.0,0.0,0.0,0.0
KDD21,190_UCR_Anomaly_resperation4_70000_128430_128431.txt,100,0.9785659521984067,0.0007032348804500703,0.0,0.0,0.0,0.0,0.0,0.0,0.0
KDD21,191_UCR_Anomaly_resperation9_38000_143411_143511.txt,100,0.5451949832775921,0.003713003371135056,0.0034129692832764505,0.02,0.0058309037900874635,0.0,0.0034129692832764505,0.20800000000000002,0.006715743251969521
KDD21,192_UCR_Anomaly_s20101mML2_12000_35774_35874.txt,100,0.6038643731046742,0.012219432182957434,0.004366812227074236,0.05,0.008032128514056224,0.0,0.011019283746556474,0.21000000000000002,0.020939798080518508
KDD21,193_UCR_Anomaly_s20101m_10000_35774_35874.txt,100,0.49055369653874303,0.004797811443393483,0.0021598272138228943,0.01,0.003552397868561279,0.01,0.0025380710659898475,0.20800000000000002,0.005014948403896228
KDD21,194_UCR_Anomaly_sddb49_20000_67950_68200.txt,100,0.6160236567164179,0.012085795893744491,0.011472275334608031,0.024,0.015523932729624839,0.024,0.011472275334608031,0.20320000000000002,0.02171837368713571
KDD21,195_UCR_Anomaly_sel840mECG1_17000_51370_51740.txt,100,0.5169131556319864,0.018994664636983627,0.014641288433382138,0.02702702702702703,0.01899335232668566,0.02702702702702703,0.01539708265802269,0.20216216216216218,0.028614803509803367
KDD21,196_UCR_Anomaly_sel840mECG2_20000_49370_49740.txt,100,0.5099968190642464,0.020944401205169452,0.013207547169811321,0.01891891891891892,0.015555555555555555,0.01891891891891892,0.013333333333333334,0.20252252252252254,0.02501947690595437
KDD21,197_UCR_Anomaly_tiltAPB1_100000_114283_114350.txt,100,0.4717191778055567,0.0019171369164095464,0.0,0.0,0.0,0.0,0.0,0.0,0.0
KDD21,198_UCR_Anomaly_tiltAPB2_50000_124159_124985.txt,100,0.5487016766606944,0.057469368269921016,0.04914004914004914,0.024213075060532687,0.032441200324412,0.024213075060532687,0.04938271604938271,0.20096852300242132,0.07928358208955225
KDD21,199_UCR_Anomaly_tiltAPB3_40000_114000_114370.txt,100,0.40456057137123624,0.010732817351489827,0.005190311418685121,0.008108108108108109,0.006329113924050633,0.008108108108108109,0.0034965034965034965,0.20324324324324325,0.006874737169290403
KDD21,200_UCR_Anomaly_tiltAPB4_20000_67995_67996.txt,100,0.8088436281209372,8.715356458079135e-05,0.0,0.0,0.0,0.0,0.0,0.0,0.0
KDD21,201_UCR_Anomaly_CHARISfive_10000_17001_17016.txt,100,0.6040297926741148,0.0006029413477176346,0.0,0.0,0.0,0.0,0.0,0.0,0.0
KDD21,202_UCR_Anomaly_CHARISfive_10411_10998_11028.txt,100,0.3685426935715754,0.0006952397785103348,0.0,0.0,0.0,0.0,0.0,0.0,0.0
KDD21,203_UCR_Anomaly_CHARISfive_11812_10995_11028.txt,100,0.5829189748186743,0.0020735288634053306,0.006024096385542169,0.06060606060606061,0.010958904109589041,0.06060606060606061,0.003236245954692557,0.2484848484848485,0.00638927847904005
KDD21,204_UCR_Anomaly_CHARISfive_12412_15000_15070.txt,100,0.672380793279557,0.0042378565587518225,0.004207573632538569,0.04285714285714286,0.007662835249042145,0.04285714285714286,0.003257328990228013,0.2342857142857143,0.006425325184140416
KDD21,205_UCR_Anomaly_CHARISfive_9812_28995_29085.txt,100,0.561085687199707,0.004352496658028974,0.003669724770642202,0.022222222222222223,0.006299212598425197,0.022222222222222223,0.0061162079510703364,0.2088888888888889,0.011884442758707883
KDD21,206_UCR_Anomaly_CHARISten_25130_29080_29140.txt,100,0.4735786073223259,0.001865445887074766,0.0,0.0,0.0,0.0,0.0,0.0,0.0
KDD21,207_UCR_Anomaly_CHARISten_3165_26929_26989.txt,100,0.5331746231005583,0.0026602830701791943,0.0029282576866764276,0.03333333333333333,0.005383580080753701,0.03333333333333333,0.002583979328165375,0.22666666666666668,0.005109708446047491
KDD21,208_UCR_Anomaly_CHARISten_5130_27929_27989.txt,100,0.5151701278050762,0.0026380870157830132,0.0,0.0,0.0,0.0,0.0,0.0,0.0
KDD21,209_UCR_Anomaly_Fantasia_19000_26970_27270.txt,100,0.5011283950617285,0.015225696607892171,0.011904761904761904,0.05,0.019230769230769232,0.05,0.009375,0.21333333333333335,0.017960710944808233
KDD21,210_UCR_Anomaly_Italianpowerdemand_36123_74900_74996.txt,100,0.5055141731317996,0.00315531177904075,0.0,0.0,0.0,0.0,0.0,0.0,0.0
KDD21,211_UCR_Anomaly_Italianpowerdemand_38113_39240_39336.txt,100,0.46412826600677726,0.002756047391753867,0.0,0.0,0.0,0.0,0.0,0.0,0.0
KDD21,212_UCR_Anomaly_Italianpowerdemand_8913_29480_29504.txt,100,0.47830508199909244,0.0014235543615089585,0.0,0.0,0.0,0.0,0.0,0.0,0.0
KDD21,213_UCR_Anomaly_STAFFIIIDatabase_33211_126920_127370.txt,100,0.5597091182553111,0.027171022354141882,0.03682393555811277,0.07111111111111111,0.04852160727824109,0.07111111111111111,0.0371900826446281,0.206320987654321,0.06302049900865313
KDD21,214_UCR_Anomaly_STAFFIIIDatabase_34211_125720_126370.txt,100,0.4850702922290656,0.020736707568393756,0.012953367875647668,0.015384615384615385,0.014064697609001406,0.015384615384615385,0.013623978201634877,0.20246153846153847,0.025529999689604867
KDD21,215_UCR_Anomaly_STAFFIIIDatabase_36276_106720_107370.txt,100,0.46320277814179,0.02006754818630666,0.0110062893081761,0.010769230769230769,0.01088646967340591,0.010769230769230769,0.009732360097323601,0.20215384615384616,0.018570666402852026
KDD21,216_UCR_Anomaly_STAFFIIIDatabase_37216_160720_161370.txt,100,0.5415977198270215,0.031246417557557152,0.03415154749199573,0.04923076923076923,0.04032766225582861,0.04923076923076923,0.02336448598130841,0.2078769230769231,0.042007506136975806
KDD21,217_UCR_Anomaly_STAFFIIIDatabase_38211_150720_151370.txt,100,0.4083081378587341,0.016389495719352633,0.012953367875647668,0.015384615384615385,0.014064697609001406,0.015384615384615385,0.010958904109589041,0.2030769230769231,0.020795588814493896
KDD21,218_UCR_Anomaly_STAFFIIIDatabase_41117_210720_211370.txt,100,0.5815026339929235,0.03894017735876777,0.03742690058479532,0.04923076923076923,0.0425249169435216,0.04923076923076923,0.036065573770491806,0.20358041958041959,0.06127575544193737
KDD21,219_UCR_Anomaly_STAFFIIIDatabase_41612_64632_64852.txt,100,0.6414146925941754,0.014197990966929728,0.01610305958132045,0.045454545454545456,0.023781212841854936,0.045454545454545456,0.013623978201634877,0.20727272727272728,0.025567417242307346
KDD21,220_UCR_Anomaly_STAFFIIIDatabase_43217_250720_251370.txt,100,0.5874908399947584,0.030439603635301297,0.02170767004341534,0.023076923076923078,0.02237136465324385,0.023076923076923078,0.029498525073746312,0.20184615384615387,0.05147439619591657
KDD21,221_UCR_Anomaly_STAFFIIIDatabase_45616_163632_164852.txt,100,0.5251891112908555,0.04422104242794696,0.03265940902021773,0.01721311475409836,0.02254428341384863,0.01721311475409836,0.036585365853658534,0.20091803278688525,0.061899406730011645
KDD21,222_UCR_Anomaly_mit14046longtermecg_56123_91200_91700.txt,100,0.5347909152542373,0.020692940861282982,0.02849740932642487,0.022,0.024830699774266364,0.022,0.028645833333333332,0.2016,0.05016377422682278
KDD21,223_UCR_Anomaly_mit14046longtermecg_74123_131200_131700.txt,100,0.4762206779661018,0.015065543727915413,0.008781558726673985,0.016,0.011339475549255847,0.016,0.007984031936127744,0.20320000000000002,0.01536437461248809
KDD21,224_UCR_Anomaly_mit14046longtermecg_76123_191200_191700.txt,100,0.47738012406194413,0.01882966972698888,0.020512820512820513,0.016,0.017977528089887642,0.016,0.027777777777777776,0.2016,0.04882774656074404
KDD21,225_UCR_Anomaly_mit14046longtermecg_81214_143000_143300.txt,100,0.5650834455667789,0.01936174089218095,0.021060275962236745,0.09666666666666666,0.0345855694692904,0.09666666666666666,0.010403120936280884,0.20966666666666667,0.01982269091453434
KDD21,226_UCR_Anomaly_mit14046longtermecg_96123_123000_123300.txt,100,0.6292882154882153,0.02024068702669719,0.025367156208277702,0.06333333333333334,0.03622497616777884,0.06333333333333334,0.02263374485596708,0.20460606060606062,0.04075871621458472
KDD21,227_UCR_Anomaly_mit14134longtermecg_11231_29000_29100.txt,100,0.5128284280936455,0.013874039468440387,0.0038119440914866584,0.03,0.006764374295377677,0.0,0.004491017964071856,0.20800000000000002,0.008792199740742827
KDD21,228_UCR_Anomaly_mit14134longtermecg_11361_47830_47850.txt,100,0.613848948374761,0.0009610120569382049,0.0,0.0,0.0,0.0,0.0,0.0,0.0
KDD21,229_UCR_Anomaly_mit14134longtermecg_16363_57960_57970.txt,100,0.6139270118527761,0.0008745575464016445,0.0,0.0,0.0,0.0,0.0,0.0,0.0
KDD21,230_UCR_Anomaly_mit14134longtermecg_19363_19510_19610.txt,100,0.4625680602006689,0.0027879914246961655,0.004901960784313725,0.04,0.008733624454148471,0.0,0.005494505494505495,0.20800000000000002,0.010706197241095327
KDD21,231_UCR_Anomaly_mit14134longtermecg_8763_47530_47790.txt,100,0.5894017257065712,0.013784824955982147,0.007001166861143524,0.023076923076923078,0.010743061772605193,0.023076923076923078,0.007936507936507936,0.20461538461538462,0.01528033088235294
KDD21,232_UCR_Anomaly_mit14134longtermecg_8763_57530_57790.txt,100,0.46929530679068004,0.014857898147610092,0.011494252873563218,0.023076923076923078,0.015345268542199489,0.023076923076923078,0.012779552715654952,0.20461538461538462,0.024056614438490585
KDD21,233_UCR_Anomaly_mit14157longtermecg_18913_24500_24501.txt,100,0.6890229674322478,5.3384582532564594e-05,0.0,0.0,0.0,0.0,0.0,0.0,0.0
KDD21,234_UCR_Anomaly_mit14157longtermecg_18913_24600_24601.txt,100,0.8866795559851995,0.00014697236919459142,0.0,0.0,0.0,0.0,0.0,0.0,0.0
KDD21,235_UCR_Anomaly_mit14157longtermecg_18913_75450_75451.txt,100,0.7685422847428248,7.199424046076313e-05,0.0,0.0,0.0,0.0,0.0,0.0,0.0
KDD21,236_UCR_Anomaly_mit14157longtermecg_19313_46350_46390.txt,100,0.469783044058745,0.0012172742016135277,0.0,0.0,0.0,0.0,0.0,0.0,0.0
KDD21,237_UCR_Anomaly_mit14157longtermecg_19313_89560_90370.txt,100,0.5115698361329429,0.04396941488401747,0.02359882005899705,0.02962962962962963,0.026272577996715927,0.02962962962962963,0.02462526766595289,0.2010305958132045,0.043875945917119005
KDD21,238_UCR_Anomaly_mit14157longtermecg_21311_72600_72780.txt,100,0.6233043632163352,0.009435203005352697,0.0058823529411764705,0.027777777777777776,0.009708737864077669,0.027777777777777776,0.005454545454545455,0.20740740740740743,0.010629547611515343
KDD21,239_UCR_Anomaly_taichidbS0715Master_190037_593450_593514.txt,100,0.43559593800106894,0.0010666666666666667,0.0,0.0,0.0,0.0,0.0,0.0,0.0
KDD21,240_UCR_Anomaly_taichidbS0715Master_240030_884100_884200.txt,100,0.925733110367893,0.02757757015754061,0.022727272727272728,0.21,0.041015625,0.21,0.02169421487603306,0.28400000000000003,0.04030928113763551
KDD21,241_UCR_Anomaly_taichidbS0715Master_250000_837400_839100.txt,100,0.4943692371648306,0.057420961151247805,0.07582938388625593,0.03764705882352941,0.050314465408805034,0.03764705882352941,0.043010752688172046,0.2075294117647059,0.07125401409730778
KDD21,242_UCR_Anomaly_tilt12744mtable_100000_104630_104890.txt,100,0.47808545858982976,0.011960944644564455,0.006493506493506494,0.011538461538461539,0.008310249307479225,0.011538461538461539,0.006521739130434782,0.2030769230769231,0.012637625658209669
KDD21,243_UCR_Anomaly_tilt12744mtable_100000_203355_203400.txt,100,0.47010664144364694,0.0012623101178466576,0.0,0.0,0.0,0.0,0.0,0.0,0.0
KDD21,244_UCR_Anomaly_tilt12754table_100013_104630_104890.txt,100,0.5341058403600434,0.01293104919700212,0.006024096385542169,0.011538461538461539,0.0079155672823219,0.011538461538461539,0.006024096385542169,0.2030769230769231,0.011701090328871556
KDD21,245_UCR_Anomaly_tilt12754table_100211_270800_271070.txt,100,0.36178974972281397,0.006270142646614935,0.0037313432835820895,0.007407407407407408,0.004962779156327543,0.007407407407407408,0.003816793893129771,0.20296296296296298,0.007492685061117339
KDD21,246_UCR_Anomaly_tilt12755mtable_100211_270800_271070.txt,100,0.40968232612026756,0.007258003595579669,0.005681818181818182,0.011111111111111112,0.007518796992481203,0.011111111111111112,0.0056925996204933585,0.20296296296296298,0.011074585039879284
KDD21,247_UCR_Anomaly_tilt12755mtable_50211_121900_121980.txt,100,0.24872994652406416,0.0013333333333333333,0.0,0.0,0.0,0.0,0.0,0.0,0.0
KDD21,248_UCR_Anomaly_weallwalk_2000_4702_4707.txt,100,0.3285866856532574,0.00036561512611280825,0.0,0.0,0.0,0.0,0.0,0.0,0.0
KDD21,249_UCR_Anomaly_weallwalk_2753_8285_8315.txt,100,0.45729305634966005,0.0025322531318005873,0.00411522633744856,0.03333333333333333,0.007326007326007326,0.03333333333333333,0.007246376811594203,0.22666666666666668,0.014043783560512184
KDD21,250_UCR_Anomaly_weallwalk_2951_7290_7296.txt,100,0.6309023131332441,0.001073338321907682,0.0,0.0,0.0,0.0,0.0,0.0,0.0
Daphnet,S09R01E4.test.csv@3.out,100,0.6787268250475014,0.0874120398903747,0.021108179419525065,0.029850746268656716,0.02472952086553323,0.029850746268656716,0.026455026455026454,0.2047761194029851,0.04685664326111308
Daphnet,S09R01E4.test.csv@2.out,100,0.5269580755672986,0.04732086490164056,0.08709677419354839,0.10074626865671642,0.09342560553633218,0.10074626865671642,0.08771929824561403,0.20537313432835821,0.12293178000929136
Daphnet,S03R02E0.test.csv@6.out,100,0.6515522957382365,0.3443484033280148,0.3869257950530035,0.09496964440589765,0.15250696378830084,0.09496964440589765,0.3610223642172524,0.17072509490200038,0.2318227434309647
Daphnet,S03R02E0.test.csv@1.out,100,0.5434016048306594,0.3057730528861592,0.4270833333333333,0.10667823070251518,0.1707147814018043,0.10667823070251518,0.39436619718309857,0.2096703758469356,0.2737811333837748
Daphnet,S09R01E0.test.csv@8.out,100,0.49529997119945424,0.03209908112658343,0.017467248908296942,0.01238390092879257,0.014492753623188406,0.01238390092879257,0.022727272727272728,0.1050115207373272,0.03736727749764277
Daphnet,S08R01E0.test.csv@4.out,100,0.4769691929081415,0.1671928933827858,0.1568627450980392,0.03260869565217391,0.05399325084364454,0.03260869565217391,0.1650485436893204,0.2010954382772693,0.18129758163419724
Daphnet,S03R02E0.test.csv@2.out,100,0.6187027526059923,0.28166389591125823,0.31025641025641026,0.05247181266261925,0.0897626112759644,0.05247181266261925,0.40718562874251496,0.1353151541083634,0.20312739758441825
Daphnet,S09R01E4.test.csv@4.out,100,0.6261797394297267,0.04616641935395388,0.004464285714285714,0.0037313432835820895,0.0040650406504065045,0.0037313432835820895,0.009345794392523364,0.20298507462686569,0.017868873998160555
Daphnet,S09R01E2.test.csv@4.out,100,0.4401076130004699,0.36580739571346577,0.5354166666666667,0.035287656185637784,0.0662115161664305,0.035287656185637784,0.45255474452554745,0.20253261026929553,0.27983166833442547
Daphnet,S02R01E0.test.csv@4.out,100,0.5919124009533394,0.17803515250382645,0.16202090592334495,0.026293469041560644,0.04524446606665045,0.026293469041560644,0.17256637168141592,0.15875252007905033,0.16537147181531
Daphnet,S03R02E0.test.csv@9.out,100,0.6094710373300777,0.2825544750565857,0.38524590163934425,0.08152645273200347,0.13457408732999285,0.08152645273200347,0.38461538461538464,0.20498006686525294,0.2674324812305835
Daphnet,S03R01E1.test.csv@7.out,100,0.5954987043990059,0.4163264334421978,0.45982142857142855,0.049412329095706406,0.08923543426467404,0.049412329095706406,0.4605809128630705,0.206267157734394,0.28493061610828435
Daphnet,S03R01E1.test.csv@4.out,100,0.6013339468673052,0.41798560195646406,0.47869674185463656,0.04581434396737827,0.08362521891418565,0.04581434396737827,0.4723404255319149,0.2058973677902631,0.28678334140473477
Daphnet,S03R01E0.test.csv@8.out,100,0.5997296372805243,0.3466856176980798,0.4583333333333333,0.04428787116255662,0.08077099586966498,0.04428787116255662,0.5115864527629232,0.20310262580574417,0.2907685453676982
Daphnet,S09R01E0.test.csv@1.out,100,0.5877120118966612,0.050278135493669954,0.07142857142857142,0.07120743034055728,0.07131782945736434,0.07120743034055728,0.0727580372250423,0.21789211236791883,0.10908924316681012
Daphnet,S06R01E2.test.csv@5.out,100,0.49686671487105327,0.0026670662271501347,0.0,0.0,0.0,0.0,0.0,0.0,0.0
Daphnet,S03R01E1.test.csv@8.out,100,0.6312435444314448,0.3827961185252951,0.39880952380952384,0.03214200047973135,0.05948945615982242,0.03214200047973135,0.42786069651741293,0.1255783033682518,0.19416781382488515
Daphnet,S01R02E0.test.csv@4.out,100,0.49963892649857067,0.06356535888815068,0.06911764705882353,0.030381383322559793,0.042209250112258644,0.030381383322559793,0.07074569789674952,0.20441713988343535,0.10511327285164757
Daphnet,S09R01E0.test.csv@7.out,100,0.5700145270886987,0.04078381929351851,0.017045454545454544,0.009287925696594427,0.012024048096192385,0.009287925696594427,0.013605442176870748,0.1055952380952381,0.024105062198941495
Daphnet,S03R01E1.test.csv@1.out,100,0.5284900149793668,0.3808536270488693,0.4708222811671088,0.08515231470376589,0.14422100345317895,0.08515231470376589,0.4885572139303483,0.20764409688559424,0.29142726360171683
Daphnet,S03R02E0.test.csv@4.out,100,0.6872530646933744,0.3153714366696987,0.422680412371134,0.07111882046834345,0.12175204157386786,0.07111882046834345,0.4694835680751174,0.20600520457894775,0.2863587446694681
Daphnet,S03R03E4.test.csv@4.out,100,0.6261797394297267,0.04616641935395388,0.004464285714285714,0.0037313432835820895,0.0040650406504065045,0.0037313432835820895,0.009345794392523364,0.20298507462686569,0.017868873998160555
Daphnet,S03R01E0.test.csv@6.out,100,0.544207963726412,0.31384990595524564,0.4419642857142857,0.0498238550578762,0.08955223880597014,0.0498238550578762,0.40535714285714286,0.20275843807274826,0.2703090784869125
Daphnet,S03R02E0.test.csv@8.out,100,0.6503285028433902,0.2288680725007345,0.0856269113149847,0.012142237640936688,0.021268515001898976,0.012142237640936688,0.08411214953271028,0.13776608385274766,0.10445189930304977
Daphnet,S03R03E4.test.csv@3.out,100,0.6787268250475014,0.0874120398903747,0.021108179419525065,0.029850746268656716,0.02472952086553323,0.029850746268656716,0.026455026455026454,0.2047761194029851,0.04685664326111308
Daphnet,S09R01E4.test.csv@6.out,100,0.6074882365924343,0.05756856729545839,0.0,0.0,0.0,0.0,0.0,0.0,0.0
Daphnet,S02R01E0.test.csv@6.out,100,0.5400906400209922,0.1703457950049655,0.26903553299492383,0.029968900197907832,0.05393029763418977,0.029968900197907832,0.29375,0.15871246431489383,0.20608023900101188
Daphnet,S01R02E0.test.csv@1.out,100,0.4614499424353062,0.04598063738339481,0.07464454976303317,0.04072398190045249,0.05269761606022585,0.04072398190045249,0.07679180887372014,0.20478805531334476,0.11169864896870432
Daphnet,S09R01E0.test.csv@5.out,100,0.5064721133626856,0.03756780928546822,0.05752212389380531,0.04024767801857585,0.04735883424408015,0.04024767801857585,0.046875,0.16154089861751153,0.07266460642326082
Daphnet,S03R01E1.test.csv@2.out,100,0.5754370715664533,0.4064870941328853,0.5197368421052632,0.05684816502758455,0.10248648648648649,0.05684816502758455,0.511046511627907,0.1770044897186864,0.26293843577344367
Daphnet,S03R02E0.test.csv@3.out,100,0.5976835049484173,0.29696033073457345,0.42857142857142855,0.08846487424111014,0.1466570812365205,0.08846487424111014,0.40336134453781514,0.20840234240077993,0.274816733422905
Daphnet,S09R01E4.test.csv@1.out,100,0.570646619559724,0.05411619788639892,0.12142857142857143,0.12686567164179105,0.12408759124087591,0.12686567164179105,0.11940298507462686,0.20634328358208956,0.1512711357302833
Daphnet,S09R01E2.test.csv@8.out,100,0.46987786197073833,0.4177173455441804,0.5416666666666666,0.032129616916106,0.06066104990278678,0.032129616916106,0.532608695652174,0.20223441511163495,0.2931559307581468
Daphnet,S03R03E4.test.csv@1.out,100,0.570646619559724,0.05411619788639892,0.12142857142857143,0.12686567164179105,0.12408759124087591,0.12686567164179105,0.11940298507462686,0.20634328358208956,0.1512711357302833
Daphnet,S09R01E0.test.csv@6.out,100,0.4955117202869642,0.03217837917218267,0.04081632653061224,0.018575851393188854,0.02553191489361702,0.018575851393188854,0.03968253968253968,0.16014069264069267,0.06360410965852283
Daphnet,S02R01E0.test.csv@3.out,100,0.525275577887062,0.17819703740059986,0.2926829268292683,0.06446140797285835,0.1056533827618165,0.06446140797285835,0.26024955436720143,0.20802244917730386,0.23122351661846385
Daphnet,S03R02E0.test.csv@7.out,100,0.6538535612595601,0.39257089024126135,0.47992700729927007,0.11405030355594102,0.18430273300630695,0.11405030355594102,0.44884169884169883,0.21245288640153628,0.2883970822813069
Daphnet,S03R01E0.test.csv@4.out,100,0.5201172660592416,0.286777298944342,0.42424242424242425,0.04932058379466533,0.08836789900811542,0.04932058379466533,0.4050632911392405,0.2025534941038695,0.270061614313827
Daphnet,S09R01E0.test.csv@2.out,100,0.49621054233463296,0.039607209562256114,0.11627906976744186,0.015479876160990712,0.0273224043715847,0.015479876160990712,0.1111111111111111,0.10913018433179725,0.11011173914938754
Daphnet,S03R03E4.test.csv@6.out,100,0.6074882365924343,0.05756856729545839,0.0,0.0,0.0,0.0,0.0,0.0,0.0
Daphnet,S01R02E0.test.csv@6.out,100,0.5398197089775566,0.06059967994996603,0.08089887640449438,0.04654169360051713,0.059089043906442346,0.04654169360051713,0.07692307692307693,0.2054718983334744,0.11193917757691985
Daphnet,S09R01E0.test.csv@4.out,100,0.5423873616664403,0.03859674957739837,0.04747774480712166,0.04953560371517028,0.048484848484848485,0.04953560371517028,0.04878048780487805,0.1599196042053185,0.07475757415878215
Daphnet,S03R01E0.test.csv@3.out,100,0.5402128072202037,0.3133996914931923,0.39540816326530615,0.03900352289884248,0.07100320659642693,0.03900352289884248,0.35074626865671643,0.20285238639054878,0.25704440199017764
Daphnet,S09R01E0.test.csv@9.out,100,0.586111295587376,0.05058521191277088,0.052941176470588235,0.02786377708978328,0.036511156186612576,0.02786377708978328,0.044585987261146494,0.21468754363915654,0.07383751092974433
Daphnet,S03R03E4.test.csv@2.out,100,0.5269580755672986,0.04732086490164056,0.08709677419354839,0.10074626865671642,0.09342560553633218,0.10074626865671642,0.08771929824561403,0.20537313432835821,0.12293178000929136
Genesis,genesis-anomalies.test.csv@5.out,100,0.7531205220061412,0.0060145933858302926,0.003205128205128205,0.02,0.0055248618784530384,0.0,0.003436426116838488,0.07692307692307693,0.006578947368421053
Genesis,genesis-anomalies.test.csv@3.out,100,0.40293564483111566,0.005930179107939735,0.026402640264026403,0.16,0.0453257790368272,0.0,0.014124293785310734,0.20932400932400932,0.02646297835222283
Genesis,genesis-anomalies.test.csv@17.out,100,0.25332970829068574,0.011683508714849028,0.003067484662576687,0.02,0.005319148936170213,0.0,0.003067484662576687,0.0787878787878788,0.0059050647285941405
Genesis,genesis-anomalies.test.csv@6.out,100,0.4351970317297851,0.0015941844152531565,0.0,0.0,0.0,0.0,0.0,0.0,0.0
Genesis,genesis-anomalies.test.csv@13.out,100,0.343845957011259,0.0015941844152531565,0.0,0.0,0.0,0.0,0.0,0.0,0.0
Genesis,genesis-anomalies.test.csv@1.out,100,0.7336866683725691,0.005453760372381058,0.0,0.0,0.0,0.0,0.0,0.0,0.0
GHL,14_Lev_fault_Temp_corr_seed_47_vars_23.test.csv@2.out,100,0.4622521436227224,0.0024,0.0,0.0,0.0,0.0,0.0,0.0,0.0
GHL,26_Lev_corr_Temp_fault_seed_113_vars_23.test.csv@7.out,100,0.49316192560175054,0.012533333333333334,0.0,0.0,0.0,0.0,0.0,0.0,0.0
GHL,06_Lev_fault_Temp_corr_seed_29_vars_23.test.csv@8.out,100,0.489951768488746,0.0024,0.0,0.0,0.0,0.0,0.0,0.0,0.0
GHL,39_Lev_corr_Temp_fault_seed_170_vars_23.test.csv@3.out,100,0.3676890063169434,0.018869446430515295,0.009244992295839754,0.006952491309385863,0.007936507936507936,0.006952491309385863,0.008658008658008658,0.20278099652375436,0.016606960688951625
GHL,36_Lev_corr_Temp_fault_seed_159_vars_23.test.csv@13.out,100,0.37345382753835343,0.04257214179074918,0.02002503128911139,0.00784698381559588,0.01127554615926709,0.00784698381559588,0.018957345971563982,0.1358053302433372,0.033270407221835836
GHL,11_Lev_fault_Temp_corr_seed_41_vars_23.test.csv@13.out,100,0.3597434351554126,0.0024,0.0,0.0,0.0,0.0,0.0,0.0,0.0
GHL,09_Lev_fault_Temp_corr_seed_37_vars_23.test.csv@13.out,100,0.3833567792068596,0.0024,0.0,0.0,0.0,0.0,0.0,0.0,0.0
GHL,09_Lev_fault_Temp_corr_seed_37_vars_23.test.csv@10.out,100,0.489951768488746,0.0024,0.0,0.0,0.0,0.0,0.0,0.0,0.0
GHL,07_Lev_fault_Temp_corr_seed_31_vars_23.test.csv@13.out,100,0.3584204180064309,0.0024,0.0,0.0,0.0,0.0,0.0,0.0,0.0
GHL,10_Lev_fault_Temp_corr_seed_39_vars_23.test.csv@8.out,100,0.486601909227935,0.002416666666666667,0.0,0.0,0.0,0.0,0.0,0.0,0.0
GHL,02_Lev_fault_Temp_corr_seed_17_vars_23.test.csv@8.out,100,0.48995143192095125,0.002416666666666667,0.0,0.0,0.0,0.0,0.0,0.0,0.0
GHL,41_Lev_corr_Temp_fault_seed_181_vars_23.test.csv@3.out,100,0.38478770478241464,0.07519547478360229,0.04076433121019108,0.00927267458707621,0.015108593012275733,0.00927267458707621,0.039603960396039604,0.20370907076969402,0.06631528062779059
GHL,03_Lev_fault_Temp_corr_seed_19_vars_23.test.csv@4.out,100,0.33589013565566905,0.002416666666666667,0.0,0.0,0.0,0.0,0.0,0.0,0.0
GHL,13_Lev_fault_Temp_corr_seed_666_vars_23.test.csv@4.out,100,0.3353039691843912,0.002416666666666667,0.0,0.0,0.0,0.0,0.0,0.0,0.0
GHL,15_Lev_fault_Temp_corr_seed_49_vars_23.test.csv@8.out,100,0.4882770632368703,0.0024,0.0,0.0,0.0,0.0,0.0,0.0,0.0
GHL,28_Lev_corr_Temp_fault_seed_119_vars_23.test.csv@13.out,100,0.38927598239204886,0.019477397353408088,0.01,0.009269988412514484,0.009621166566446182,0.009269988412514484,0.009708737864077669,0.2037079953650058,0.018534137392991184
GHL,06_Lev_fault_Temp_corr_seed_29_vars_23.test.csv@13.out,100,0.3845960610932476,0.0024,0.0,0.0,0.0,0.0,0.0,0.0,0.0
GHL,03_Lev_fault_Temp_corr_seed_19_vars_23.test.csv@1.out,100,0.49665047730698375,0.002416666666666667,0.0,0.0,0.0,0.0,0.0,0.0,0.0
GHL,08_Lev_fault_Temp_corr_seed_33_vars_23.test.csv@2.out,100,0.45615621650589494,0.0024,0.0,0.0,0.0,0.0,0.0,0.0,0.0
GHL,08_Lev_fault_Temp_corr_seed_33_vars_23.test.csv@10.out,100,0.4866023579849946,0.0024,0.0,0.0,0.0,0.0,0.0,0.0,0.0
GHL,16_Lev_fault_Temp_corr_seed_53_vars_23.test.csv@2.out,100,0.45789790996784563,0.0024,0.0,0.0,0.0,0.0,0.0,0.0,0.0
GHL,16_Lev_fault_Temp_corr_seed_53_vars_23.test.csv@4.out,100,0.3394962486602358,0.0024,0.0,0.0,0.0,0.0,0.0,0.0,0.0
GHL,14_Lev_fault_Temp_corr_seed_47_vars_23.test.csv@8.out,100,0.489951768488746,0.0024,0.0,0.0,0.0,0.0,0.0,0.0,0.0
GHL,09_Lev_fault_Temp_corr_seed_37_vars_23.test.csv@2.out,100,0.46061093247588425,0.0024,0.0,0.0,0.0,0.0,0.0,0.0,0.0
GHL,15_Lev_fault_Temp_corr_seed_49_vars_23.test.csv@1.out,100,0.494975884244373,0.0024,0.0,0.0,0.0,0.0,0.0,0.0,0.0
GHL,16_Lev_fault_Temp_corr_seed_53_vars_23.test.csv@8.out,100,0.4882770632368703,0.0024,0.0,0.0,0.0,0.0,0.0,0.0,0.0
GHL,30_Lev_corr_Temp_fault_seed_130_vars_23.test.csv@13.out,100,0.3692093294433643,0.023759020332580337,0.00980392156862745,0.006938421509106678,0.008125952260030472,0.006938421509106678,0.009478672985781991,0.1018539976825029,0.01734334998939471
GHL,22_Lev_fault_Temp_corr_seed_777_vars_23.test.csv@4.out,100,0.3316194942220734,0.002416666666666667,0.0,0.0,0.0,0.0,0.0,0.0,0.0
GHL,20_Lev_fault_Temp_corr_seed_67_vars_23.test.csv@2.out,100,0.46072816184351556,0.0024,0.0,0.0,0.0,0.0,0.0,0.0,0.0
GHL,07_Lev_fault_Temp_corr_seed_31_vars_23.test.csv@10.out,100,0.489951768488746,0.0024,0.0,0.0,0.0,0.0,0.0,0.0,0.0
GHL,48_Lev_corr_Temp_fault_seed_199_vars_23.test.csv@3.out,100,0.40016335413574006,0.060186883282584376,0.03753351206434316,0.010630220197418374,0.016568047337278107,0.010630220197418374,0.037037037037037035,0.22055877430153215,0.06342372921516708
GHL,47_Lev_corr_Temp_fault_seed_197_vars_23.test.csv@7.out,100,0.49485208319033563,0.014366666666666666,0.0,0.0,0.0,0.0,0.0,0.0,0.0
GHL,48_Lev_corr_Temp_fault_seed_199_vars_23.test.csv@16.out,100,0.45980413651976904,0.0439,0.0,0.0,0.0,0.0,0.0,0.0,0.0
GHL,05_Lev_fault_Temp_corr_seed_27_vars_23.test.csv@2.out,100,0.45798164523043944,0.0024,0.0,0.0,0.0,0.0,0.0,0.0,0.0
GHL,02_Lev_fault_Temp_corr_seed_17_vars_23.test.csv@1.out,100,0.49665047730698375,0.002416666666666667,0.0,0.0,0.0,0.0,0.0,0.0,0.0
GHL,02_Lev_fault_Temp_corr_seed_17_vars_23.test.csv@13.out,100,0.3887790989783956,0.002416666666666667,0.0,0.0,0.0,0.0,0.0,0.0,0.0
GHL,15_Lev_fault_Temp_corr_seed_49_vars_23.test.csv@10.out,100,0.4882770632368703,0.0024,0.0,0.0,0.0,0.0,0.0,0.0,0.0
GHL,03_Lev_fault_Temp_corr_seed_19_vars_23.test.csv@8.out,100,0.48995143192095125,0.002416666666666667,0.0,0.0,0.0,0.0,0.0,0.0,0.0
GHL,11_Lev_fault_Temp_corr_seed_41_vars_23.test.csv@4.out,100,0.3313236870310825,0.0024,0.0,0.0,0.0,0.0,0.0,0.0,0.0
GHL,05_Lev_fault_Temp_corr_seed_27_vars_23.test.csv@10.out,100,0.4882770632368703,0.0024,0.0,0.0,0.0,0.0,0.0,0.0,0.0
GHL,10_Lev_fault_Temp_corr_seed_39_vars_23.test.csv@16.out,100,0.4480823982582482,0.002416666666666667,0.0,0.0,0.0,0.0,0.0,0.0,0.0
GHL,09_Lev_fault_Temp_corr_seed_37_vars_23.test.csv@8.out,100,0.489951768488746,0.0024,0.0,0.0,0.0,0.0,0.0,0.0,0.0
GHL,22_Lev_fault_Temp_corr_seed_777_vars_23.test.csv@16.out,100,0.43803383017919945,0.002416666666666667,0.0,0.0,0.0,0.0,0.0,0.0,0.0
GHL,20_Lev_fault_Temp_corr_seed_67_vars_23.test.csv@10.out,100,0.4882770632368703,0.0024,0.0,0.0,0.0,0.0,0.0,0.0,0.0
GHL,13_Lev_fault_Temp_corr_seed_666_vars_23.test.csv@13.out,100,0.4563852875103229,0.0075864337500337695,0.006305170239596469,0.034482758620689655,0.010660980810234541,0.034482758620689655,0.006578947368421052,0.22758620689655173,0.012788219337337725
GHL,14_Lev_fault_Temp_corr_seed_47_vars_23.test.csv@13.out,100,0.38456256698821006,0.0024,0.0,0.0,0.0,0.0,0.0,0.0,0.0
GHL,16_Lev_fault_Temp_corr_seed_53_vars_23.test.csv@10.out,100,0.4882770632368703,0.0024,0.0,0.0,0.0,0.0,0.0,0.0,0.0
GHL,01_Lev_fault_Temp_corr_seed_11_vars_23.test.csv@10.out,100,0.489951768488746,0.0024,0.0,0.0,0.0,0.0,0.0,0.0,0.0
GHL,03_Lev_fault_Temp_corr_seed_19_vars_23.test.csv@2.out,100,0.46392564059621505,0.002416666666666667,0.0,0.0,0.0,0.0,0.0,0.0,0.0
GHL,01_Lev_fault_Temp_corr_seed_11_vars_23.test.csv@13.out,100,0.37270565380493037,0.0024,0.0,0.0,0.0,0.0,0.0,0.0,0.0
GHL,02_Lev_fault_Temp_corr_seed_17_vars_23.test.csv@2.out,100,0.4637916596884944,0.002416666666666667,0.0,0.0,0.0,0.0,0.0,0.0,0.0
GHL,08_Lev_fault_Temp_corr_seed_33_vars_23.test.csv@4.out,100,0.3284766881028939,0.0024,0.0,0.0,0.0,0.0,0.0,0.0,0.0
GHL,11_Lev_fault_Temp_corr_seed_41_vars_23.test.csv@8.out,100,0.4866023579849946,0.0024,0.0,0.0,0.0,0.0,0.0,0.0,0.0
GHL,34_Lev_corr_Temp_fault_seed_151_vars_23.test.csv@13.out,100,0.37487969719298886,0.02585798410198956,0.014962593516209476,0.00997506234413965,0.011970074812967581,0.00997506234413965,0.014218009478672985,0.2065598800354441,0.026604750491282397
GHL,31_Lev_corr_Temp_fault_seed_132_vars_23.test.csv@13.out,100,0.3709299223387459,0.021636415468679546,0.009448818897637795,0.005859375,0.007233273056057866,0.005859375,0.00909090909090909,0.10139049826187718,0.016685736079328755
GHL,13_Lev_fault_Temp_corr_seed_666_vars_23.test.csv@2.out,100,0.45751130463908896,0.002416666666666667,0.0,0.0,0.0,0.0,0.0,0.0,0.0
GHL,07_Lev_fault_Temp_corr_seed_31_vars_23.test.csv@2.out,100,0.456290192926045,0.0024,0.0,0.0,0.0,0.0,0.0,0.0,0.0
GHL,11_Lev_fault_Temp_corr_seed_41_vars_23.test.csv@10.out,100,0.4866023579849946,0.0024,0.0,0.0,0.0,0.0,0.0,0.0,0.0
GHL,10_Lev_fault_Temp_corr_seed_39_vars_23.test.csv@13.out,100,0.371328085747781,0.002416666666666667,0.0,0.0,0.0,0.0,0.0,0.0,0.0
GHL,22_Lev_fault_Temp_corr_seed_777_vars_23.test.csv@2.out,100,0.46071009881091946,0.002416666666666667,0.0,0.0,0.0,0.0,0.0,0.0,0.0
GHL,45_Lev_corr_Temp_fault_seed_193_vars_23.test.csv@3.out,100,0.3989814501094461,0.05217181715200727,0.030226700251889168,0.010480349344978166,0.01556420233463035,0.010480349344978166,0.02912621359223301,0.2043632498650866,0.05098583531638843
GHL,03_Lev_fault_Temp_corr_seed_19_vars_23.test.csv@13.out,100,0.3883101658013733,0.002416666666666667,0.0,0.0,0.0,0.0,0.0,0.0,0.0
GHL,12_Lev_fault_Temp_corr_seed_43_vars_23.test.csv@8.out,100,0.489951768488746,0.0024,0.0,0.0,0.0,0.0,0.0,0.0,0.0
GHL,08_Lev_fault_Temp_corr_seed_33_vars_23.test.csv@8.out,100,0.4866023579849946,0.0024,0.0,0.0,0.0,0.0,0.0,0.0,0.0
GHL,12_Lev_fault_Temp_corr_seed_43_vars_23.test.csv@10.out,100,0.489951768488746,0.0024,0.0,0.0,0.0,0.0,0.0,0.0,0.0
GHL,35_Lev_corr_Temp_fault_seed_153_vars_23.test.csv@13.out,100,0.3970777335257335,0.02575311291136855,0.015170670037926675,0.010666666666666666,0.012526096033402923,0.010666666666666666,0.014705882352941176,0.20796086791151053,0.02746928361679563
GHL,20_Lev_fault_Temp_corr_seed_67_vars_23.test.csv@4.out,100,0.34679796355841375,0.0024,0.0,0.0,0.0,0.0,0.0,0.0,0.0
GHL,19_Lev_fault_Temp_corr_seed_62_vars_23.test.csv@7.out,100,0.4966505894962487,0.0024,0.0,0.0,0.0,0.0,0.0,0.0,0.0
GHL,04_Lev_fault_Temp_corr_seed_23_vars_23.test.csv@4.out,100,0.3387874727851281,0.002416666666666667,0.0,0.0,0.0,0.0,0.0,0.0,0.0
GHL,10_Lev_fault_Temp_corr_seed_39_vars_23.test.csv@1.out,100,0.4933009546139675,0.002416666666666667,0.0,0.0,0.0,0.0,0.0,0.0,0.0
GHL,34_Lev_corr_Temp_fault_seed_151_vars_23.test.csv@1.out,100,0.496527416050283,0.02005,0.0,0.0,0.0,0.0,0.0,0.0,0.0
GHL,26_Lev_corr_Temp_fault_seed_113_vars_23.test.csv@13.out,100,0.4255026803069277,0.018939939893725995,0.0110803324099723,0.010638297872340425,0.010854816824966078,0.010638297872340425,0.0111731843575419,0.2042553191489362,0.0211873758552196
GHL,35_Lev_corr_Temp_fault_seed_153_vars_23.test.csv@4.out,100,0.3424956613756614,0.020629583026156702,0.004437869822485207,0.0026666666666666666,0.003331482509716824,0.0026666666666666666,0.0038910505836575876,0.10458015267175573,0.007502943673156439
GHL,15_Lev_fault_Temp_corr_seed_49_vars_23.test.csv@4.out,100,0.3382904608788853,0.0024,0.0,0.0,0.0,0.0,0.0,0.0,0.0
GHL,02_Lev_fault_Temp_corr_seed_17_vars_23.test.csv@10.out,100,0.48995143192095125,0.002416666666666667,0.0,0.0,0.0,0.0,0.0,0.0,0.0
GHL,05_Lev_fault_Temp_corr_seed_27_vars_23.test.csv@13.out,100,0.3629756162915327,0.0024,0.0,0.0,0.0,0.0,0.0,0.0,0.0
GHL,47_Lev_corr_Temp_fault_seed_197_vars_23.test.csv@3.out,100,0.38231595421037484,0.01924779894710007,0.009708737864077669,0.009280742459396751,0.009489916963226572,0.009280742459396751,0.009216589861751152,0.2037122969837587,0.017635302742711377
GHL,06_Lev_fault_Temp_corr_seed_29_vars_23.test.csv@10.out,100,0.489951768488746,0.0024,0.0,0.0,0.0,0.0,0.0,0.0,0.0
GHL,04_Lev_fault_Temp_corr_seed_23_vars_23.test.csv@13.out,100,0.38604923798358737,0.002416666666666667,0.0,0.0,0.0,0.0,0.0,0.0,0.0
GHL,09_Lev_fault_Temp_corr_seed_37_vars_23.test.csv@4.out,100,0.34229300643086813,0.0024,0.0,0.0,0.0,0.0,0.0,0.0,0.0
GHL,16_Lev_fault_Temp_corr_seed_53_vars_23.test.csv@1.out,100,0.4933011789924973,0.0024,0.0,0.0,0.0,0.0,0.0,0.0,0.0
GHL,15_Lev_fault_Temp_corr_seed_49_vars_23.test.csv@13.out,100,0.3604133172561629,0.0024,0.0,0.0,0.0,0.0,0.0,0.0,0.0
GHL,04_Lev_fault_Temp_corr_seed_23_vars_23.test.csv@8.out,100,0.48995143192095125,0.002416666666666667,0.0,0.0,0.0,0.0,0.0,0.0,0.0
GHL,07_Lev_fault_Temp_corr_seed_31_vars_23.test.csv@8.out,100,0.489951768488746,0.0024,0.0,0.0,0.0,0.0,0.0,0.0,0.0
GHL,16_Lev_fault_Temp_corr_seed_53_vars_23.test.csv@13.out,100,0.5244337170269143,0.008966225664495371,0.006016847172081829,0.034722222222222224,0.010256410256410256,0.0,0.006329113924050633,0.2277777777777778,0.012316010814058276
GHL,14_Lev_fault_Temp_corr_seed_47_vars_23.test.csv@10.out,100,0.489951768488746,0.0024,0.0,0.0,0.0,0.0,0.0,0.0,0.0
GHL,47_Lev_corr_Temp_fault_seed_197_vars_23.test.csv@1.out,100,0.49485208319033563,0.014366666666666666,0.0,0.0,0.0,0.0,0.0,0.0,0.0
GHL,40_Lev_corr_Temp_fault_seed_180_vars_23.test.csv@3.out,100,0.3884065186962444,0.03794096086991946,0.01982651796778191,0.009269988412514484,0.012633241215949467,0.009269988412514484,0.019230769230769232,0.2037079953650058,0.03514383383643524
GHL,01_Lev_fault_Temp_corr_seed_11_vars_23.test.csv@8.out,100,0.489951768488746,0.0024,0.0,0.0,0.0,0.0,0.0,0.0,0.0
GHL,04_Lev_fault_Temp_corr_seed_23_vars_23.test.csv@2.out,100,0.46389214536928486,0.002416666666666667,0.0,0.0,0.0,0.0,0.0,0.0,0.0
GHL,13_Lev_fault_Temp_corr_seed_666_vars_23.test.csv@8.out,100,0.48827667057444313,0.002416666666666667,0.0,0.0,0.0,0.0,0.0,0.0,0.0
GHL,22_Lev_fault_Temp_corr_seed_777_vars_23.test.csv@10.out,100,0.48995143192095125,0.002416666666666667,0.0,0.0,0.0,0.0,0.0,0.0,0.0
GHL,12_Lev_fault_Temp_corr_seed_43_vars_23.test.csv@4.out,100,0.34512325830653806,0.0024,0.0,0.0,0.0,0.0,0.0,0.0,0.0
GHL,22_Lev_fault_Temp_corr_seed_777_vars_23.test.csv@13.out,100,0.6384286118538453,0.01172662299025264,0.006557377049180328,0.041379310344827586,0.011320754716981131,0.041379310344827586,0.006802721088435374,0.23310344827586207,0.01321964956195244
GHL,11_Lev_fault_Temp_corr_seed_41_vars_23.test.csv@1.out,100,0.4933011789924973,0.0024,0.0,0.0,0.0,0.0,0.0,0.0,0.0
GHL,12_Lev_fault_Temp_corr_seed_43_vars_23.test.csv@13.out,100,0.3621885048231511,0.0024,0.0,0.0,0.0,0.0,0.0,0.0,0.0
GHL,35_Lev_corr_Temp_fault_seed_153_vars_23.test.csv@12.out,100,0.49307359307359305,0.01875,0.0,0.0,0.0,0.0,0.0,0.0,0.0
GHL,35_Lev_corr_Temp_fault_seed_153_vars_23.test.csv@1.out,100,0.49307359307359305,0.01875,0.0,0.0,0.0,0.0,0.0,0.0,0.0
GHL,07_Lev_fault_Temp_corr_seed_31_vars_23.test.csv@4.out,100,0.3246918542336549,0.0024,0.0,0.0,0.0,0.0,0.0,0.0,0.0
GHL,19_Lev_fault_Temp_corr_seed_62_vars_23.test.csv@10.out,100,0.489951768488746,0.0024,0.0,0.0,0.0,0.0,0.0,0.0,0.0
GHL,13_Lev_fault_Temp_corr_seed_666_vars_23.test.csv@10.out,100,0.48827667057444313,0.002416666666666667,0.0,0.0,0.0,0.0,0.0,0.0,0.0
GHL,20_Lev_fault_Temp_corr_seed_67_vars_23.test.csv@13.out,100,0.3809117095391211,0.0024,0.0,0.0,0.0,0.0,0.0,0.0,0.0
GHL,05_Lev_fault_Temp_corr_seed_27_vars_23.test.csv@8.out,100,0.4882770632368703,0.0024,0.0,0.0,0.0,0.0,0.0,0.0,0.0
GHL,04_Lev_fault_Temp_corr_seed_23_vars_23.test.csv@10.out,100,0.48995143192095125,0.002416666666666667,0.0,0.0,0.0,0.0,0.0,0.0,0.0
GHL,01_Lev_fault_Temp_corr_seed_11_vars_23.test.csv@4.out,100,0.32737138263665594,0.0024,0.0,0.0,0.0,0.0,0.0,0.0,0.0
GHL,22_Lev_fault_Temp_corr_seed_777_vars_23.test.csv@8.out,100,0.48995143192095125,0.002416666666666667,0.0,0.0,0.0,0.0,0.0,0.0,0.0
GHL,02_Lev_fault_Temp_corr_seed_17_vars_23.test.csv@4.out,100,0.3353374644113214,0.002416666666666667,0.0,0.0,0.0,0.0,0.0,0.0,0.0
GHL,19_Lev_fault_Temp_corr_seed_62_vars_23.test.csv@4.out,100,0.3176748392282958,0.0024,0.0,0.0,0.0,0.0,0.0,0.0,0.0
GHL,10_Lev_fault_Temp_corr_seed_39_vars_23.test.csv@10.out,100,0.486601909227935,0.002416666666666667,0.0,0.0,0.0,0.0,0.0,0.0,0.0
GHL,20_Lev_fault_Temp_corr_seed_67_vars_23.test.csv@8.out,100,0.4882770632368703,0.0024,0.0,0.0,0.0,0.0,0.0,0.0,0.0
GHL,10_Lev_fault_Temp_corr_seed_39_vars_23.test.csv@4.out,100,0.329693518673589,0.002416666666666667,0.0,0.0,0.0,0.0,0.0,0.0,0.0
GHL,06_Lev_fault_Temp_corr_seed_29_vars_23.test.csv@4.out,100,0.3290460878885316,0.0024,0.0,0.0,0.0,0.0,0.0,0.0,0.0
GHL,06_Lev_fault_Temp_corr_seed_29_vars_23.test.csv@2.out,100,0.45940514469453375,0.0024,0.0,0.0,0.0,0.0,0.0,0.0,0.0
GHL,37_Lev_corr_Temp_fault_seed_163_vars_23.test.csv@13.out,100,0.37139606461545205,0.022361999762076794,0.009732360097323601,0.0075046904315197,0.00847457627118644,0.0075046904315197,0.009433962264150943,0.1018539976825029,0.017268476680680524
GHL,19_Lev_fault_Temp_corr_seed_62_vars_23.test.csv@8.out,100,0.489951768488746,0.0024,0.0,0.0,0.0,0.0,0.0,0.0,0.0
GHL,03_Lev_fault_Temp_corr_seed_19_vars_23.test.csv@10.out,100,0.48995143192095125,0.002416666666666667,0.0,0.0,0.0,0.0,0.0,0.0,0.0
GHL,08_Lev_fault_Temp_corr_seed_33_vars_23.test.csv@13.out,100,0.363159833869239,0.0024,0.0,0.0,0.0,0.0,0.0,0.0,0.0
GHL,19_Lev_fault_Temp_corr_seed_62_vars_23.test.csv@13.out,100,0.3616191050375134,0.0024,0.0,0.0,0.0,0.0,0.0,0.0,0.0
GHL,14_Lev_fault_Temp_corr_seed_47_vars_23.test.csv@4.out,100,0.3357784030010718,0.0024,0.0,0.0,0.0,0.0,0.0,0.0,0.0
GHL,20_Lev_fault_Temp_corr_seed_67_vars_23.test.csv@1.out,100,0.4933011789924973,0.0024,0.0,0.0,0.0,0.0,0.0,0.0,0.0
GHL,31_Lev_corr_Temp_fault_seed_132_vars_23.test.csv@7.out,100,0.4948233020430701,0.017066666666666667,0.0,0.0,0.0,0.0,0.0,0.0,0.0
GHL,37_Lev_corr_Temp_fault_seed_163_vars_23.test.csv@7.out,100,0.49481578765466233,0.017766666666666667,0.0,0.0,0.0,0.0,0.0,0.0,0.0
GHL,05_Lev_fault_Temp_corr_seed_27_vars_23.test.csv@4.out,100,0.33695069667738475,0.0024,0.0,0.0,0.0,0.0,0.0,0.0,0.0
GHL,38_Lev_corr_Temp_fault_seed_166_vars_23.test.csv@13.out,100,0.3913115373646796,0.01953818555446628,0.009925558312655087,0.009269988412514484,0.009586578789694428,0.009269988412514484,0.00975609756097561,0.2037079953650058,0.018620415728849465
GHL,12_Lev_fault_Temp_corr_seed_43_vars_23.test.csv@2.out,100,0.45605573419078244,0.0024,0.0,0.0,0.0,0.0,0.0,0.0,0.0
MITDB,118.test.csv@1.out,100,0.6138530124090684,0.019833323086572333,0.009966777408637873,0.01775147928994083,0.01276595744680851,0.01775147928994083,0.010638297872340425,0.20236686390532546,0.020213960635971393
MITDB,210.test.csv@1.out,100,0.538586158847581,0.12618408302699397,0.10476190476190476,0.018760659465605456,0.03182256509161042,0.018760659465605456,0.10476190476190476,0.20277379794318387,0.13814961398940076
MITDB,219.test.csv@2.out,100,0.6132653307000855,0.061171956968191214,0.04521739130434783,0.021996615905245348,0.029595902105862264,0.021996615905245348,0.04716981132075472,0.2027980510209366,0.07653740535491947
MITDB,223.test.csv@2.out,100,0.5113533104111074,0.040433986513374195,0.03153988868274583,0.018867924528301886,0.02361111111111111,0.018867924528301886,0.031598513011152414,0.20267001457020684,0.05467291025802053
MITDB,233.test.csv@2.out,100,0.5524508690287868,0.4071456718464458,0.3633720930232558,0.02179979072200907,0.04113195129976966,0.02179979072200907,0.3633720930232558,0.20298541138020032,0.2604688141780713
MITDB,215.test.csv@2.out,100,0.5951257979176272,0.12368976879482979,0.10420475319926874,0.0286144578313253,0.044899566758566364,0.0286144578313253,0.11498257839721254,0.20558619141408843,0.1474805570459623
MITDB,109.test.csv@2.out,100,0.5093036468418558,0.043512261095679156,0.03684210526315789,0.017434620174346202,0.023668639053254437,0.017434620174346202,0.037037037037037035,0.20299794900793922,0.06264455594353101
MITDB,201.test.csv@2.out,100,0.5622374967422294,0.00977289011669556,0.005442176870748299,0.0149812734082397,0.007984031936127744,0.0149812734082397,0.005943536404160475,0.20299625468164795,0.01154893113789999
MITDB,100.test.csv@1.out,100,0.5706721373365813,0.03125757577026542,0.029213483146067417,0.036211699164345405,0.03233830845771144,0.036211699164345405,0.031496062992125984,0.20362116991643456,0.05455376549716876
MITDB,213.test.csv@1.out,100,0.45700842221815885,0.014133311724672993,0.027932960893854747,0.0351288056206089,0.03112033195020747,0.0351288056206089,0.027833001988071572,0.20398120019372168,0.04898241002567
MITDB,122.test.csv@1.out,100,0.526834319041924,0.02197449606414471,0.019390581717451522,0.030107526881720432,0.02358887952822241,0.030107526881720432,0.019390581717451522,0.20172043010752688,0.03538020519010259
MITDB,234.test.csv@2.out,100,0.5141661891918121,0.3168664881537994,0.31750741839762614,0.02288035924302363,0.042684751171836045,0.02288035924302363,0.2630597014925373,0.2001298176410952,0.22731986762953402
MITDB,215.test.csv@1.out,100,0.635619338782223,0.14982779855087258,0.11187214611872145,0.02459839357429719,0.040329218106995884,0.02459839357429719,0.11009174311926606,0.203116904840873,0.14278976175503091
MITDB,109.test.csv@1.out,100,0.5331675711359851,0.042180841397982616,0.043689320388349516,0.0224159402241594,0.02962962962962963,0.0224159402241594,0.04361370716510903,0.20375910492372737,0.07184855812834263
MITDB,212.test.csv@1.out,100,0.4930668171664448,0.012065362856516389,0.008836524300441826,0.02531645569620253,0.013100436681222707,0.02531645569620253,0.007911392405063292,0.20405063291139242,0.015232206099685909
MITDB,105.test.csv@1.out,100,0.6163288521199587,0.0730617036000803,0.03469387755102041,0.015525114155251141,0.02145110410094637,0.015525114155251141,0.04573170731707317,0.20248575929285464,0.07461215043668316
MITDB,223.test.csv@1.out,100,0.5269555119448369,0.04116958811748762,0.029069767441860465,0.016648168701442843,0.02117148906139732,0.016648168701442843,0.030805687203791468,0.20326353335453293,0.05350274430376819
MITDB,201.test.csv@1.out,100,0.5849108879262642,0.012503748590687747,0.006726457399103139,0.02247191011235955,0.010353753235547885,0.02247191011235955,0.006313131313131313,0.20359550561797754,0.012246520014814773
MITDB,117.test.csv@1.out,100,0.618169360051713,0.02439591552119103,0.022222222222222223,0.04,0.02857142857142857,0.04,0.022653721682847898,0.20457142857142857,0.040790416042711115
MITDB,212.test.csv@2.out,100,0.505580938925245,0.007480036724963319,0.0050335570469798654,0.012658227848101266,0.007202881152460984,0.0,0.0050335570469798654,0.20337552742616036,0.009823970215570245
MITDB,100.test.csv@2.out,100,0.46513761375197893,0.023970195106872358,0.01662049861495845,0.016713091922005572,0.016666666666666666,0.016713091922005572,0.02214022140221402,0.20222841225626742,0.039910942524944336
MITDB,234.test.csv@1.out,100,0.5354635061377605,0.3446513568390859,0.3417322834645669,0.023201111942692185,0.0434521425710853,0.023201111942692185,0.3417322834645669,0.20008553405324495,0.2523936431381567
MITDB,117.test.csv@2.out,100,0.5648592710456963,0.0239892635914564,0.01618705035971223,0.042352941176470586,0.02342225113858165,0.042352941176470586,0.01639344262295082,0.20847058823529413,0.03039659667901743
MITDB,111.test.csv@2.out,100,0.5340786365170436,0.018290421961251174,0.01904761904761905,0.021621621621621623,0.020253164556962026,0.021621621621621623,0.01904761904761905,0.20216216216216218,0.034814987200372356
MITDB,233.test.csv@1.out,100,0.5851076362807233,0.4342693797238179,0.43042071197411,0.02319497732821765,0.044017871917921565,0.02319497732821765,0.43042071197411,0.20298541138020032,0.2758707946299771
MITDB,221.test.csv@2.out,100,0.6502933999095808,0.32462641607559994,0.3561643835616438,0.039015606242496996,0.07032729239924262,0.039015606242496996,0.43209876543209874,0.20444662470142466,0.27756428842164593
MITDB,213.test.csv@2.out,100,0.5063724735939034,0.013738390133045114,0.015128593040847202,0.0234192037470726,0.01838235294117647,0.0234192037470726,0.015174506828528073,0.20375996125566856,0.028245501501076294
MITDB,119.test.csv@1.out,100,0.6025951720370172,0.49739356674482343,0.4351851851851852,0.023164120256283883,0.04398689751988769,0.023164120256283883,0.5208333333333334,0.20238034261835672,0.2914945664111082
MITDB,105.test.csv@2.out,100,0.6211212241409434,0.08412586163496683,0.05849056603773585,0.028310502283105023,0.038153846153846156,0.028310502283105023,0.0744047619047619,0.20264900794095178,0.10884566699438468
MITDB,219.test.csv@1.out,100,0.6272720949571728,0.06836899702837904,0.04608294930875576,0.025380710659898477,0.03273322422258593,0.025380710659898477,0.04643449419568822,0.2028976030368649,0.07557348351942776
MITDB,221.test.csv@1.out,100,0.6710831825112488,0.32117269707883966,0.23697916666666666,0.0273109243697479,0.04897739504843918,0.0273109243697479,0.23512747875354106,0.20268092883047567,0.2177018758059841
MITDB,118.test.csv@2.out,100,0.5542329346663435,0.01880812693936483,0.012244897959183673,0.01775147928994083,0.014492753623188406,0.01775147928994083,0.012269938650306749,0.20236686390532546,0.023137029394851672
Occupancy,room-occupancy.train.csv@4.out,100,0.751654357163687,0.544450644589308,0.6233183856502242,0.0803932909196067,0.14241803278688525,0.0803932909196067,0.5342261904761905,0.12372770512863321,0.20092161778742887
Occupancy,room-occupancy-0.test.csv@5.out,100,0.635567295982732,0.4782148064952859,0.5263157894736842,0.030864197530864196,0.05830903790087463,0.030864197530864196,0.5833333333333334,0.1695074779960257,0.26268332076670525
Occupancy,room-occupancy.train.csv@5.out,100,0.6224245040896117,0.36295020808766115,0.3930131004366812,0.05205320994794679,0.09193054136874361,0.05205320994794679,0.3409090909090909,0.08167023260227912,0.13177230026034553
Occupancy,room-occupancy-1.test.csv@4.out,100,0.5453799160601611,0.27240817741459844,0.2446043165467626,0.03318692044899951,0.05844434894714224,0.03318692044899951,0.20729166666666668,0.09792058203601575,0.1330098692794525
Occupancy,room-occupancy-0.test.csv@2.out,100,0.6612546457332177,0.4879405223399442,0.4307692307692308,0.02880658436213992,0.05400192864030858,0.02880658436213992,0.5,0.09328854975163992,0.15723976097413644
Occupancy,room-occupancy-0.test.csv@1.out,100,0.6524253218894552,0.4970924222999822,0.41509433962264153,0.02263374485596708,0.042926829268292686,0.02263374485596708,0.48,0.12104913444640426,0.193340548066142
Occupancy,room-occupancy-1.test.csv@3.out,100,0.619306923259539,0.38292358360531464,0.4412811387900356,0.06051732552464617,0.10643776824034334,0.06051732552464617,0.47350823045267487,0.396875874288333,0.4318185314276749
Occupancy,room-occupancy-0.test.csv@4.out,100,0.6793067678822748,0.5492657825451814,0.6333333333333333,0.03909465020576132,0.07364341085271318,0.03909465020576132,0.6041666666666667,0.1505763604442185,0.24107070751384743
Occupancy,room-occupancy-0.test.csv@3.out,100,0.5655391724335743,0.46740694428639556,0.5,0.0411522633744856,0.07604562737642585,0.0411522633744856,0.461038961038961,0.22498709099011135,0.3024019696350055
Occupancy,room-occupancy.train.csv@3.out,100,0.5789225708727457,0.3420597144556806,0.39662447257383965,0.05436668594563331,0.09562563580874874,0.05436668594563331,0.2934782608695652,0.32812264683552134,0.3098350164922687
OPPORTUNITY,S1-ADL3.test.csv@127.out,100,0.4363345922496788,0.02383676518735433,0.02,0.012345679012345678,0.015267175572519083,0.012345679012345678,0.026595744680851064,0.20197530864197533,0.04700230989346909
OPPORTUNITY,S1-ADL4.test.csv@89.out,100,0.39810299803643456,0.026873384986395764,0.03255813953488372,0.02005730659025788,0.024822695035460994,0.02005730659025788,0.05527638190954774,0.20145871320656422,0.08675018711544462
OPPORTUNITY,S3-ADL4.test.csv@16.out,100,0.41287647930360283,0.08532698215327597,0.0774487471526196,0.019871420222092345,0.03162790697674418,0.019871420222092345,0.10909090909090909,0.20066238067406975,0.14134113987741287
OPPORTUNITY,S1-ADL5.test.csv@115.out,100,0.3454463269571702,0.021923280350960396,0.007731958762886598,0.004739336492890996,0.005876591576885406,0.004739336492890996,0.00980392156862745,0.2018957345971564,0.018699793687722222
OPPORTUNITY,S4-ADL2.test.csv@119.out,100,0.34569364161849714,0.006193982987954558,0.0,0.0,0.0,0.0,0.0,0.0,0.0
OPPORTUNITY,S3-ADL3.test.csv@108.out,100,0.5102825491405698,0.07635905778094142,0.02729044834307992,0.012259194395796848,0.016918429003021148,0.012259194395796848,0.018461538461538463,0.20163455925277293,0.03382598973337795
OPPORTUNITY,S2-ADL1.test.csv@103.out,100,0.3861558026509805,0.028432763493371812,0.022304832713754646,0.013452914798206279,0.016783216783216783,0.013452914798206279,0.016483516483516484,0.20358744394618836,0.030497772005642763
OPPORTUNITY,S4-ADL2.test.csv@31.out,100,0.605072587304547,0.02514638199975259,0.031746031746031744,0.055299539170506916,0.040336134453781515,0.055299539170506916,0.024154589371980676,0.20884792626728113,0.043301128198856516
OPPORTUNITY,S1-ADL4.test.csv@18.out,100,0.37225469863617333,0.027311410723300362,0.01971830985915493,0.01002865329512894,0.013295346628679962,0.01002865329512894,0.01702127659574468,0.2020057306590258,0.031396999471149836
OPPORTUNITY,S1-ADL5.test.csv@93.out,100,0.35731505659295,0.022791282378223143,0.02107728337236534,0.014218009478672985,0.016981132075471698,0.014218009478672985,0.034013605442176874,0.20227488151658768,0.0582347290747937
OPPORTUNITY,S2-ADL3.test.csv@76.out,100,0.43779809369025224,0.026077300616359843,0.02569593147751606,0.02058319039451115,0.022857142857142857,0.02058319039451115,0.017391304347826087,0.20411663807890223,0.03205171368931385
OPPORTUNITY,S1-ADL2.test.csv@115.out,100,0.39102519603750197,0.02334923676405246,0.006382978723404255,0.003947368421052632,0.004878048780487805,0.003947368421052632,0.0045045045045045045,0.20315789473684212,0.008813590282217553
OPPORTUNITY,S2-ADL2.test.csv@68.out,100,0.4215405872333708,0.031959250317232846,0.06666666666666667,0.06396588486140725,0.06528835690968444,0.06396588486140725,0.06601123595505617,0.20426439232409382,0.09977773493506005
OPPORTUNITY,S3-ADL1.test.csv@80.out,100,0.45499863695026926,0.061808164578230254,0.020442930153321975,0.005961251862891207,0.009230769230769232,0.005961251862891207,0.02631578947368421,0.20119225037257826,0.046543699362178934
OPPORTUNITY,S1-ADL2.test.csv@54.out,100,0.35682684621533545,0.02777297107808404,0.027472527472527472,0.013157894736842105,0.017793594306049824,0.013157894736842105,0.03225806451612903,0.20263157894736844,0.05565594506685941
OPPORTUNITY,S2-ADL3.test.csv@78.out,100,0.410793032176719,0.02440673515097889,0.014450867052023121,0.008576329331046312,0.010764262648008612,0.008576329331046312,0.018072289156626505,0.2022870211549457,0.03318025940248023
OPPORTUNITY,S3-ADL2.test.csv@54.out,100,0.49505454901402435,0.04675526875679388,0.04825737265415549,0.020454545454545454,0.028731045490822026,0.020454545454545454,0.052083333333333336,0.20327272727272727,0.08292046162518173
OPPORTUNITY,S3-ADL4.test.csv@56.out,100,0.28456537104959906,0.054877310886078175,0.026041666666666668,0.0058445353594389245,0.00954653937947494,0.0058445353594389245,0.020833333333333332,0.2011689070718878,0.03775654596711384
OPPORTUNITY,S4-ADL2.test.csv@125.out,100,0.44031845182600365,0.00919919549568807,0.005607476635514018,0.013824884792626729,0.007978723404255319,0.013824884792626729,0.006688963210702341,0.2055299539170507,0.01295626534199021
OPPORTUNITY,S3-ADL4.test.csv@40.out,100,0.335196263841669,0.05712598936506779,0.03757225433526012,0.007597895967270602,0.012639766650461837,0.007597895967270602,0.024896265560165973,0.20101305279563608,0.044305160848459424
OPPORTUNITY,S1-ADL4.test.csv@109.out,100,0.3917289917854707,0.025452208297747206,0.010526315789473684,0.0057306590257879654,0.0074211502782931356,0.0057306590257879654,0.01056338028169014,0.20152817574021015,0.02007452628240704
OPPORTUNITY,S3-ADL3.test.csv@57.out,100,0.3354041908727038,0.041673505159078764,0.016,0.005253940455341506,0.007910349373764008,0.005253940455341506,0.012269938650306749,0.20210157618213662,0.02313529335110915
OPPORTUNITY,S2-ADL4.test.csv@55.out,100,0.4146968974347537,0.026502313033799584,0.034782608695652174,0.033542976939203356,0.03415154749199573,0.033542976939203356,0.025830258302583026,0.20383348307876611,0.045850263406597
OPPORTUNITY,S3-ADL4.test.csv@54.out,100,0.49151462034440574,0.06668947207160772,0.040268456375838924,0.0070134424313267095,0.011946241911398706,0.0070134424313267095,0.02631578947368421,0.2028053769725307,0.04658656105256092
OPPORTUNITY,S4-ADL1.test.csv@38.out,100,0.38120721842253824,0.02664033597204975,0.033707865168539325,0.023026315789473683,0.02736156351791531,0.023026315789473683,0.014705882352941176,0.2036842105263158,0.02743124468386731
OPPORTUNITY,S3-ADL4.test.csv@120.out,100,0.45344209785587053,0.07603922871923657,0.03824091778202677,0.011689070718877849,0.017905102954341987,0.011689070718877849,0.01990049751243781,0.20233781414377558,0.03623698485677127
OPPORTUNITY,S1-ADL4.test.csv@82.out,100,0.32572419723639295,0.02529788438835434,0.017632241813602016,0.01002865329512894,0.012785388127853882,0.01002865329512894,0.01818181818181818,0.20267430754536772,0.033370026733763165
OPPORTUNITY,S3-ADL1.test.csv@67.out,100,0.4482855013045099,0.05557396057644525,0.0,0.0,0.0,0.0,0.0,0.0,0.0
OPPORTUNITY,S3-ADL5.test.csv@63.out,100,0.3830199030717094,0.03898448841104239,0.028446389496717725,0.012252591894439209,0.017127799736495388,0.012252591894439209,0.028169014084507043,0.20163367891925857,0.049432161713566125
OPPORTUNITY,S1-ADL3.test.csv@76.out,100,0.47525295763135833,0.031201238307154714,0.01775147928994083,0.013888888888888888,0.015584415584415584,0.013888888888888888,0.0037735849056603774,0.2111111111111111,0.007414634146341463
OPPORTUNITY,S4-ADL5.test.csv@94.out,100,0.4322368283776734,0.023549016998186064,0.02030456852791878,0.016666666666666666,0.018306636155606407,0.016666666666666666,0.016304347826086956,0.20444444444444446,0.03020024072655652
OPPORTUNITY,S4-ADL4.test.csv@94.out,100,0.4364660217771048,0.018707175909540453,0.030181086519114688,0.042134831460674156,0.035169988276670575,0.042134831460674156,0.02577319587628866,0.20674157303370788,0.04583271060628705
OPPORTUNITY,S3-ADL4.test.csv@42.out,100,0.34167643974600687,0.05760808685582001,0.024922118380062305,0.004675628287551139,0.007874015748031496,0.004675628287551139,0.023255813953488372,0.2007481005260082,0.04168284726806726
OPPORTUNITY,S1-ADL5.test.csv@112.out,100,0.4250986109197114,0.020468937210087374,0.0071090047393364926,0.004739336492890996,0.005687203791469194,0.004739336492890996,0.007194244604316547,0.2018957345971564,0.013893418563694476
OPPORTUNITY,S3-ADL3.test.csv@42.out,100,0.35978042797540555,0.044497182029138015,0.03494623655913978,0.01138353765323993,0.017173051519154558,0.01138353765323993,0.03333333333333333,0.201517805020432,0.05720440798740575
OPPORTUNITY,S4-ADL5.test.csv@65.out,100,0.3166369979134063,0.019110940752555726,0.020785219399538105,0.01875,0.019715224534501644,0.01875,0.021739130434782608,0.203,0.039272586573805376
OPPORTUNITY,S3-ADL4.test.csv@84.out,100,0.3321514112107313,0.06232792547722506,0.022613065326633167,0.005260081823495032,0.008534850640113799,0.005260081823495032,0.015228426395939087,0.20140268848626536,0.028315840217367487
OPPORTUNITY,S1-ADL3.test.csv@124.out,100,0.44631261014539386,0.02185355276297936,0.00927643784786642,0.007716049382716049,0.008424599831508003,0.007716049382716049,0.010526315789473684,0.20154320987654323,0.020007659900421294
OPPORTUNITY,S3-ADL2.test.csv@26.out,100,0.3798941722431836,0.04099763216467033,0.07052896725440806,0.031818181818181815,0.04385277995301488,0.031818181818181815,0.07627118644067797,0.20282828282828283,0.11085620345720211
OPPORTUNITY,S3-ADL4.test.csv@51.out,100,0.41649819441984737,0.06614842314118101,0.04119850187265917,0.012857977790765635,0.019599109131403118,0.012857977790765635,0.0311284046692607,0.20128579777907657,0.05391844131242246
OPPORTUNITY,S1-ADL5.test.csv@68.out,100,0.36127541717104406,0.022220380059161392,0.01694915254237288,0.009478672985781991,0.0121580547112462,0.009478672985781991,0.011363636363636364,0.20379146919431282,0.021526908635794748
OPPORTUNITY,S3-ADL5.test.csv@66.out,100,0.35201902263261936,0.037472931465526785,0.0477326968973747,0.01885014137606032,0.02702702702702703,0.01885014137606032,0.06832298136645963,0.2013709193728044,0.10202871873885082
OPPORTUNITY,S4-ADL4.test.csv@42.out,100,0.4849548726727172,0.024188085575428474,0.03571428571428571,0.03932584269662921,0.0374331550802139,0.03932584269662921,0.03184713375796178,0.2062921348314607,0.055176227340481804
OPPORTUNITY,S3-ADL3.test.csv@52.out,100,0.3982390674474971,0.04494998504860312,0.035398230088495575,0.010507880910683012,0.016205266711681297,0.010507880910683012,0.018633540372670808,0.20280210157618214,0.03413110115538788
OPPORTUNITY,S4-ADL4.test.csv@104.out,100,0.4823483895504638,0.022998718274610024,0.026066350710900472,0.03089887640449438,0.028277634961439587,0.03089887640449438,0.02459016393442623,0.20411985018726592,0.04389261744966443
OPPORTUNITY,S3-ADL4.test.csv@55.out,100,0.3302320800247411,0.06578569981272289,0.10584958217270195,0.022209234365867914,0.03671497584541063,0.022209234365867914,0.16,0.20088836937463472,0.17812787458703114
OPPORTUNITY,S1-ADL4.test.csv@98.out,100,0.37050542994923374,0.026548013474217962,0.016574585635359115,0.008595988538681949,0.011320754716981131,0.008595988538681949,0.012422360248447204,0.2034383954154728,0.023414955890840135
OPPORTUNITY,S3-ADL1.test.csv@58.out,100,0.26876009442166726,0.05557396057644525,0.0,0.0,0.0,0.0,0.0,0.0,0.0
OPPORTUNITY,S2-ADL5.test.csv@40.out,100,0.3175965308334448,0.02114639127631344,0.014388489208633094,0.008438818565400843,0.010638297872340425,0.008438818565400843,0.00796812749003984,0.20337552742616036,0.015335422599067785
OPPORTUNITY,S1-ADL5.test.csv@127.out,100,0.3793641477017308,0.021510002710959337,0.011547344110854504,0.007898894154818325,0.009380863039399626,0.007898894154818325,0.01327433628318584,0.20210637177461824,0.024912425705192143
OPPORTUNITY,S1-ADL5.test.csv@79.out,100,0.46445393456007034,0.019116936458081664,0.0,0.0,0.0,0.0,0.0,0.0,0.0
OPPORTUNITY,S3-ADL4.test.csv@80.out,100,0.45747994404267533,0.06366064338343613,0.03664921465968586,0.012273524254821741,0.01838879159369527,0.012273524254821741,0.03389830508474576,0.2016364699006429,0.05803928165874585
OPPORTUNITY,S1-ADL3.test.csv@38.out,100,0.4595503640914469,0.02897197040701724,0.016100178890876567,0.013888888888888888,0.014913007456503728,0.013888888888888888,0.005479452054794521,0.20555555555555557,0.010674359899026325
OPPORTUNITY,S2-ADL4.test.csv@78.out,100,0.48185573159925277,0.018287853023669642,0.011210762331838564,0.010482180293501049,0.010834236186348862,0.010482180293501049,0.020833333333333332,0.20209643605870023,0.037772814544884604
OPPORTUNITY,S3-ADL3.test.csv@109.out,100,0.4562571594806289,0.040099038993720124,0.021314387211367674,0.010507880910683012,0.01407624633431085,0.010507880910683012,0.02127659574468085,0.2010507880910683,0.038480876881305935
OPPORTUNITY,S3-ADL5.test.csv@93.out,100,0.4022467525726786,0.045887001664460705,0.04964539007092199,0.019792648444863337,0.02830188679245283,0.019792648444863337,0.05309734513274336,0.20263901979264845,0.08414598349695052
OPPORTUNITY,S1-ADL4.test.csv@80.out,100,0.37551518931563127,0.027070537877207278,0.026455026455026454,0.014326647564469915,0.01858736059479554,0.014326647564469915,0.02459016393442623,0.20382043935052532,0.04388568608230108
OPPORTUNITY,S1-ADL5.test.csv@103.out,100,0.38055793585619735,0.02416634289888968,0.01278772378516624,0.007898894154818325,0.009765625,0.007898894154818325,0.012048192771084338,0.20315955766192734,0.022747373262107757
OPPORTUNITY,S1-ADL5.test.csv@89.out,100,0.4895226920947265,0.03343375925706004,0.018518518518518517,0.01579778830963665,0.017050298380221655,0.01579778830963665,0.009404388714733543,0.20421274354923646,0.017980730295227704
OPPORTUNITY,S4-ADL4.test.csv@118.out,100,0.4786808749224297,0.02335536252043043,0.023316062176165803,0.025280898876404494,0.02425876010781671,0.025280898876404494,0.014084507042253521,0.20674157303370788,0.026372366346567293
OPPORTUNITY,S3-ADL3.test.csv@81.out,100,0.40199018211906007,0.04755568024729418,0.05774278215223097,0.01926444833625219,0.028890347997373604,0.01926444833625219,0.06,0.20171239540766686,0.09248888426249498
OPPORTUNITY,S1-ADL2.test.csv@104.out,100,0.5220860558516749,0.0567096262472805,0.018633540372670808,0.015789473684210527,0.017094017094017096,0.015789473684210527,0.008097165991902834,0.20631578947368423,0.015582763555414216
OPPORTUNITY,S1-ADL5.test.csv@128.out,100,0.408967167130044,0.025505968432136306,0.010845986984815618,0.007898894154818325,0.009140767824497258,0.007898894154818325,0.003367003367003367,0.20631911532385466,0.006625876431970614
OPPORTUNITY,S1-ADL2.test.csv@68.out,100,0.4534495480538646,0.024839596136637075,0.006201550387596899,0.005263157894736842,0.0056939501779359435,0.005263157894736842,0.0071090047393364926,0.20210526315789476,0.013734888046355248
OPPORTUNITY,S2-ADL5.test.csv@80.out,100,0.39494617005292626,0.02286611413061794,0.01098901098901099,0.007032348804500703,0.008576329331046312,0.007032348804500703,0.015544041450777202,0.20187529301453352,0.0288654910127725
OPPORTUNITY,S1-ADL1.test.csv@90.out,100,0.5014608193686751,0.03339006973953068,0.044444444444444446,0.020378457059679767,0.027944111776447105,0.020378457059679767,0.07037037037037037,0.2016302765647744,0.104329143328299
OPPORTUNITY,S2-ADL2.test.csv@66.out,100,0.4408252114366525,0.022497081319204616,0.02666666666666667,0.0255863539445629,0.026115342763873776,0.0255863539445629,0.02666666666666667,0.20341151385927506,0.047151859631780556
OPPORTUNITY,S1-ADL3.test.csv@49.out,100,0.3321072991312068,0.01973563988548456,0.0,0.0,0.0,0.0,0.0,0.0,0.0
OPPORTUNITY,S3-ADL4.test.csv@45.out,100,0.3326941808917921,0.0618783625884886,0.029850746268656716,0.0070134424313267095,0.011358258400378608,0.0070134424313267095,0.02072538860103627,0.20140268848626536,0.037583263123740655
OPPORTUNITY,S4-ADL2.test.csv@38.out,100,0.5476333874963373,0.02570074826079511,0.041015625,0.0967741935483871,0.05761316872427984,0.0967741935483871,0.027450980392156862,0.2110599078341014,0.04858311865434156
OPPORTUNITY,S3-ADL1.test.csv@53.out,100,0.4680346014046973,0.10757504123667808,0.0,0.0,0.0,0.0,0.0,0.0,0.0
OPPORTUNITY,S1-ADL1.test.csv@93.out,100,0.41210824773615196,0.023230695229841718,0.04440497335701599,0.036390101892285295,0.04,0.036390101892285295,0.06217616580310881,0.20242600679281902,0.09513204549859575
OPPORTUNITY,S1-ADL4.test.csv@120.out,100,0.48879860591963487,0.036865606723313966,0.027597402597402596,0.024355300859598854,0.0258751902587519,0.024355300859598854,0.024875621890547265,0.20389684813753584,0.044341531988713975
OPPORTUNITY,S1-ADL3.test.csv@55.out,100,0.40496903989621774,0.021593826722901797,0.004672897196261682,0.0030864197530864196,0.0037174721189591076,0.0030864197530864196,0.009900990099009901,0.2012345679012346,0.018873386209691426
OPPORTUNITY,S2-ADL4.test.csv@96.out,100,0.351581934279646,0.01909032416442872,0.010498687664041995,0.008385744234800839,0.009324009324009324,0.008385744234800839,0.010638297872340425,0.20335429769392036,0.020218863991662325
OPPORTUNITY,S1-ADL3.test.csv@40.out,100,0.4083092686933027,0.020956889178150993,0.005870841487279843,0.004629629629629629,0.005176876617773943,0.004629629629629629,0.0035335689045936395,0.20370370370370372,0.006946637196084623
OPPORTUNITY,S1-ADL1.test.csv@38.out,100,0.4495773779428634,0.022983066380286826,0.013774104683195593,0.01455604075691412,0.014154281670205236,0.01455604075691412,0.0087527352297593,0.20291120815138283,0.01678158359642338
OPPORTUNITY,S1-ADL5.test.csv@54.out,100,0.4772250618820291,0.02630364771296143,0.012944983818770227,0.01263823064770932,0.012789768185451638,0.01263823064770932,0.005263157894736842,0.21011058451816747,0.01026908080145157
OPPORTUNITY,S2-ADL1.test.csv@119.out,100,0.4893144767062084,0.043399652503999304,0.03838383838383838,0.021300448430493273,0.0273972602739726,0.021300448430493273,0.04395604395604396,0.20213004484304933,0.07220917833524403
OPPORTUNITY,S4-ADL5.test.csv@68.out,100,0.35968081637976007,0.020214447107486457,0.013215859030837005,0.0125,0.01284796573875803,0.0125,0.005555555555555556,0.21000000000000002,0.010824742268041237
OPPORTUNITY,S1-ADL5.test.csv@92.out,100,0.43769695768309946,0.021854410404727263,0.017977528089887642,0.01263823064770932,0.014842300556586271,0.01263823064770932,0.022026431718061675,0.2020221169036335,0.0397219833905701
OPPORTUNITY,S2-ADL1.test.csv@102.out,100,0.46866555644736113,0.03945520584435383,0.031192660550458717,0.01905829596412556,0.023660403618649965,0.01905829596412556,0.019867549668874173,0.20254110612855009,0.03618560142427952
OPPORTUNITY,S1-ADL5.test.csv@110.out,100,0.4419622017848732,0.02066491714932382,0.00539568345323741,0.004739336492890996,0.005046257359125316,0.004739336492890996,0.005390835579514825,0.2018957345971564,0.010501275683137565
OPPORTUNITY,S1-ADL1.test.csv@77.out,100,0.489544633488806,0.017770172033854163,0.005681818181818182,0.002911208151382824,0.0038498556304138597,0.002911208151382824,0.009389671361502348,0.20116448326055314,0.017941877146176965
OPPORTUNITY,S2-ADL2.test.csv@92.out,100,0.48072876388713,0.01708267633544293,0.003418803418803419,0.0042643923240938165,0.003795066413662239,0.0042643923240938165,0.008583690987124463,0.20170575692963755,0.016466635915021018
OPPORTUNITY,S4-ADL1.test.csv@40.out,100,0.39313438996401606,0.0230428417615121,0.018032786885245903,0.01206140350877193,0.01445466491458607,0.01206140350877193,0.010948905109489052,0.20321637426900585,0.020778314813892074
OPPORTUNITY,S2-ADL2.test.csv@119.out,100,0.4590972899205573,0.02669669456083095,0.03787878787878788,0.031982942430703626,0.03468208092485549,0.031982942430703626,0.03910614525139665,0.20365519342065186,0.06561316244732245
OPPORTUNITY,S3-ADL5.test.csv@104.out,100,0.414913912856197,0.04835423087355555,0.037914691943127965,0.015080113100848256,0.02157788267026298,0.015080113100848256,0.04093567251461988,0.2017234414972398,0.0680599595303023
OPPORTUNITY,S2-ADL2.test.csv@79.out,100,0.3901834587160783,0.019480043267874246,0.014150943396226415,0.01279317697228145,0.013437849944008958,0.01279317697228145,0.02127659574468085,0.2025586353944563,0.038508309687880014
OPPORTUNITY,S1-ADL2.test.csv@81.out,100,0.40498018589177237,0.023852403040826385,0.012875536480686695,0.007894736842105263,0.009787928221859706,0.007894736842105263,0.006666666666666667,0.20631578947368423,0.012915980230642506
OPPORTUNITY,S3-ADL3.test.csv@50.out,100,0.334765999374322,0.044067613561993284,0.0481283422459893,0.01576182136602452,0.023746701846965697,0.01576182136602452,0.024630541871921183,0.20252189141856394,0.0439196169224973
OPPORTUNITY,S2-ADL2.test.csv@96.out,100,0.3724969664236844,0.020489428427385964,0.018617021276595744,0.014925373134328358,0.016568047337278107,0.014925373134328358,0.02631578947368421,0.20238805970149254,0.046575530672528676
OPPORTUNITY,S2-ADL3.test.csv@54.out,100,0.42902611252305833,0.025923481906601202,0.02459016393442623,0.015437392795883362,0.018967334035827187,0.015437392795883362,0.025806451612903226,0.2030874785591767,0.04579385031908721
OPPORTUNITY,S1-ADL5.test.csv@122.out,100,0.3733051705487477,0.02412544298809187,0.021377672209026127,0.014218009478672985,0.017077798861480076,0.014218009478672985,0.017482517482517484,0.20227488151658768,0.03218343653951143
OPPORTUNITY,S3-ADL4.test.csv@66.out,100,0.38889812859759876,0.053647709686902606,0.04201680672268908,0.011689070718877849,0.01828989483310471,0.011689070718877849,0.0456989247311828,0.2010390285083447,0.07446983580117623
OPPORTUNITY,S4-ADL5.test.csv@39.out,100,0.46529290558163794,0.030757742115693466,0.050666666666666665,0.03958333333333333,0.044444444444444446,0.03958333333333333,0.04339250493096647,0.20395833333333335,0.07156040421760504
OPPORTUNITY,S1-ADL2.test.csv@111.out,100,0.391025196037502,0.02334923676405246,0.006382978723404255,0.003947368421052632,0.004878048780487805,0.003947368421052632,0.0045045045045045045,0.20315789473684212,0.008813590282217553
OPPORTUNITY,S2-ADL3.test.csv@94.out,100,0.4035863189083426,0.019848585202871038,0.013043478260869565,0.010291595197255575,0.011505273250239693,0.010291595197255575,0.010582010582010581,0.20411663807890223,0.02012089444984571
OPPORTUNITY,S2-ADL3.test.csv@91.out,100,0.41901099460092456,0.023531421090942264,0.016786570743405275,0.012006861063464836,0.014,0.012006861063464836,0.014150943396226415,0.20320182961692396,0.026459267568164503
OPPORTUNITY,S2-ADL3.test.csv@55.out,100,0.39149671685896276,0.02318352239513967,0.03888888888888889,0.024013722126929673,0.029692470837751856,0.024013722126929673,0.03626943005181347,0.20274442538593482,0.061531368057827884
OPPORTUNITY,S3-ADL3.test.csv@68.out,100,0.43094544614637936,0.041381026478161366,0.020316027088036117,0.00788091068301226,0.011356466876971609,0.00788091068301226,0.017241379310344827,0.20210157618213662,0.03177225296660334
OPPORTUNITY,S1-ADL3.test.csv@110.out,100,0.46916883140777066,0.022293160915866986,0.005797101449275362,0.006172839506172839,0.005979073243647235,0.006172839506172839,0.0023923444976076554,0.20493827160493827,0.0047294794723496385
OPPORTUNITY,S4-ADL2.test.csv@32.out,100,0.6532953304387202,0.02526837654668464,0.03614457831325301,0.06912442396313365,0.04746835443037975,0.06912442396313365,0.04371584699453552,0.20691244239631337,0.07218141810764918
OPPORTUNITY,S3-ADL4.test.csv@109.out,100,0.4806917324815856,0.07847412537885469,0.035483870967741936,0.012857977790765635,0.018876018876018877,0.012857977790765635,0.024830699774266364,0.20093512565751023,0.04419942451222619
OPPORTUNITY,S2-ADL2.test.csv@77.out,100,0.5419981858185732,0.04342475490595297,0.03309692671394799,0.029850746268656716,0.03139013452914798,0.029850746268656716,0.024,0.20796019900497514,0.04303363074811256
OPPORTUNITY,S4-ADL5.test.csv@52.out,100,0.39505679447052683,0.025076308227050113,0.04807692307692308,0.03125,0.03787878787878788,0.03125,0.02666666666666667,0.20625000000000002,0.047227191413237925
OPPORTUNITY,S1-ADL3.test.csv@122.out,100,0.46597755089098863,0.01973563988548456,0.0,0.0,0.0,0.0,0.0,0.0,0.0
OPPORTUNITY,S3-ADL4.test.csv@17.out,100,0.35465321652318943,0.06571105820050607,0.08009153318077804,0.020455873758036237,0.032588454376163874,0.020455873758036237,0.08764940239043825,0.20074384995483768,0.12202142969026056
OPPORTUNITY,S1-ADL5.test.csv@41.out,100,0.4288076633411246,0.023460386002839666,0.017094017094017096,0.01263823064770932,0.014532243415077202,0.01263823064770932,0.010830324909747292,0.20337019483938917,0.02056545231214899
OPPORTUNITY,S1-ADL5.test.csv@67.out,100,0.37920495941219484,0.022920562904938047,0.019390581717451522,0.011058451816745656,0.014084507042253521,0.011058451816745656,0.016260162601626018,0.20442338072669827,0.03012419829823888
OPPORTUNITY,S1-ADL5.test.csv@109.out,100,0.42830921400075134,0.020541931191266873,0.0056179775280898875,0.004739336492890996,0.005141388174807198,0.004739336492890996,0.0051813471502590676,0.2018957345971564,0.010103405748980172
OPPORTUNITY,S2-ADL4.test.csv@68.out,100,0.4039601762292337,0.021260489059455396,0.026694045174537988,0.027253668763102725,0.026970954356846474,0.027253668763102725,0.017341040462427744,0.20726764500349407,0.03200443127212039
OPPORTUNITY,S4-ADL5.test.csv@17.out,100,0.4538119457485654,0.02319222025206088,0.009328358208955223,0.010416666666666666,0.00984251968503937,0.010416666666666666,0.0056657223796034,0.2041666666666667,0.011025482364853463
OPPORTUNITY,S2-ADL3.test.csv@77.out,100,0.43759142745919516,0.025109464072702103,0.016166281755196306,0.012006861063464836,0.013779527559055118,0.012006861063464836,0.020161290322580645,0.20192109777015438,0.03666197855093623
OPPORTUNITY,S2-ADL2.test.csv@126.out,100,0.47197016092865385,0.015596822893077638,0.002638522427440633,0.0042643923240938165,0.0032599837000814994,0.0042643923240938165,0.004555808656036446,0.20170575692963755,0.00891036418523385
OPPORTUNITY,S1-ADL3.test.csv@129.out,100,0.4241628656474768,0.029070777071681167,0.03140096618357488,0.020061728395061727,0.02448210922787194,0.020061728395061727,0.02358490566037736,0.20320987654320988,0.04226451526760679
OPPORTUNITY,S1-ADL1.test.csv@95.out,100,0.3768298882688274,0.017910730568093784,0.019169329073482427,0.017467248908296942,0.01827875095201828,0.017467248908296942,0.017142857142857144,0.20465793304221253,0.03163579089477237
OPPORTUNITY,S1-ADL5.test.csv@104.out,100,0.47451166797083005,0.0265336963384761,0.010186757215619695,0.009478672985781991,0.009819967266775777,0.009478672985781991,0.003968253968253968,0.2075829383886256,0.00778763579467667
OPPORTUNITY,S4-ADL5.test.csv@120.out,100,0.5223188575899843,0.033165519825848325,0.01859504132231405,0.01875,0.01867219917012448,0.01875,0.017241379310344827,0.203,0.03178330984812901
OPPORTUNITY,S3-ADL4.test.csv@79.out,100,0.39556461986064356,0.05477934741614711,0.028888888888888888,0.007597895967270602,0.012031466913465988,0.007597895967270602,0.03571428571428571,0.20075978959672708,0.0606408332597758
OPPORTUNITY,S1-ADL3.test.csv@104.out,100,0.49436702461228427,0.037208720880979824,0.010221465076660987,0.009259259259259259,0.009716599190283401,0.009259259259259259,0.00975609756097561,0.20370370370370372,0.018620397799407534
OPPORTUNITY,S1-ADL4.test.csv@53.out,100,0.45578067988912835,0.02356547500306117,0.008741258741258742,0.0071633237822349575,0.007874015748031496,0.0071633237822349575,0.004098360655737705,0.20573065902578797,0.008036623722590971
OPPORTUNITY,S1-ADL4.test.csv@104.out,100,0.5064398207725794,0.046834646251740594,0.009302325581395349,0.008595988538681949,0.008935219657483246,0.008595988538681949,0.004329004329004329,0.20687679083094557,0.008480548769028378
OPPORTUNITY,S1-ADL4.test.csv@17.out,100,0.39692308661976616,0.027173270324546226,0.013422818791946308,0.008595988538681949,0.010480349344978166,0.008595988538681949,0.019455252918287938,0.20137535816618912,0.035482476866717565
OPPORTUNITY,S1-ADL4.test.csv@115.out,100,0.3860386161795752,0.027540618910512987,0.015544041450777202,0.008595988538681949,0.01107011070110701,0.008595988538681949,0.018333333333333333,0.20171919770773641,0.033611840534733824
OPPORTUNITY,S1-ADL5.test.csv@38.out,100,0.3192204407089846,0.022166536099545213,0.02466367713004484,0.017377567140600316,0.020389249304911955,0.017377567140600316,0.0176678445229682,0.20278041074249606,0.032503707185051335
OPPORTUNITY,S2-ADL3.test.csv@96.out,100,0.3667855228070339,0.024782225493344863,0.01876675603217158,0.012006861063464836,0.014644351464435146,0.012006861063464836,0.020833333333333332,0.20240137221269297,0.037778133504081955
OPPORTUNITY,S1-ADL2.test.csv@77.out,100,0.4926827768554387,0.022322739822592964,0.0,0.0,0.0,0.0,0.0,0.0,0.0
OPPORTUNITY,S4-ADL5.test.csv@128.out,100,0.4564482263954095,0.022760829769578644,0.015217391304347827,0.014583333333333334,0.014893617021276596,0.014583333333333334,0.010101010101010102,0.2038888888888889,0.019248420003671364
OPPORTUNITY,S1-ADL4.test.csv@93.out,100,0.43146895089186216,0.07403319443856318,0.29080118694362017,0.14040114613180515,0.18937198067632852,0.14040114613180515,0.46918238993710687,0.20149761222540594,0.28192023309389963
OPPORTUNITY,S4-ADL3.test.csv@120.out,100,0.5183376504653276,0.05353121571203822,0.029185867895545316,0.024771838331160364,0.02679830747531735,0.024771838331160364,0.02767175572519084,0.20247718383311605,0.048689332931165515
OPPORTUNITY,S1-ADL5.test.csv@126.out,100,0.4502147429687043,0.02101712833686933,0.006389776357827476,0.00631911532385466,0.006354249404289118,0.00631911532385466,0.007009345794392523,0.2016850974196946,0.013547850796776343
OPPORTUNITY,S3-ADL5.test.csv@53.out,100,0.3349222715845756,0.038006952617832025,0.03724928366762178,0.012252591894439209,0.018439716312056736,0.012252591894439209,0.037267080745341616,0.20163367891925857,0.06290728086267988
OPPORTUNITY,S1-ADL3.test.csv@67.out,100,0.45793351191468795,0.02085564763382498,0.001564945226917058,0.0015432098765432098,0.001554001554001554,0.0015432098765432098,0.0045871559633027525,0.2012345679012346,0.008969843715606428
OPPORTUNITY,S2-ADL5.test.csv@66.out,100,0.44931123148634544,0.023339856160279667,0.007619047619047619,0.005625879043600563,0.006472491909385114,0.005625879043600563,0.007017543859649123,0.20225035161744023,0.013564438155877845
OPPORTUNITY,S3-ADL4.test.csv@110.out,100,0.48283692132531875,0.05242583988312089,0.003738317757009346,0.0011689070718877848,0.0017809439002671415,0.0011689070718877848,0.0056657223796034,0.20046756282875514,0.011019991807294722
OPPORTUNITY,S3-ADL4.test.csv@69.out,100,0.274263799067299,0.056988125319134164,0.027439024390243903,0.005260081823495032,0.008827856792545365,0.005260081823495032,0.02806122448979592,0.20070134424313268,0.04923817307529371
OPPORTUNITY,S4-ADL5.test.csv@55.out,100,0.3922898408972352,0.02554508112751517,0.03233256351039261,0.029166666666666667,0.03066812705366922,0.029166666666666667,0.036585365853658534,0.2038888888888889,0.06203865442046543
OPPORTUNITY,S1-ADL1.test.csv@66.out,100,0.4695305199577567,0.021313825821515413,0.025974025974025976,0.03202328966521106,0.028683181225554105,0.03202328966521106,0.03291139240506329,0.2019706639793976,0.05659977504332588
OPPORTUNITY,S3-ADL3.test.csv@54.out,100,0.49450795108017154,0.058051533559701204,0.060897435897435896,0.016637478108581436,0.026134800550206328,0.016637478108581436,0.047058823529411764,0.2033274956217163,0.07642871837070561
OPPORTUNITY,S1-ADL4.test.csv@111.out,100,0.3860393012717503,0.02754067493214146,0.015544041450777202,0.008595988538681949,0.01107011070110701,0.008595988538681949,0.018333333333333333,0.20171919770773641,0.033611840534733824
OPPORTUNITY,S1-ADL5.test.csv@94.out,100,0.4305176104711666,0.024326900894343754,0.016241299303944315,0.011058451816745656,0.013157894736842105,0.011058451816745656,0.011560693641618497,0.20442338072669827,0.021883799392868317
OPPORTUNITY,S2-ADL5.test.csv@89.out,100,0.3403186899810526,0.021013184156678435,0.01279317697228145,0.008438818565400843,0.010169491525423728,0.008438818565400843,0.009852216748768473,0.20337552742616036,0.018793987483672236
OPPORTUNITY,S4-ADL5.test.csv@130.out,100,0.4564482263954095,0.022760829769578644,0.015217391304347827,0.014583333333333334,0.014893617021276596,0.014583333333333334,0.010101010101010102,0.2038888888888889,0.019248420003671364
OPPORTUNITY,S3-ADL2.test.csv@27.out,100,0.4835404134334733,0.04283591110422513,0.020872865275142316,0.0125,0.015636105188343994,0.0125,0.010256410256410256,0.20500000000000002,0.019535437760571768
OPPORTUNITY,S1-ADL3.test.csv@112.out,100,0.4362066846265802,0.022396250359485902,0.01488833746898263,0.009259259259259259,0.011417697431018078,0.009259259259259259,0.016877637130801686,0.20185185185185187,0.03115064480405816
OPPORTUNITY,S3-ADL1.test.csv@68.out,100,0.32586860706686205,0.07032765028307611,0.14502164502164502,0.033283656234475906,0.05414141414141414,0.033283656234475906,0.1463276836158192,0.20102411249952234,0.16936945806500614
OPPORTUNITY,S1-ADL5.test.csv@76.out,100,0.42582351539929675,0.02430212957001488,0.014799154334038054,0.011058451816745656,0.012658227848101266,0.011058451816745656,0.00425531914893617,0.20884676145339653,0.008340694006309149
OPPORTUNITY,S3-ADL3.test.csv@53.out,100,0.3705106292156513,0.036663011263491724,0.006880733944954129,0.002626970227670753,0.0038022813688212928,0.002626970227670753,0.0038314176245210726,0.20210157618213662,0.007520266923858926
OPPORTUNITY,S1-ADL4.test.csv@63.out,100,0.345174512159564,0.024641181662237735,0.018469656992084433,0.01002865329512894,0.012999071494893221,0.01002865329512894,0.011160714285714286,0.20267430754536772,0.02115640385002682
OPPORTUNITY,S2-ADL2.test.csv@103.out,100,0.30530575733572185,0.016748892536145754,0.01674641148325359,0.014925373134328358,0.015783540022547914,0.014925373134328358,0.011844331641285956,0.20398009950248758,0.02238864185973945
OPPORTUNITY,S1-ADL5.test.csv@116.out,100,0.3818523762510716,0.02652370212646493,0.01762114537444934,0.01263823064770932,0.014719411223551058,0.01263823064770932,0.017167381974248927,0.20252764612954188,0.03165178102991735
OPPORTUNITY,S3-ADL4.test.csv@132.out,100,0.37379775062446435,0.06164308823435699,0.021739130434782608,0.004675628287551139,0.007696007696007696,0.004675628287551139,0.02242152466367713,0.2007481005260082,0.04033773398422379
OPPORTUNITY,S1-ADL2.test.csv@126.out,100,0.45378830538807824,0.024578360790193512,0.0054249547920434,0.003947368421052632,0.00456968773800457,0.003947368421052632,0.005405405405405406,0.20157894736842105,0.010528486014706894
OPPORTUNITY,S2-ADL2.test.csv@76.out,100,0.44977575265813874,0.025891672050217435,0.04473684210526316,0.03624733475479744,0.04004711425206125,0.03624733475479744,0.043243243243243246,0.20362473347547977,0.07133686593991456
OPPORTUNITY,S4-ADL5.test.csv@124.out,100,0.47457400886802303,0.026808138400566082,0.015665796344647518,0.0125,0.013904982618771726,0.0125,0.015037593984962405,0.2025,0.027996198047178775
OPPORTUNITY,S1-ADL5.test.csv@106.out,100,0.43444815734966236,0.020132182738301925,0.001976284584980237,0.001579778830963665,0.001755926251097454,0.001579778830963665,0.002777777777777778,0.20126382306477095,0.005479923435920597
OPPORTUNITY,S1-ADL3.test.csv@103.out,100,0.3465220087231628,0.024090797935075122,0.011049723756906077,0.006172839506172839,0.007920792079207921,0.006172839506172839,0.007407407407407408,0.20493827160493827,0.01429801894918174
OPPORTUNITY,S3-ADL4.test.csv@38.out,100,0.3215864852223277,0.057444360409463574,0.043478260869565216,0.009935710111046173,0.016175071360608945,0.009935710111046173,0.03076923076923077,0.2013247613481395,0.053380167103580976
OPPORTUNITY,S4-ADL1.test.csv@68.out,100,0.43161093317240556,0.02721586214759675,0.022900763358778626,0.01644736842105263,0.01914486279514997,0.01644736842105263,0.01593625498007968,0.20328947368421055,0.029555590095529594
OPPORTUNITY,S4-ADL3.test.csv@108.out,100,0.5299432818584099,0.057313990786453065,0.03298611111111111,0.024771838331160364,0.028294862248696945,0.024771838331160364,0.02710027100271003,0.20198174706649283,0.04778864905449917
OPPORTUNITY,S2-ADL1.test.csv@124.out,100,0.6023142807189739,0.11565728342373421,0.04447632711621234,0.034753363228699555,0.03901825047199497,0.034753363228699555,0.02262443438914027,0.20278026905829596,0.04070712653776977
OPPORTUNITY,S2-ADL3.test.csv@66.out,100,0.4371554276916148,0.025492198223361177,0.02278481012658228,0.015437392795883362,0.018404907975460124,0.015437392795883362,0.023474178403755867,0.20246998284734136,0.042070717583022305
OPPORTUNITY,S2-ADL4.test.csv@76.out,100,0.44497945055507837,0.023540594062599476,0.02278481012658228,0.018867924528301886,0.020642201834862386,0.018867924528301886,0.02247191011235955,0.20251572327044026,0.04045480243733903
OPPORTUNITY,S2-ADL3.test.csv@67.out,100,0.433481834336264,0.02647931405524788,0.046460176991150445,0.036020583190394515,0.04057971014492753,0.036020583190394515,0.04390243902439024,0.20320182961692396,0.07220479017585048
OPPORTUNITY,S3-ADL3.test.csv@66.out,100,0.42270003420762575,0.03845238429159138,0.0111731843575419,0.005253940455341506,0.00714711137581894,0.005253940455341506,0.011904761904761904,0.2014010507880911,0.02248069592415209
OPPORTUNITY,S1-ADL4.test.csv@66.out,100,0.40516396904771823,0.025403858085132267,0.011461318051575931,0.0057306590257879654,0.007640878701050621,0.0057306590257879654,0.00625,0.2045845272206304,0.01212944873863926
OPPORTUNITY,S2-ADL4.test.csv@101.out,100,0.26119900587985695,0.014050901378579003,0.0,0.0,0.0,0.0,0.0,0.0,0.0
OPPORTUNITY,S1-ADL5.test.csv@53.out,100,0.44572512721421287,0.02218618874623264,0.006711409395973154,0.00631911532385466,0.006509357200976403,0.00631911532385466,0.0035087719298245615,0.20505529225908373,0.006899484399085738
OPPORTUNITY,S2-ADL3.test.csv@93.out,100,0.3859157708469506,0.019652541796016387,0.007334963325183374,0.005145797598627788,0.006048387096774193,0.005145797598627788,0.005494505494505495,0.20411663807890223,0.010700957690751316
OPPORTUNITY,S2-ADL1.test.csv@104.out,100,0.454312810477194,0.021420681043177563,0.0,0.0,0.0,0.0,0.0,0.0,0.0
OPPORTUNITY,S2-ADL2.test.csv@124.out,100,0.33690469633907427,0.019195901272676914,0.04212860310421286,0.04051172707889126,0.041304347826086954,0.04051172707889126,0.03754266211604096,0.20294630742391936,0.06336377640845071
OPPORTUNITY,S4-ADL5.test.csv@96.out,100,0.36536626238914965,0.022123036604241687,0.022364217252396165,0.014583333333333334,0.017654476670870115,0.014583333333333334,0.02040816326530612,0.2029166666666667,0.037086395308989835
OPPORTUNITY,S1-ADL1.test.csv@79.out,100,0.36260048289187935,0.027058394614194667,0.051188299817184646,0.040756914119359534,0.04538087520259319,0.040756914119359534,0.07777777777777778,0.20232896652110627,0.11236214562041688
OPPORTUNITY,S2-ADL3.test.csv@53.out,100,0.3827792755699444,0.02610560038139191,0.03667481662591687,0.025728987993138937,0.03024193548387097,0.025728987993138937,0.03870967741935484,0.20343053173241854,0.06504273113660254
OPPORTUNITY,S1-ADL3.test.csv@119.out,100,0.33704010995162414,0.02222463599202554,0.015748031496062992,0.009259259259259259,0.011661807580174927,0.009259259259259259,0.014814814814814815,0.20370370370370372,0.027620841180163218
OPPORTUNITY,S1-ADL5.test.csv@47.out,100,0.3170033630448429,0.0220095901048694,0.012987012987012988,0.007898894154818325,0.009823182711198428,0.007898894154818325,0.011494252873563218,0.20315955766192734,0.021757520387101142
OPPORTUNITY,S2-ADL4.test.csv@79.out,100,0.4294532174009402,0.0164239807431899,0.014218009478672985,0.012578616352201259,0.013348164627363738,0.012578616352201259,0.015544041450777202,0.20335429769392036,0.02888050813815006
OPPORTUNITY,S2-ADL5.test.csv@81.out,100,0.3957189125308862,0.02335251868915894,0.009689922480620155,0.007032348804500703,0.008149959250203748,0.007032348804500703,0.008333333333333333,0.2028129395218003,0.01600888148764918
OPPORTUNITY,S2-ADL5.test.csv@90.out,100,0.4850255059933436,0.02504834936481464,0.017857142857142856,0.011251758087201125,0.013805004314063849,0.011251758087201125,0.012345679012345678,0.20300046882325365,0.023275815728645916
OPPORTUNITY,S1-ADL2.test.csv@55.out,100,0.37655664941730826,0.02655935740030941,0.03526448362720403,0.018421052631578946,0.024200518582541054,0.018421052631578946,0.03821656050955414,0.2024561403508772,0.06429626052800193
OPPORTUNITY,S4-ADL5.test.csv@31.out,100,0.6034423578508086,0.12347601643400191,0.096045197740113,0.07083333333333333,0.0815347721822542,0.07083333333333333,0.03459119496855346,0.20944444444444446,0.05937602909382472
OPPORTUNITY,S1-ADL4.test.csv@54.out,100,0.36166719281745713,0.028606755585536856,0.04075235109717868,0.01862464183381089,0.025565388397246803,0.01862464183381089,0.047619047619047616,0.20297994269340974,0.07714086592908789
OPPORTUNITY,S3-ADL2.test.csv@51.out,100,0.47972531946323055,0.04967224299959577,0.04665314401622718,0.026136363636363635,0.033503277494537506,0.026136363636363635,0.053497942386831275,0.2016083916083916,0.08455794844489768
OPPORTUNITY,S3-ADL3.test.csv@38.out,100,0.35261080200801687,0.045443416353012356,0.035629453681710214,0.013134851138353765,0.019193857965451054,0.013134851138353765,0.049079754601226995,0.2013134851138354,0.07891919493152713
OPPORTUNITY,S1-ADL2.test.csv@52.out,100,0.4010809166432037,0.023416278578836255,0.005791505791505791,0.003947368421052632,0.004694835680751174,0.003947368421052632,0.00684931506849315,0.20157894736842105,0.013248469334809228
OPPORTUNITY,S3-ADL5.test.csv@108.out,100,0.4096961429622821,0.036703264031270624,0.01715686274509804,0.006597549481621112,0.009530292716133424,0.006597549481621112,0.015748031496062992,0.20131950989632424,0.029211055345103456
OPPORTUNITY,S2-ADL3.test.csv@38.out,100,0.36540217865795505,0.023982287276701503,0.028720626631853787,0.018867924528301886,0.022774327122153208,0.018867924528301886,0.033816425120772944,0.20215633423180593,0.057940624655115326
OPPORTUNITY,S1-ADL5.test.csv@124.out,100,0.39070897969781315,0.020769805118024773,0.015267175572519083,0.009478672985781991,0.011695906432748537,0.009478672985781991,0.01845018450184502,0.20151658767772512,0.033805271459828014
OPPORTUNITY,S3-ADL1.test.csv@50.out,100,0.3506127891404344,0.0636426952207916,0.03917050691244239,0.008445106805762544,0.013894564773191663,0.008445106805762544,0.0234375,0.20112601424076834,0.04198269674132331
OPPORTUNITY,S1-ADL4.test.csv@127.out,100,0.4094175693441165,0.025151884142681245,0.008988764044943821,0.0057306590257879654,0.00699912510936133,0.0057306590257879654,0.007662835249042145,0.2022922636103152,0.01476632191000073
OPPORTUNITY,S1-ADL4.test.csv@124.out,100,0.4550270328237708,0.03140754010699919,0.023076923076923078,0.012893982808022923,0.016544117647058824,0.012893982808022923,0.02888086642599278,0.2012893982808023,0.050514016066513116
OPPORTUNITY,S1-ADL5.test.csv@119.out,100,0.3484814707112895,0.02188244820772533,0.015503875968992248,0.009478672985781991,0.011764705882352941,0.009478672985781991,0.01818181818181818,0.20252764612954188,0.03336803748047892
OPPORTUNITY,S3-ADL1.test.csv@38.out,100,0.3565927416629775,0.06303761467476926,0.03255813953488372,0.006954793840039742,0.011461318051575931,0.006954793840039742,0.023809523809523808,0.20139095876800797,0.04258448092942153
OPPORTUNITY,S1-ADL4.test.csv@79.out,100,0.3635168503444461,0.024726919706178355,0.016908212560386472,0.01002865329512894,0.012589928057553957,0.01002865329512894,0.024844720496894408,0.2020057306590258,0.04424744047385557
OPPORTUNITY,S1-ADL2.test.csv@110.out,100,0.5721151418945816,0.0801075769505955,0.03054662379421222,0.025,0.027496382054992764,0.025,0.035,0.20142857142857143,0.05963746223564955
OPPORTUNITY,S1-ADL3.test.csv@109.out,100,0.5630462252473795,0.06972530401208865,0.032148900169204735,0.029320987654320986,0.03066989507667474,0.029320987654320986,0.038834951456310676,0.20146604938271606,0.06511770005580271
OPPORTUNITY,S4-ADL5.test.csv@92.out,100,0.46499302295253003,0.016042039913393605,0.0014005602240896359,0.0020833333333333333,0.0016750418760469012,0.0020833333333333333,0.0029069767441860465,0.2016666666666667,0.005731337627889352
OPPORTUNITY,S3-ADL4.test.csv@52.out,100,0.3251820427635814,0.05822262101159476,0.0845771144278607,0.019871420222092345,0.03218173213440606,0.019871420222092345,0.05389221556886228,0.201766348464186,0.08506373011285859
OPPORTUNITY,S1-ADL2.test.csv@109.out,100,0.5082761321307327,0.04857071848389123,0.01680672268907563,0.013157894736842105,0.014760147601476014,0.013157894736842105,0.014184397163120567,0.2017543859649123,0.026505329876116392
OPPORTUNITY,S1-ADL5.test.csv@81.out,100,0.38723764316404613,0.02113636242127564,0.00997506234413965,0.00631911532385466,0.007736943907156673,0.00631911532385466,0.005917159763313609,0.20505529225908373,0.011502401502933201
OPPORTUNITY,S4-ADL4.test.csv@108.out,100,0.5713818816897777,0.03621767938530181,0.018214936247723135,0.028089887640449437,0.022099447513812154,0.028089887640449437,0.015,0.20374531835205995,0.027942813115315466
OPPORTUNITY,S4-ADL1.test.csv@77.out,100,0.4971667242842769,0.03350846761664361,0.03286384976525822,0.007675438596491228,0.012444444444444444,0.007675438596491228,0.030303030303030304,0.202046783625731,0.05270182664073523
OPPORTUNITY,S2-ADL5.test.csv@53.out,100,0.4115963776970674,0.02428698240940401,0.01652892561983471,0.011251758087201125,0.013389121338912133,0.011251758087201125,0.009009009009009009,0.20450070323488045,0.017257750557850258
OPPORTUNITY,S1-ADL4.test.csv@68.out,100,0.3543016298251499,0.02402073904233614,0.012953367875647668,0.0071633237822349575,0.00922509225092251,0.0071633237822349575,0.015,0.20191021967526265,0.027925408951806435
OPPORTUNITY,S1-ADL3.test.csv@77.out,100,0.49695605301540996,0.01973563988548456,0.0,0.0,0.0,0.0,0.0,0.0,0.0
OPPORTUNITY,S3-ADL4.test.csv@50.out,100,0.35967598718936583,0.06370142606997478,0.058823529411764705,0.014611338398597311,0.023408239700374533,0.014611338398597311,0.0430622009569378,0.20129878563543088,0.0709472398217202
OPPORTUNITY,S3-ADL5.test.csv@42.out,100,0.3770952077686495,0.04176202672428155,0.03763440860215054,0.013195098963242224,0.019539427773900907,0.013195098963242224,0.02857142857142857,0.2017593465284323,0.05005455962587684
OPPORTUNITY,S1-ADL3.test.csv@42.out,100,0.3846347615927171,0.024787882858913143,0.018970189701897018,0.010802469135802469,0.01376597836774828,0.010802469135802469,0.02857142857142857,0.201440329218107,0.05004472843450479
OPPORTUNITY,S4-ADL3.test.csv@17.out,100,0.3716833231964975,0.029944539760179734,0.027837259100642397,0.01694915254237288,0.02106969205834684,0.01694915254237288,0.0299625468164794,0.2016949152542373,0.05217438960896611
OPPORTUNITY,S3-ADL1.test.csv@42.out,100,0.3531607385884162,0.06229193720240158,0.022222222222222223,0.004470938897168405,0.007444168734491315,0.004470938897168405,0.018604651162790697,0.20089418777943369,0.034055453799027344
OPPORTUNITY,S2-ADL4.test.csv@94.out,100,0.3530615883530821,0.016374218647134186,0.011312217194570135,0.010482180293501049,0.01088139281828074,0.010482180293501049,0.010309278350515464,0.20419287211740042,0.01962759954860551
OPPORTUNITY,S1-ADL3.test.csv@83.out,100,0.29383282679174405,0.022195049581342222,0.01358695652173913,0.007716049382716049,0.00984251968503937,0.007716049382716049,0.011560693641618497,0.20308641975308644,0.021876090895490134
OPPORTUNITY,S4-ADL4.test.csv@124.out,100,0.5647274745086283,0.03507027133084475,0.017278617710583154,0.02247191011235955,0.019536019536019536,0.02247191011235955,0.015015015015015015,0.20359550561797754,0.027967451566300764
OPPORTUNITY,S3-ADL1.test.csv@63.out,100,0.4017030684573136,0.06675690831123451,0.029106029106029108,0.006954793840039742,0.011226944667201283,0.006954793840039742,0.042105263157894736,0.20069547938400398,0.06960716747070986
OPPORTUNITY,S1-ADL3.test.csv@94.out,100,0.3862718225867443,0.030283109025410922,0.053691275167785234,0.037037037037037035,0.043835616438356165,0.037037037037037035,0.06382978723404255,0.20329218106995886,0.09715484463091648
OPPORTUNITY,S1-ADL4.test.csv@78.out,100,0.49504555040853415,0.036140888538960095,0.04436860068259386,0.01862464183381089,0.026236125126135216,0.01862464183381089,0.049019607843137254,0.20297994269340974,0.07896837252025488
OPPORTUNITY,S1-ADL2.test.csv@94.out,100,0.4679640902662485,0.022322739822592964,0.0,0.0,0.0,0.0,0.0,0.0,0.0
OPPORTUNITY,S1-ADL3.test.csv@82.out,100,0.3455944582627738,0.023513464294203465,0.024456521739130436,0.013888888888888888,0.017716535433070866,0.013888888888888888,0.020833333333333332,0.20370370370370372,0.03780068728522336
OPPORTUNITY,S1-ADL5.test.csv@111.out,100,0.345297010425072,0.021921118170221344,0.007731958762886598,0.004739336492890996,0.005876591576885406,0.004739336492890996,0.00980392156862745,0.2018957345971564,0.018699793687722222
OPPORTUNITY,S1-ADL5.test.csv@55.out,100,0.33600719060796036,0.020643224432391954,0.010178117048346057,0.00631911532385466,0.007797270955165692,0.00631911532385466,0.010050251256281407,0.20252764612954188,0.019150191576604504
OPPORTUNITY,S3-ADL4.test.csv@68.out,100,0.3292610182952733,0.06156015309811006,0.03619909502262444,0.009351256575102279,0.014862981885740827,0.009351256575102279,0.0427807486631016,0.20093512565751023,0.07054243087205976
OPPORTUNITY,S1-ADL3.test.csv@108.out,100,0.4105283240519569,0.020842174847802267,0.006097560975609756,0.0030864197530864196,0.004098360655737705,0.0030864197530864196,0.00904977375565611,0.2012345679012346,0.01732061737906118
OPPORTUNITY,S4-ADL5.test.csv@4.out,100,0.4221367370892018,0.01982076527642082,0.016853932584269662,0.0125,0.014354066985645933,0.0125,0.007751937984496124,0.20500000000000002,0.014938968846784476
OPPORTUNITY,S1-ADL5.test.csv@129.out,100,0.3887608702187334,0.02201622193754546,0.0196078431372549,0.01263823064770932,0.01536983669548511,0.01263823064770932,0.008733624454148471,0.20505529225908373,0.016753683422501307
OPPORTUNITY,S2-ADL2.test.csv@108.out,100,0.5335497297128553,0.05110467548137462,0.022435897435897436,0.029850746268656716,0.025617566331198535,0.029850746268656716,0.013921113689095127,0.20398009950248758,0.026063463474068974
OPPORTUNITY,S1-ADL5.test.csv@16.out,100,0.3583414713323667,0.024923188409664933,0.02857142857142857,0.01579778830963665,0.02034587995930824,0.01579778830963665,0.034574468085106384,0.20180546152110135,0.05903476238769679
OPPORTUNITY,S4-ADL2.test.csv@77.out,100,0.5195821901387816,0.024838662141341596,0.04801670146137787,0.10599078341013825,0.06609195402298851,0.10599078341013825,0.04864864864864865,0.2094214029697901,0.07895583535316703
OPPORTUNITY,S1-ADL1.test.csv@76.out,100,0.5084397980082258,0.031335664289139795,0.024926686217008796,0.024745269286754003,0.02483564645726808,0.024745269286754003,0.008403361344537815,0.20659873847646776,0.016149831598749886
OPPORTUNITY,S1-ADL4.test.csv@76.out,100,0.45318564207569406,0.030760104050673084,0.01284796573875803,0.008595988538681949,0.010300429184549357,0.008595988538681949,0.003875968992248062,0.20687679083094557,0.007609371541793577
OPPORTUNITY,S1-ADL2.test.csv@79.out,100,0.40871917850335115,0.022322739822592964,0.0,0.0,0.0,0.0,0.0,0.0,0.0
OPPORTUNITY,S2-ADL3.test.csv@40.out,100,0.3208487384101429,0.02161374752487184,0.021447721179624665,0.0137221269296741,0.016736401673640166,0.0137221269296741,0.017241379310344827,0.20274442538593482,0.03178017368859731
OPPORTUNITY,S3-ADL1.test.csv@66.out,100,0.39445208826192923,0.0590568078480052,0.00980392156862745,0.0024838549428713363,0.003963535473642489,0.0024838549428713363,0.009950248756218905,0.20099354197714855,0.01896178820066877
OPPORTUNITY,S2-ADL3.test.csv@80.out,100,0.467029765683913,0.023741134326894134,0.01903114186851211,0.018867924528301886,0.018949181739879414,0.018867924528301886,0.023809523809523808,0.2030188679245283,0.0426206131664422
OPPORTUNITY,S1-ADL5.test.csv@66.out,100,0.35137543345200273,0.023721311374426547,0.029508196721311476,0.014218009478672985,0.019189765458422176,0.014218009478672985,0.024193548387096774,0.20379146919431282,0.0432523051131601
OPPORTUNITY,S1-ADL1.test.csv@94.out,100,0.45914706127406635,0.022348385110321,0.028526148969889066,0.026200873362445413,0.027314112291350532,0.026200873362445413,0.022321428571428572,0.20419213973799127,0.04024359596668973
OPPORTUNITY,S1-ADL2.test.csv@80.out,100,0.4475420473337928,0.028918335978462082,0.012522361359570662,0.009210526315789473,0.01061410159211524,0.009210526315789473,0.004424778761061947,0.2073684210526316,0.008664672765657987
OPPORTUNITY,S1-ADL5.test.csv@45.out,100,0.3239839853306677,0.02172709979967843,0.013368983957219251,0.007898894154818325,0.009930486593843098,0.007898894154818325,0.012121212121212121,0.20315955766192734,0.02287747387146987
OPPORTUNITY,S1-ADL4.test.csv@96.out,100,0.3358294438366916,0.026393667164272216,0.01643835616438356,0.008595988538681949,0.011288805268109126,0.008595988538681949,0.017857142857142856,0.2022922636103152,0.03281736624366662
OPPORTUNITY,S1-ADL5.test.csv@113.out,100,0.3818523762510716,0.02652370212646493,0.01762114537444934,0.01263823064770932,0.014719411223551058,0.01263823064770932,0.017167381974248927,0.20252764612954188,0.03165178102991735
OPPORTUNITY,S2-ADL2.test.csv@65.out,100,0.48698595126125965,0.02590090410000769,0.018442622950819672,0.019189765458422176,0.018808777429467086,0.019189765458422176,0.02120141342756184,0.2025586353944563,0.03838513081248527
OPPORTUNITY,S3-ADL1.test.csv@51.out,100,0.4325994898237861,0.06999213473645349,0.017889087656529516,0.004967709885742673,0.007776049766718507,0.004967709885742673,0.019650655021834062,0.20079483358171885,0.03579796556396705
OPPORTUNITY,S1-ADL5.test.csv@49.out,100,0.3088613954656786,0.019116936458081664,0.0,0.0,0.0,0.0,0.0,0.0,0.0
OPPORTUNITY,S1-ADL5.test.csv@120.out,100,0.38378446272687305,0.019116936458081664,0.0,0.0,0.0,0.0,0.0,0.0,0.0
OPPORTUNITY,S3-ADL5.test.csv@120.out,100,0.4779333600410081,0.046689484044259974,0.01744186046511628,0.008482563619227144,0.011414077362079899,0.008482563619227144,0.006802721088435374,0.2067860508953817,0.013172114022237696
OPPORTUNITY,S1-ADL4.test.csv@83.out,100,0.30581815899838427,0.024459610601093373,0.014204545454545454,0.0071633237822349575,0.009523809523809525,0.0071633237822349575,0.0125,0.202865329512894,0.02354897721603193
OPPORTUNITY,S1-ADL2.test.csv@124.out,100,0.4500615297235895,0.024075477806827308,0.0071174377224199285,0.005263157894736842,0.006051437216338881,0.005263157894736842,0.007633587786259542,0.20140350877192983,0.014709650966121673
OPPORTUNITY,S1-ADL4.test.csv@92.out,100,0.4243434898705011,0.02597375535010299,0.008849557522123894,0.0057306590257879654,0.006956521739130435,0.0057306590257879654,0.008298755186721992,0.2022922636103152,0.015943452683400517
OPPORTUNITY,S3-ADL5.test.csv@124.out,100,0.4848943560299853,0.039020582626164715,0.012302284710017574,0.006597549481621112,0.008588957055214725,0.006597549481621112,0.01358695652173913,0.2010556079170594,0.025453793942159318
OPPORTUNITY,S1-ADL4.test.csv@108.out,100,0.4096964475321701,0.02410441830479935,0.029333333333333333,0.015759312320916905,0.02050326188257223,0.015759312320916905,0.026217228464419477,0.20180106426524766,0.04640561546943496
OPPORTUNITY,S4-ADL3.test.csv@81.out,100,0.46251529107555184,0.03778750476576149,0.042283298097251586,0.02607561929595828,0.03225806451612903,0.02607561929595828,0.03684210526315789,0.20298007077668095,0.062364650820576746
OPPORTUNITY,S1-ADL3.test.csv@91.out,100,0.3398110177101658,0.022247974865810607,0.017587939698492462,0.010802469135802469,0.01338432122370937,0.010802469135802469,0.015267175572519083,0.204320987654321,0.02841140748052617
OPPORTUNITY,S1-ADL2.test.csv@78.out,100,0.485313854179814,0.0320379290332795,0.03546099290780142,0.019736842105263157,0.0253592561284869,0.019736842105263157,0.02531645569620253,0.20394736842105265,0.04504177261169633
OPPORTUNITY,S1-ADL5.test.csv@90.out,100,0.4733577637006847,0.023954216685245843,0.01507537688442211,0.014218009478672985,0.014634146341463415,0.014218009478672985,0.006172839506172839,0.2056872037914692,0.011985970338866028
OPPORTUNITY,S1-ADL4.test.csv@40.out,100,0.36094231962345136,0.02599576675100559,0.018518518518518517,0.008595988538681949,0.011741682974559686,0.008595988538681949,0.017241379310344827,0.20171919770773641,0.031767519516267315
OPPORTUNITY,S3-ADL3.test.csv@92.out,100,0.4210953457162989,0.043240035513063366,0.02544529262086514,0.008756567425569177,0.013029315960912053,0.008756567425569177,0.02824858757062147,0.2014010507880911,0.049547608789314954
OPPORTUNITY,S3-ADL2.test.csv@63.out,100,0.4026560015780356,0.03891035613720293,0.03836930455635491,0.01818181818181818,0.02467232074016962,0.01818181818181818,0.04128440366972477,0.20161616161616164,0.06853506489542718
OPPORTUNITY,S1-ADL5.test.csv@78.out,100,0.40102779380904885,0.02005739773760881,0.0020242914979757085,0.001579778830963665,0.001774622892635315,0.001579778830963665,0.001282051282051282,0.20126382306477095,0.0025478726063696815
OPPORTUNITY,S3-ADL5.test.csv@38.out,100,0.32637418174165755,0.038981926902815225,0.03836930455635491,0.015080113100848256,0.02165087956698241,0.015080113100848256,0.04891304347826087,0.20134045449785318,0.07870558840880838
OPPORTUNITY,S1-ADL3.test.csv@121.out,100,0.40362845644172923,0.026991784593450988,0.02127659574468085,0.012345679012345678,0.015625,0.012345679012345678,0.02100840336134454,0.20197530864197533,0.03805819460857752
OPPORTUNITY,S1-ADL3.test.csv@78.out,100,0.4220809170829781,0.02222326917737021,0.01174496644295302,0.010802469135802469,0.011254019292604502,0.010802469135802469,0.0034965034965034965,0.20864197530864198,0.006877747029138857
OPPORTUNITY,S3-ADL3.test.csv@80.out,100,0.47149145247917573,0.03747339213623945,0.005244755244755245,0.002626970227670753,0.003500583430571762,0.002626970227670753,0.007936507936507936,0.20210157618213662,0.015273237423402199
OPPORTUNITY,S2-ADL3.test.csv@81.out,100,0.3402880812328119,0.023821753311077963,0.027842227378190254,0.02058319039451115,0.023668639053254437,0.02058319039451115,0.03342245989304813,0.20235236461651557,0.057369261580212626
OPPORTUNITY,S1-ADL1.test.csv@78.out,100,0.5491320108867503,0.06688146259772615,0.06290672451193059,0.042212518195050945,0.050522648083623695,0.042212518195050945,0.03648068669527897,0.2037522238395601,0.06188178817639051
OPPORTUNITY,S1-ADL2.test.csv@48.out,100,0.33093525179856115,0.022322739822592964,0.0,0.0,0.0,0.0,0.0,0.0,0.0
OPPORTUNITY,S3-ADL1.test.csv@55.out,100,0.36658778135929354,0.06094687938414286,0.01312910284463895,0.0029806259314456036,0.004858299595141701,0.0029806259314456036,0.02142857142857143,0.20079483358171885,0.03872451179203858
OPPORTUNITY,S4-ADL2.test.csv@131.out,100,0.40483018566367424,0.013241721292982572,0.015228426395939087,0.027649769585253458,0.019639934533551555,0.027649769585253458,0.01834862385321101,0.2055299539170507,0.03368961740378442
OPPORTUNITY,S3-ADL3.test.csv@71.out,100,0.36814691151919865,0.03542842960848793,0.0,0.0,0.0,0.0,0.0,0.0,0.0
OPPORTUNITY,S3-ADL4.test.csv@124.out,100,0.49101739696716684,0.09329122525434366,0.019267822736030827,0.0058445353594389245,0.008968609865470852,0.0058445353594389245,0.010610079575596816,0.2011689070718878,0.02015703395277269
OPPORTUNITY,S3-ADL1.test.csv@54.out,100,0.4739247537299021,0.06426567989388529,0.024193548387096774,0.007451564828614009,0.01139384732244588,0.007451564828614009,0.015384615384615385,0.2029806259314456,0.028601427971440573
OPPORTUNITY,S3-ADL4.test.csv@103.out,100,0.4331232836720555,0.07615580300637828,0.0340632603406326,0.008182349503214495,0.013195098963242224,0.008182349503214495,0.03439153439153439,0.20093512565751023,0.058730849136067555
OPPORTUNITY,S1-ADL1.test.csv@89.out,100,0.5093597124748923,0.03916024527191141,0.04906542056074766,0.03056768558951965,0.03766816143497758,0.03056768558951965,0.012658227848101266,0.21222707423580786,0.023891456100678398
OPPORTUNITY,S1-ADL3.test.csv@52.out,100,0.4215948289697946,0.023088792615891994,0.010638297872340425,0.007716049382716049,0.008944543828264758,0.007716049382716049,0.007352941176470588,0.20308641975308644,0.0141920455525839
OPPORTUNITY,S3-ADL3.test.csv@126.out,100,0.47988328475070824,0.05417132200570372,0.014010507880910683,0.0070052539404553416,0.009340338587273789,0.0070052539404553416,0.009345794392523364,0.20186806771745477,0.017864523061663085
OPPORTUNITY,S2-ADL5.test.csv@94.out,100,0.3961415673633745,0.02080425119723826,0.012389380530973451,0.009845288326300985,0.0109717868338558,0.009845288326300985,0.009216589861751152,0.2039381153305204,0.01763614802201478
OPPORTUNITY,S2-ADL4.test.csv@54.out,100,0.4393791692511529,0.02487947575725384,0.04245283018867924,0.03773584905660377,0.03995560488346282,0.03773584905660377,0.03184713375796178,0.2060377358490566,0.05516711797275998
OPPORTUNITY,S2-ADL2.test.csv@125.out,100,0.5618940937328764,0.04212926554131588,0.013937282229965157,0.017057569296375266,0.015340364333652923,0.017057569296375266,0.0069605568445475635,0.20454868514570007,0.013462983811362298
OPPORTUNITY,S4-ADL2.test.csv@17.out,100,0.46922498068778135,0.015849790014876977,0.01909307875894988,0.03686635944700461,0.025157232704402517,0.03686635944700461,0.012658227848101266,0.2098310291858679,0.023876109907012513
OPPORTUNITY,S1-ADL2.test.csv@93.out,100,0.44655728858208976,0.029590776847436728,0.033264033264033266,0.021052631578947368,0.0257856567284448,0.021052631578947368,0.017964071856287425,0.2056140350877193,0.03304138630981468
OPPORTUNITY,S2-ADL4.test.csv@80.out,100,0.4540978100458898,0.019459054364660885,0.0099601593625498,0.010482180293501049,0.010214504596527068,0.010482180293501049,0.010752688172043012,0.20419287211740042,0.020429566238778424
OPPORTUNITY,S2-ADL2.test.csv@109.out,100,0.41037498328074956,0.014801314572482701,0.002070393374741201,0.0021321961620469083,0.0021008403361344537,0.0021321961620469083,0.0031545741324921135,0.20170575692963755,0.006211995849913977
OPPORTUNITY,S4-ADL5.test.csv@79.out,100,0.45339110589462694,0.01977139616027554,0.01834862385321101,0.016666666666666666,0.017467248908296942,0.016666666666666666,0.011695906432748537,0.20666666666666667,0.02213890376718443
OPPORTUNITY,S2-ADL2.test.csv@101.out,100,0.3312757340036431,0.02010340724886016,0.023195876288659795,0.019189765458422176,0.021003500583430573,0.019189765458422176,0.01507537688442211,0.2051172707889126,0.028086497849232145
OPPORTUNITY,S3-ADL3.test.csv@67.out,100,0.3521639393150873,0.043703742498203677,0.04221635883905013,0.014010507880910683,0.0210387902695595,0.014010507880910683,0.035398230088495575,0.20280210157618214,0.06027561258084245
OPPORTUNITY,S3-ADL4.test.csv@81.out,100,0.42937074243878764,0.05937610630963406,0.026565464895635674,0.008182349503214495,0.012511170688114389,0.008182349503214495,0.024390243902439025,0.20130917592051434,0.04350901658809679
OPPORTUNITY,S1-ADL3.test.csv@131.out,100,0.43633459224967885,0.02383676518735433,0.02,0.012345679012345678,0.015267175572519083,0.012345679012345678,0.026595744680851064,0.20197530864197533,0.04700230989346909
OPPORTUNITY,S3-ADL3.test.csv@63.out,100,0.37713886834157334,0.04204764154527695,0.032036613272311214,0.012259194395796848,0.01773274224192527,0.012259194395796848,0.024271844660194174,0.20196147110332752,0.043335593057286265
OPPORTUNITY,S4-ADL5.test.csv@5.out,100,0.4405857459572248,0.025767829916782427,0.034403669724770644,0.03125,0.03275109170305677,0.03125,0.008849557522123894,0.20833333333333334,0.01697792869269949
OPPORTUNITY,S1-ADL3.test.csv@128.out,100,0.4147022032601862,0.026767298361182884,0.026607538802660754,0.018518518518518517,0.02183803457688808,0.018518518518518517,0.021352313167259787,0.20246913580246914,0.03863065326633166
OPPORTUNITY,S3-ADL2.test.csv@25.out,100,0.5789569911131678,0.14025913660789618,0.1504424778761062,0.05795454545454545,0.08367514356029532,0.05795454545454545,0.16379310344827586,0.2024401913875598,0.18107751358267182
OPPORTUNITY,S3-ADL5.test.csv@68.out,100,0.4097904778699087,0.04015899874040999,0.009456264775413711,0.003770028275212064,0.005390835579514825,0.003770028275212064,0.00625,0.20301602262016966,0.012126671358198452
OPPORTUNITY,S3-ADL5.test.csv@50.out,100,0.40939184747924917,0.045154595152041906,0.03488372093023256,0.01413760603204524,0.02012072434607646,0.01413760603204524,0.024752475247524754,0.20226201696512724,0.044107189101865826
OPPORTUNITY,S4-ADL4.test.csv@6.out,100,0.4937693400329752,0.025036096937308173,0.02968036529680365,0.03651685393258427,0.0327455919395466,0.03651685393258427,0.013513513513513514,0.20973782771535582,0.02539106778508275
OPPORTUNITY,S2-ADL2.test.csv@91.out,100,0.4305376377926377,0.019308506218520934,0.012224938875305624,0.010660980810234541,0.011389521640091117,0.010660980810234541,0.009950248756218905,0.20426439232409382,0.018976121383791063
OPPORTUNITY,S1-ADL2.test.csv@85.out,100,0.3270242914979757,0.024938797510120625,0.012626262626262626,0.006578947368421052,0.00865051903114187,0.006578947368421052,0.011976047904191617,0.20263157894736844,0.022615463690432484
OPPORTUNITY,S4-ADL2.test.csv@79.out,100,0.46814469513332096,0.013774394466942157,0.01694915254237288,0.041474654377880185,0.02406417112299465,0.041474654377880185,0.024017467248908297,0.2055299539170507,0.04300905592229265
OPPORTUNITY,S3-ADL4.test.csv@53.out,100,0.37736007580801767,0.0575216529465893,0.01627906976744186,0.004091174751607247,0.006539000467071462,0.004091174751607247,0.014248704663212436,0.20109097993376193,0.02661177839908855
OPPORTUNITY,S1-ADL3.test.csv@125.out,100,0.44274729524798234,0.021607048422651206,0.009280742459396751,0.006172839506172839,0.0074142724745134385,0.006172839506172839,0.008368200836820083,0.20246913580246914,0.016072128577028614
OPPORTUNITY,S1-ADL4.test.csv@110.out,100,0.47562980980379693,0.03444712584411245,0.015625,0.011461318051575931,0.013223140495867768,0.011461318051575931,0.012084592145015106,0.2022922636103152,0.02280674834239196
OPPORTUNITY,S3-ADL5.test.csv@54.out,100,0.4906246678957169,0.04437390201640825,0.03409090909090909,0.011310084825636193,0.016985138004246284,0.011310084825636193,0.036585365853658534,0.20301602262016966,0.06199810033675848
OPPORTUNITY,S3-ADL1.test.csv@56.out,100,0.3280480671140136,0.06170137479282952,0.02188183807439825,0.004967709885742673,0.008097165991902834,0.004967709885742673,0.024475524475524476,0.20099354197714855,0.04363722645843894
OPPORTUNITY,S3-ADL4.test.csv@125.out,100,0.47996564944421083,0.08793484889183464,0.02053388090349076,0.0058445353594389245,0.009099181073703366,0.0058445353594389245,0.016181229773462782,0.20093512565751023,0.02995055283946573
OPPORTUNITY,S1-ADL5.test.csv@77.out,100,0.41641022420398166,0.019116936458081664,0.0,0.0,0.0,0.0,0.0,0.0,0.0
OPPORTUNITY,S4-ADL5.test.csv@40.out,100,0.35490258215962445,0.019785343895145663,0.01904761904761905,0.0125,0.01509433962264151,0.0125,0.013452914798206279,0.20333333333333334,0.025236158036268358
OPPORTUNITY,S2-ADL4.test.csv@38.out,100,0.525723436914837,0.03197597262686791,0.015968063872255488,0.016771488469601678,0.016359918200409,0.016771488469601678,0.018292682926829267,0.20223619846261356,0.033550640909213864
OPPORTUNITY,S2-ADL4.test.csv@81.out,100,0.3416118221863348,0.018977040978413167,0.020737327188940093,0.018867924528301886,0.019758507135016465,0.018867924528301886,0.0136986301369863,0.2050314465408805,0.025681424294942492
OPPORTUNITY,S1-ADL5.test.csv@52.out,100,0.4338175058305377,0.03520965511192872,0.0694006309148265,0.03475513428120063,0.04631578947368421,0.03475513428120063,0.07272727272727272,0.20231700895208005,0.1069934208236154
OPPORTUNITY,S1-ADL5.test.csv@114.out,100,0.4250986109197114,0.020468937210087374,0.0071090047393364926,0.004739336492890996,0.005687203791469194,0.004739336492890996,0.007194244604316547,0.2018957345971564,0.013893418563694476
OPPORTUNITY,S1-ADL5.test.csv@125.out,100,0.44062296643036947,0.02067312527849855,0.006122448979591836,0.004739336492890996,0.005342831700801425,0.004739336492890996,0.00946372239747634,0.20126382306477095,0.018077417890116545
OPPORTUNITY,S3-ADL1.test.csv@52.out,100,0.33393772569242897,0.06111189343631065,0.023706896551724137,0.00546448087431694,0.008881711748082357,0.00546448087431694,0.017142857142857144,0.20145719489981787,0.0315969907627845
OPPORTUNITY,S4-ADL4.test.csv@81.out,100,0.47706012937947995,0.024575256919989068,0.035545023696682464,0.042134831460674156,0.038560411311053984,0.042134831460674156,0.02976190476190476,0.20674157303370788,0.05203325603755443
OPPORTUNITY,S1-ADL4.test.csv@90.out,100,0.4246463006118694,0.026295506609442618,0.019801980198019802,0.014326647564469915,0.01662510390689942,0.014326647564469915,0.011363636363636364,0.20382043935052532,0.021527070240388982
OPPORTUNITY,S1-ADL2.test.csv@89.out,100,0.4660271782573941,0.022322739822592964,0.0,0.0,0.0,0.0,0.0,0.0,0.0
OPPORTUNITY,S2-ADL2.test.csv@40.out,100,0.36666096456686426,0.01805370623758834,0.021108179419525065,0.017057569296375266,0.018867924528301886,0.017057569296375266,0.01293103448275862,0.20454868514570007,0.024324347167089727
OPPORTUNITY,S1-ADL3.test.csv@54.out,100,0.4863339463504344,0.01973563988548456,0.0,0.0,0.0,0.0,0.0,0.0,0.0
OPPORTUNITY,S2-ADL4.test.csv@66.out,100,0.4496270778665177,0.02119762356307211,0.018561484918793503,0.016771488469601678,0.01762114537444934,0.016771488469601678,0.015228426395939087,0.20447239692522712,0.028345754918043378
OPPORTUNITY,S4-ADL5.test.csv@118.out,100,0.4327890584246218,0.026721661139434832,0.04093567251461988,0.029166666666666667,0.0340632603406326,0.029166666666666667,0.03317535545023697,0.20333333333333334,0.057043617660810904
OPPORTUNITY,S3-ADL4.test.csv@126.out,100,0.46832378855914336,0.07238214229846993,0.019120458891013385,0.0058445353594389245,0.008952551477170993,0.0058445353594389245,0.01718213058419244,0.20093512565751023,0.031657225361139144
OPPORTUNITY,S4-ADL2.test.csv@120.out,100,0.534870674728963,0.022322450295350113,0.0350109409190372,0.07373271889400922,0.04747774480712166,0.07373271889400922,0.02030456852791878,0.21474654377880187,0.037101172349276484
OPPORTUNITY,S4-ADL5.test.csv@126.out,100,0.46021883150756393,0.016698495520094517,0.0050335570469798654,0.00625,0.0055762081784386614,0.00625,0.002631578947368421,0.20500000000000002,0.005196451204055766
OPPORTUNITY,S2-ADL1.test.csv@110.out,100,0.5287383158643679,0.054964835086983035,0.015759312320916905,0.01233183856502242,0.013836477987421384,0.01233183856502242,0.014184397163120567,0.201644245142003,0.026504378920275656
OPPORTUNITY,S3-ADL1.test.csv@61.out,100,0.30306242743079415,0.056948909287066314,0.007425742574257425,0.0014903129657228018,0.0024824162184526274,0.0014903129657228018,0.0058823529411764705,0.20119225037257826,0.011430506752466025
OPPORTUNITY,S1-ADL4.test.csv@114.out,100,0.4489256475856622,0.024771129700925522,0.013133208255159476,0.01002865329512894,0.011372867587327376,0.01002865329512894,0.009375,0.20267430754536772,0.017921035963121966
OPPORTUNITY,S1-ADL5.test.csv@42.out,100,0.3612469924624421,0.02490387627792636,0.021447721179624665,0.01263823064770932,0.015904572564612324,0.01263823064770932,0.020100502512562814,0.20252764612954188,0.036571363367304
OPPORTUNITY,S2-ADL1.test.csv@108.out,100,0.5045281826718032,0.04875485178217483,0.03225806451612903,0.028026905829596414,0.029994001199760048,0.028026905829596414,0.03294573643410853,0.20131891321551043,0.056624845992935866
OPPORTUNITY,S1-ADL1.test.csv@42.out,100,0.4237132228601526,0.022978764484055173,0.027777777777777776,0.021834061135371178,0.02444987775061125,0.021834061135371178,0.022900763358778626,0.20291120815138283,0.04115655631224659
OPPORTUNITY,S2-ADL2.test.csv@110.out,100,0.5146646543499619,0.032386554747089846,0.01436265709156194,0.017057569296375266,0.015594541910331383,0.017057569296375266,0.008152173913043478,0.20454868514570007,0.015679452000065375
OPPORTUNITY,S3-ADL1.test.csv@40.out,100,0.3329898244341339,0.059189803737224704,0.01694915254237288,0.003477396920019871,0.005770816158285243,0.003477396920019871,0.012448132780082987,0.20092730584533863,0.023443839632338353
OPPORTUNITY,S1-ADL2.test.csv@122.out,100,0.4176220562011929,0.032038913614976766,0.03170731707317073,0.017105263157894738,0.022222222222222223,0.017105263157894738,0.026041666666666668,0.20195488721804514,0.046134397779503
OPPORTUNITY,S1-ADL5.test.csv@108.out,100,0.48046706608094913,0.025336082951562772,0.008174386920980926,0.009478672985781991,0.008778346744696415,0.009478672985781991,0.01006036217303823,0.20151658767772512,0.01916399548573427
OPPORTUNITY,S4-ADL5.test.csv@125.out,100,0.4571275430359937,0.02166604668938703,0.023722627737226276,0.027083333333333334,0.02529182879377432,0.027083333333333334,0.019047619047619046,0.2030952380952381,0.03482876537538917
OPPORTUNITY,S1-ADL5.test.csv@71.out,100,0.3369693645138,0.022349331962932463,0.008547008547008548,0.004739336492890996,0.006097560975609756,0.004739336492890996,0.006802721088435374,0.20379146919431282,0.01316595223515003
OPPORTUNITY,S3-ADL4.test.csv@67.out,100,0.3552451846256329,0.06200481230201137,0.044444444444444446,0.009351256575102279,0.01545147271849348,0.009351256575102279,0.02727272727272727,0.20249366842002728,0.04807103820924514
OPPORTUNITY,S2-ADL3.test.csv@79.out,100,0.4433928209983107,0.020628608774164725,0.008,0.00686106346483705,0.007386888273314866,0.00686106346483705,0.012875536480686695,0.20182961692395657,0.024206820883240377
OPPORTUNITY,S4-ADL5.test.csv@131.out,100,0.38283007303077726,0.021139071974351005,0.03048780487804878,0.020833333333333332,0.024752475247524754,0.020833333333333332,0.02830188679245283,0.20277777777777778,0.049671127239736906
OPPORTUNITY,S1-ADL2.test.csv@120.out,100,0.4578798499661809,0.022322739822592964,0.0,0.0,0.0,0.0,0.0,0.0,0.0
OPPORTUNITY,S3-ADL3.test.csv@55.out,100,0.3460894544029892,0.04123001988872033,0.028132992327365727,0.009632224168126095,0.014350945857795172,0.009632224168126095,0.015873015873015872,0.20385288966725046,0.029452696035019352
OPPORTUNITY,S2-ADL2.test.csv@104.out,100,0.43288080741733215,0.015041425991814971,0.003738317757009346,0.0042643923240938165,0.00398406374501992,0.0042643923240938165,0.002304147465437788,0.20341151385927506,0.004556679069367558
OPPORTUNITY,S1-ADL5.test.csv@18.out,100,0.40688303574697315,0.023768679753706813,0.016304347826086956,0.009478672985781991,0.011988011988011988,0.009478672985781991,0.011811023622047244,0.20252764612954188,0.022320366318648477
OPPORTUNITY,S2-ADL2.test.csv@81.out,100,0.3995233966714797,0.020276521293017154,0.016786570743405275,0.014925373134328358,0.01580135440180587,0.014925373134328358,0.012145748987854251,0.20398009950248758,0.022926374650512584
OPPORTUNITY,S2-ADL5.test.csv@93.out,100,0.3799085229808121,0.019072911636890393,0.0,0.0,0.0,0.0,0.0,0.0,0.0
OPPORTUNITY,S1-ADL2.test.csv@130.out,100,0.45420610879717277,0.02826465211949352,0.01694915254237288,0.011842105263157895,0.013942680092951201,0.011842105263157895,0.025559105431309903,0.2011842105263158,0.045356031124797684
OPPORTUNITY,S2-ADL2.test.csv@54.out,100,0.4398146326879047,0.019393911983234854,0.0136986301369863,0.01279317697228145,0.013230429988974642,0.01279317697228145,0.013227513227513227,0.20341151385927506,0.024839739417073285
OPPORTUNITY,S1-ADL3.test.csv@80.out,100,0.405599329908893,0.02866156432283721,0.042682926829268296,0.021604938271604937,0.028688524590163935,0.021604938271604937,0.0380952380952381,0.204320987654321,0.06421729113617074
OPPORTUNITY,S3-ADL4.test.csv@92.out,100,0.4113527623183153,0.05981471108011593,0.027586206896551724,0.0070134424313267095,0.011183597390493943,0.0070134424313267095,0.024390243902439025,0.20140268848626536,0.04351119977777217
OPPORTUNITY,S3-ADL4.test.csv@94.out,100,0.3743582646254019,0.061721430113906274,0.02926829268292683,0.0070134424313267095,0.011315417256011316,0.0070134424313267095,0.037267080745341616,0.20093512565751023,0.062873183800737
OPPORTUNITY,S1-ADL2.test.csv@42.out,100,0.41187596481519234,0.02947216872675475,0.02102803738317757,0.011842105263157895,0.015151515151515152,0.011842105263157895,0.01764705882352941,0.20315789473684212,0.032473359506449806
OPPORTUNITY,S4-ADL2.test.csv@81.out,100,0.5505113076369835,0.021643086120906988,0.025896414342629483,0.059907834101382486,0.03616133518776078,0.059907834101382486,0.023148148148148147,0.2095852534562212,0.04169157038248441
OPPORTUNITY,S4-ADL5.test.csv@6.out,100,0.5107003129890454,0.03193754322299844,0.013235294117647059,0.01875,0.015517241379310345,0.01875,0.009456264775413711,0.20375000000000001,0.01807370857530943
OPPORTUNITY,S2-ADL5.test.csv@79.out,100,0.36473091930152235,0.020361141889551657,0.008676789587852495,0.005625879043600563,0.006825938566552901,0.005625879043600563,0.009433962264150943,0.20225035161744023,0.01802705311587208
OPPORTUNITY,S1-ADL3.test.csv@89.out,100,0.3662991989283553,0.021728040048175856,0.020737327188940093,0.013888888888888888,0.0166358595194085,0.013888888888888888,0.02700617283950617,0.20222222222222222,0.047648968478374694
OPPORTUNITY,S4-ADL4.test.csv@120.out,100,0.5029147504654214,0.02300912421816706,0.015053763440860216,0.019662921348314606,0.01705237515225335,0.019662921348314606,0.0091324200913242,0.20786516853932585,0.017496157938290575
OPPORTUNITY,S1-ADL3.test.csv@111.out,100,0.38348599064111566,0.030861282503579966,0.09574468085106383,0.05555555555555555,0.0703125,0.05555555555555555,0.11155378486055777,0.2015873015873016,0.1436274410808409
OPPORTUNITY,S1-ADL3.test.csv@120.out,100,0.42059089603057725,0.0252484192684657,0.010080645161290322,0.007716049382716049,0.008741258741258742,0.007716049382716049,0.005747126436781609,0.20617283950617285,0.011182536493906523
OPPORTUNITY,S4-ADL2.test.csv@127.out,100,0.40483018566367435,0.013241721292982572,0.015228426395939087,0.027649769585253458,0.019639934533551555,0.027649769585253458,0.01834862385321101,0.2055299539170507,0.03368961740378442
OPPORTUNITY,S4-ADL5.test.csv@91.out,100,0.4483507433489827,0.02197155605793306,0.020833333333333332,0.022916666666666665,0.021825396825396824,0.022916666666666665,0.023480662983425413,0.2036666666666667,0.04210684200711848
OPPORTUNITY,S4-ADL4.test.csv@133.out,100,0.5285697550951225,0.028828275282093908,0.02553191489361702,0.033707865168539325,0.029055690072639227,0.033707865168539325,0.023529411764705882,0.20674157303370788,0.04225028702640643
OPPORTUNITY,S3-ADL5.test.csv@103.out,100,0.4082341774317822,0.04841682049434669,0.03931203931203931,0.015080113100848256,0.021798365122615803,0.015080113100848256,0.03296703296703297,0.20201068174677977,0.05668361200082278
OPPORTUNITY,S4-ADL5.test.csv@132.out,100,0.4630910276473657,0.024636954025353017,0.022099447513812154,0.016666666666666666,0.019002375296912115,0.016666666666666666,0.018867924528301886,0.2026666666666667,0.034521916874858054
OPPORTUNITY,S1-ADL4.test.csv@103.out,100,0.41308906965578773,0.030767115931635513,0.02127659574468085,0.011461318051575931,0.0148975791433892,0.011461318051575931,0.02127659574468085,0.20305635148042026,0.03851728386114936
OPPORTUNITY,S1-ADL4.test.csv@112.out,100,0.4489256475856622,0.024771129700925522,0.013133208255159476,0.01002865329512894,0.011372867587327376,0.01002865329512894,0.009375,0.20267430754536772,0.017921035963121966
OPPORTUNITY,S3-ADL5.test.csv@55.out,100,0.34307455777617646,0.03754305437272824,0.02727272727272727,0.011310084825636193,0.015989340439706862,0.011310084825636193,0.039735099337748346,0.20150801131008483,0.06638067984827864
OPPORTUNITY,S1-ADL5.test.csv@80.out,100,0.343856031480092,0.020599593455171122,0.01948051948051948,0.009478672985781991,0.012752391073326248,0.009478672985781991,0.03571428571428571,0.20252764612954188,0.06072088286837493
OPPORTUNITY,S4-ADL5.test.csv@108.out,100,0.38380229525299947,0.019125453509782273,0.01909307875894988,0.016666666666666666,0.017797552836484983,0.016666666666666666,0.020202020202020204,0.20222222222222222,0.0367342819658896
OPPORTUNITY,S1-ADL4.test.csv@16.out,100,0.3734508695737959,0.032468984882972604,0.04,0.024355300859598854,0.030276046304541407,0.024355300859598854,0.05194805194805195,0.2024355300859599,0.08267932504882206
OPPORTUNITY,S2-ADL4.test.csv@77.out,100,0.5288288868734027,0.05555637494240123,0.11271676300578035,0.08176100628930817,0.09477521263669501,0.08176100628930817,0.12635658914728684,0.20384757676655568,0.15600944606424125
OPPORTUNITY,S3-ADL3.test.csv@103.out,100,0.4340351256764777,0.05363670164555524,0.024875621890547265,0.008756567425569177,0.012953367875647668,0.008756567425569177,0.02702702702702703,0.2014010507880911,0.047658516369664325
OPPORTUNITY,S4-ADL3.test.csv@42.out,100,0.44200033192317273,0.036370459051517194,0.03805496828752643,0.02346805736636245,0.02903225806451613,0.02346805736636245,0.022123893805309734,0.203754889178618,0.039913899578794446
OPPORTUNITY,S2-ADL2.test.csv@38.out,100,0.4275584386973934,0.02526155615722766,0.0413625304136253,0.03624733475479744,0.038636363636363635,0.03624733475479744,0.06741573033707865,0.20241648898365316,0.10114474447456584
OPPORTUNITY,S1-ADL4.test.csv@95.out,100,0.34656269159744496,0.025246722896030388,0.0234192037470726,0.014326647564469915,0.017777777777777778,0.014326647564469915,0.01935483870967742,0.20382043935052532,0.03535258711138108
OPPORTUNITY,S1-ADL2.test.csv@108.out,100,0.3650196846571326,0.0268446167657607,0.02564102564102564,0.013157894736842105,0.017391304347826087,0.013157894736842105,0.014084507042253521,0.20350877192982458,0.026345673404496932
OPPORTUNITY,S4-ADL5.test.csv@42.out,100,0.4565998304642671,0.028319810549638905,0.034934497816593885,0.03333333333333333,0.03411513859275053,0.03333333333333333,0.024630541871921183,0.20533333333333334,0.043984919456186454
OPPORTUNITY,S2-ADL2.test.csv@89.out,100,0.4664659426015128,0.024613106720439128,0.02619047619047619,0.023454157782515993,0.024746906636670417,0.023454157782515993,0.039603960396039604,0.2023454157782516,0.06624261619942587
OPPORTUNITY,S1-ADL2.test.csv@114.out,100,0.45219383197895124,0.0333328736794764,0.01674641148325359,0.009210526315789473,0.011884550084889643,0.009210526315789473,0.007633587786259542,0.2036842105263158,0.014715668194003459
OPPORTUNITY,S1-ADL3.test.csv@45.out,100,0.3331859019376195,0.022962963144519646,0.01366120218579235,0.007716049382716049,0.009861932938856016,0.007716049382716049,0.011764705882352941,0.20308641975308644,0.02224100050701369
OPPORTUNITY,S2-ADL2.test.csv@94.out,100,0.41288128456633627,0.019695985668869483,0.0066518847006651885,0.006396588486140725,0.006521739130434782,0.006396588486140725,0.008620689655172414,0.2025586353944563,0.01653755766385238
OPPORTUNITY,S4-ADL2.test.csv@124.out,100,0.5832849417969685,0.028648974531279653,0.021015761821366025,0.055299539170506916,0.030456852791878174,0.055299539170506916,0.013368983957219251,0.20884792626728113,0.02512936187390073
OPPORTUNITY,S4-ADL5.test.csv@54.out,100,0.3766262389149713,0.02344986456490894,0.04897959183673469,0.025,0.03310344827586207,0.025,0.034482758620689655,0.20666666666666667,0.05910390848427073
OPPORTUNITY,S1-ADL5.test.csv@83.out,100,0.2912136199694839,0.020697813616429434,0.012626262626262626,0.007898894154818325,0.009718172983479106,0.007898894154818325,0.011904761904761904,0.20315955766192734,0.02249156129212795
OPPORTUNITY,S4-ADL5.test.csv@32.out,100,0.4036524517475222,0.023946514833887385,0.03855421686746988,0.03333333333333333,0.035754189944134075,0.03333333333333333,0.04145077720207254,0.20333333333333334,0.06886333168701052
OPPORTUNITY,S2-ADL3.test.csv@92.out,100,0.4226149365411225,0.023823701337515827,0.027160493827160494,0.018867924528301886,0.022267206477732792,0.018867924528301886,0.034482758620689655,0.20251572327044026,0.0589311859443631
OPPORTUNITY,S4-ADL1.test.csv@42.out,100,0.4012534289504601,0.02626469119946344,0.016819571865443424,0.01206140350877193,0.0140485312899106,0.01206140350877193,0.013793103448275862,0.2024122807017544,0.025826308978349827
OPPORTUNITY,S4-ADL2.test.csv@33.out,100,0.47513824884792627,0.017133833989442758,0.026970954356846474,0.059907834101382486,0.03719599427753934,0.059907834101382486,0.01680672268907563,0.21198156682027652,0.03114421123899797
OPPORTUNITY,S1-ADL4.test.csv@94.out,100,0.3643436195812863,0.024594705444904413,0.02107728337236534,0.012893982808022923,0.016,0.012893982808022923,0.017045454545454544,0.2034383954154728,0.03145536439489034
OPPORTUNITY,S4-ADL2.test.csv@128.out,100,0.4624459923816627,0.013837693063506344,0.0156794425087108,0.041474654377880185,0.022756005056890013,0.041474654377880185,0.0169971671388102,0.2055299539170507,0.031397763671989584
OPPORTUNITY,S2-ADL3.test.csv@89.out,100,0.4022122332361442,0.024981059383840494,0.02617801047120419,0.017152658662092625,0.02072538860103627,0.017152658662092625,0.03587443946188341,0.20171526586620928,0.060915283209448085
OPPORTUNITY,S3-ADL2.test.csv@55.out,100,0.3676150453240312,0.03982279944033156,0.061696658097686374,0.02727272727272727,0.037825059101654845,0.02727272727272727,0.05384615384615385,0.20311688311688314,0.08512557343907938
OPPORTUNITY,S2-ADL5.test.csv@98.out,100,0.3190007255149682,0.02382751835021999,0.014319809069212411,0.008438818565400843,0.010619469026548672,0.008438818565400843,0.009389671361502348,0.20337552742616036,0.017950580042083313
OPPORTUNITY,S4-ADL3.test.csv@16.out,100,0.3938650796224978,0.03343931072323979,0.03931203931203931,0.020860495436766623,0.027257240204429302,0.020860495436766623,0.040160642570281124,0.20166883963494134,0.06698232252152848
OPPORTUNITY,S2-ADL2.test.csv@93.out,100,0.3894795370334885,0.015433229882993471,0.01201923076923077,0.010660980810234541,0.011299435028248588,0.010660980810234541,0.014150943396226415,0.20284292821606256,0.026456219930846743
OPPORTUNITY,S2-ADL3.test.csv@52.out,100,0.5150378416298155,0.03837748170394556,0.02386117136659436,0.018867924528301886,0.0210727969348659,0.018867924528301886,0.028925619834710745,0.20215633423180593,0.05060972670747579
OPPORTUNITY,S1-ADL2.test.csv@96.out,100,0.3255600377997197,0.02615564809251396,0.020356234096692113,0.010526315789473684,0.013876843018213356,0.010526315789473684,0.016483516483516484,0.20280701754385966,0.030488984228016807
OPPORTUNITY,S1-ADL5.test.csv@132.out,100,0.3887608702187334,0.02201622193754546,0.0196078431372549,0.01263823064770932,0.01536983669548511,0.01263823064770932,0.008733624454148471,0.20505529225908373,0.016753683422501307
OPPORTUNITY,S2-ADL5.test.csv@92.out,100,0.44464739721505175,0.020458084649329824,0.005504587155963303,0.004219409282700422,0.004777070063694267,0.004219409282700422,0.011904761904761904,0.20112517580872014,0.022478975084492647
OPPORTUNITY,S2-ADL3.test.csv@68.out,100,0.4014466529754722,0.027172597336138783,0.038834951456310676,0.0274442538593482,0.032160804020100506,0.0274442538593482,0.03723404255319149,0.2031364861553541,0.06293277807601169
OPPORTUNITY,S1-ADL1.test.csv@81.out,100,0.40186528588466097,0.01878355782107636,0.0224,0.020378457059679767,0.021341463414634148,0.020378457059679767,0.02074688796680498,0.20326055312954877,0.03765074859308503
OPPORTUNITY,S4-ADL3.test.csv@124.out,100,0.5184362567431267,0.05417935358346022,0.019963702359346643,0.014341590612777053,0.01669195751138088,0.014341590612777053,0.017045454545454544,0.20191221208170362,0.03143699406581063
OPPORTUNITY,S2-ADL5.test.csv@91.out,100,0.3729190476549109,0.020074126232921076,0.007263922518159807,0.004219409282700422,0.005338078291814947,0.004219409282700422,0.00819672131147541,0.20168776371308017,0.01575322150084039
OPPORTUNITY,S3-ADL2.test.csv@53.out,100,0.3512498591039605,0.03578808424773213,0.042666666666666665,0.01818181818181818,0.02549800796812749,0.01818181818181818,0.04,0.20242424242424242,0.0668
OPPORTUNITY,S1-ADL3.test.csv@132.out,100,0.4241628656474768,0.029070777071681167,0.03140096618357488,0.020061728395061727,0.02448210922787194,0.020061728395061727,0.02358490566037736,0.20320987654320988,0.04226451526760679
OPPORTUNITY,S1-ADL5.test.csv@39.out,100,0.33005367755705056,0.02457176158387707,0.01876675603217158,0.011058451816745656,0.013916500994035786,0.011058451816745656,0.01838235294117647,0.20176935229067933,0.03369490545270736
OPPORTUNITY,S2-ADL2.test.csv@98.out,100,0.36864938152098353,0.0200046684832332,0.01466275659824047,0.010660980810234541,0.012345679012345678,0.010660980810234541,0.013574660633484163,0.20284292821606256,0.025446396728405336
OPPORTUNITY,S1-ADL4.test.csv@77.out,100,0.5178589371461727,0.0604616970949425,0.06875,0.03151862464183381,0.043222003929273084,0.03151862464183381,0.0625,0.20630372492836677,0.09593604263824117
OPPORTUNITY,S1-ADL5.test.csv@82.out,100,0.34480277766450884,0.022041367250704314,0.023310023310023312,0.01579778830963665,0.018832391713747645,0.01579778830963665,0.021897810218978103,0.20421274354923646,0.03955420769188925
OPPORTUNITY,S3-ADL3.test.csv@51.out,100,0.4481062716904122,0.050853252861617286,0.028629856850715747,0.012259194395796848,0.017167381974248927,0.012259194395796848,0.021645021645021644,0.20196147110332752,0.03909958391424402
OPPORTUNITY,S1-ADL2.test.csv@67.out,100,0.42379145266782525,0.023688483268467384,0.007827788649706457,0.005263157894736842,0.006294256490952006,0.005263157894736842,0.009523809523809525,0.20210526315789476,0.018190431075319757
OPPORTUNITY,S4-ADL5.test.csv@129.out,100,0.4630910276473657,0.024636954025353017,0.022099447513812154,0.016666666666666666,0.019002375296912115,0.016666666666666666,0.018867924528301886,0.2026666666666667,0.034521916874858054
OPPORTUNITY,S3-ADL4.test.csv@93.out,100,0.36269210090567544,0.05867249091730423,0.024752475247524754,0.0058445353594389245,0.009456264775413711,0.0058445353594389245,0.015384615384615385,0.20233781414377558,0.02859502766994301
OPPORTUNITY,S4-ADL5.test.csv@127.out,100,0.3826886411058947,0.02113602491659375,0.03048780487804878,0.020833333333333332,0.024752475247524754,0.020833333333333332,0.02830188679245283,0.20277777777777778,0.049671127239736906
OPPORTUNITY,S1-ADL5.test.csv@44.out,100,0.2542391261103619,0.019955585729685,0.0031545741324921135,0.001579778830963665,0.002105263157894737,0.001579778830963665,0.005050505050505051,0.20126382306477095,0.009853740786288296
OPPORTUNITY,S4-ADL5.test.csv@81.out,100,0.43080333854981745,0.022602174044304413,0.014669926650366748,0.0125,0.013498312710911136,0.0125,0.009852216748768473,0.20500000000000002,0.018800871259887653
OPPORTUNITY,S1-ADL2.test.csv@76.out,100,0.47134183341585845,0.03771823218237367,0.028169014084507043,0.018421052631578946,0.022275258552108195,0.018421052631578946,0.04032258064516129,0.20147368421052633,0.0671965622323021
OPPORTUNITY,S1-ADL4.test.csv@42.out,100,0.40504416926270925,0.02823137814152286,0.024861878453038673,0.012893982808022923,0.016981132075471698,0.012893982808022923,0.028985507246376812,0.20171919770773641,0.05068759449924401
OPPORTUNITY,S1-ADL3.test.csv@47.out,100,0.371776620248041,0.025023881898500192,0.013966480446927373,0.007716049382716049,0.009940357852882704,0.007716049382716049,0.012738853503184714,0.20308641975308644,0.02397391288506731
OPPORTUNITY,S1-ADL5.test.csv@17.out,100,0.29766761624043997,0.02199207716027426,0.014598540145985401,0.009478672985781991,0.011494252873563218,0.009478672985781991,0.017316017316017316,0.2018957345971564,0.03189637422084121
OPPORTUNITY,S2-ADL2.test.csv@55.out,100,0.43726613670978864,0.022836484202514492,0.023605150214592276,0.023454157782515993,0.023529411764705882,0.023454157782515993,0.027149321266968326,0.2031272210376688,0.047896899326572054
OPPORTUNITY,S4-ADL5.test.csv@16.out,100,0.4150725091288472,0.02477171031098719,0.03313253012048193,0.022916666666666665,0.027093596059113302,0.022916666666666665,0.02666666666666667,0.20305555555555557,0.0471422813381701
OPPORTUNITY,S1-ADL3.test.csv@93.out,100,0.48038834594206953,0.025255175823545455,0.015414258188824663,0.012345679012345678,0.013710368466152529,0.012345679012345678,0.019230769230769232,0.20493827160493827,0.0351620419402669
OPPORTUNITY,S4-ADL3.test.csv@118.out,100,0.4596930365659226,0.03842278371933204,0.03761061946902655,0.02216427640156454,0.02789171452009844,0.02216427640156454,0.033707865168539325,0.20295523685354194,0.05781372508562704
OPPORTUNITY,S4-ADL5.test.csv@53.out,100,0.4239357720396452,0.021921602954008915,0.0199501246882793,0.016666666666666666,0.018161180476730987,0.016666666666666666,0.013574660633484163,0.20444444444444446,0.02545890600498109
OPPORTUNITY,S4-ADL2.test.csv@42.out,100,0.5978612716763005,0.03174529234991627,0.055,0.10138248847926268,0.0713128038897893,0.10138248847926268,0.04216867469879518,0.21158657011191576,0.07032229227292476
OPPORTUNITY,S4-ADL4.test.csv@92.out,100,0.46288534731162156,0.016464944452153112,0.017374517374517374,0.025280898876404494,0.020594965675057208,0.025280898876404494,0.017241379310344827,0.2050561797752809,0.03180827886710239
OPPORTUNITY,S1-ADL1.test.csv@16.out,100,0.4288224715532634,0.02197597427209073,0.020537124802527645,0.018922852983988356,0.019696969696969695,0.018922852983988356,0.02,0.20252304706453178,0.03640486677423575
OPPORTUNITY,S4-ADL1.test.csv@16.out,100,0.41250003011373354,0.03432125132069475,0.054098360655737705,0.03618421052631579,0.04336399474375821,0.03618421052631579,0.05097765363128492,0.2015235457063712,0.08137147497529323
OPPORTUNITY,S3-ADL5.test.csv@51.out,100,0.44062539262356953,0.04616621080596722,0.03917525773195876,0.017907634307257305,0.02457956015523933,0.017907634307257305,0.029787234042553193,0.20204658677797227,0.05192002570249364
OPPORTUNITY,S3-ADL2.test.csv@50.out,100,0.5159735693861085,0.05870670995485315,0.06516290726817042,0.029545454545454545,0.040656763096168884,0.029545454545454545,0.05895196506550218,0.2016883116883117,0.09123626212229677
OPPORTUNITY,S1-ADL3.test.csv@115.out,100,0.3832015013830073,0.030747096131531124,0.09523809523809523,0.04938271604938271,0.06504065040650407,0.04938271604938271,0.1038961038961039,0.20164609053497942,0.137134860941053
OPPORTUNITY,S2-ADL2.test.csv@120.out,100,0.5401137645051394,0.03707143819829208,0.014109347442680775,0.017057569296375266,0.015444015444015444,0.017057569296375266,0.010869565217391304,0.20682302771855013,0.02065367827105291
OPPORTUNITY,S1-ADL3.test.csv@81.out,100,0.4193454848511183,0.020867575118556504,0.004819277108433735,0.0030864197530864196,0.0037629350893697085,0.0030864197530864196,0.006622516556291391,0.20246913580246914,0.012825525924767342
OPPORTUNITY,S2-ADL4.test.csv@92.out,100,0.37564265861692153,0.018348714951421288,0.014457831325301205,0.012578616352201259,0.013452914798206279,0.012578616352201259,0.019704433497536946,0.20251572327044026,0.03591445222095196
OPPORTUNITY,S3-ADL5.test.csv@67.out,100,0.3879185822085867,0.042354895540654594,0.03684210526315789,0.013195098963242224,0.01943095072866065,0.013195098963242224,0.04504504504504504,0.20211121583411876,0.07367087355159298
OPPORTUNITY,S4-ADL5.test.csv@77.out,100,0.5032080725091289,0.039240232318043494,0.05851063829787234,0.022916666666666665,0.03293413173652695,0.022916666666666665,0.08928571428571429,0.2036666666666667,0.12414661898569573
OPPORTUNITY,S3-ADL5.test.csv@126.out,100,0.3053150638563425,0.03258778401445556,0.015,0.005655042412818096,0.008213552361396304,0.005655042412818096,0.008,0.20226201696512724,0.015391235745535395
OPPORTUNITY,S1-ADL4.test.csv@133.out,100,0.41622884709400343,0.032331933115065714,0.02756892230576441,0.015759312320916905,0.020054694621695533,0.015759312320916905,0.026200873362445413,0.20210124164278892,0.04638791049793198
OPPORTUNITY,S1-ADL4.test.csv@52.out,100,0.44364751477789494,0.027915182671238537,0.010380622837370242,0.008595988538681949,0.009404388714733543,0.008595988538681949,0.0125,0.20171919770773641,0.023541213843838824
OPPORTUNITY,S3-ADL4.test.csv@130.out,100,0.4254592289259337,0.05543050056831712,0.035940803382663845,0.009935710111046173,0.015567765567765568,0.009935710111046173,0.04905660377358491,0.20061142831452594,0.07883520584489978
OPPORTUNITY,S1-ADL5.test.csv@40.out,100,0.362424063118132,0.022350726023774723,0.006269592476489028,0.00315955766192733,0.004201680672268907,0.00315955766192733,0.004405286343612335,0.20252764612954188,0.008623009040034438
OPPORTUNITY,S1-ADL2.test.csv@82.out,100,0.3478623578869698,0.024834548735052253,0.015350877192982455,0.009210526315789473,0.011513157894736841,0.009210526315789473,0.013888888888888888,0.2036842105263158,0.026004569278322807
OPPORTUNITY,S3-ADL4.test.csv@108.out,100,0.46484001258470004,0.05782319530902397,0.0273972602739726,0.009351256575102279,0.013943355119825708,0.009351256575102279,0.02666666666666667,0.2007481005260082,0.047079464071548505
OPPORTUNITY,S2-ADL1.test.csv@109.out,100,0.4731082900350054,0.03076329662494905,0.037953795379537955,0.0257847533632287,0.030707610146862484,0.0257847533632287,0.043478260869565216,0.20128923766816145,0.07151036014059124
OPPORTUNITY,S1-ADL3.test.csv@126.out,100,0.4432099450476752,0.026800709575577203,0.01956521739130435,0.013888888888888888,0.016245487364620937,0.013888888888888888,0.01948051948051948,0.20185185185185187,0.035531891774421384
OPPORTUNITY,S1-ADL4.test.csv@39.out,100,0.39768646199400925,0.029351441073377994,0.022556390977443608,0.012893982808022923,0.016408386508659983,0.012893982808022923,0.020618556701030927,0.20171919770773641,0.037412977626614226
OPPORTUNITY,S2-ADL5.test.csv@78.out,100,0.5082523405075215,0.050425649266561456,0.05,0.02390998593530239,0.03235014272121789,0.02390998593530239,0.03932584269662921,0.20273256982117743,0.06587359693342226
OPPORTUNITY,S4-ADL3.test.csv@53.out,100,0.39730383052441576,0.029169416704132884,0.019184652278177457,0.010430247718383311,0.013513513513513514,0.010430247718383311,0.0196078431372549,0.20208604954367668,0.03574723247232472
OPPORTUNITY,S2-ADL4.test.csv@93.out,100,0.3784224664950835,0.016475387361260804,0.012195121951219513,0.008385744234800839,0.009937888198757764,0.008385744234800839,0.015228426395939087,0.20223619846261356,0.028324046404196737
OPPORTUNITY,S1-ADL5.test.csv@131.out,100,0.37936414770173077,0.021510002710959337,0.011547344110854504,0.007898894154818325,0.009380863039399626,0.007898894154818325,0.01327433628318584,0.20210637177461824,0.024912425705192143
OPPORTUNITY,S3-ADL3.test.csv@120.out,100,0.38842557210061135,0.04389265973950342,0.01909307875894988,0.0070052539404553416,0.010249839846252402,0.0070052539404553416,0.011695906432748537,0.20280210157618214,0.02211633036984692
OPPORTUNITY,S1-ADL2.test.csv@90.out,100,0.46388933387702797,0.03209042736225696,0.023722627737226276,0.017105263157894738,0.019877675840978593,0.017105263157894738,0.015810276679841896,0.20342105263157895,0.029340178109684062
OPPORTUNITY,S3-ADL3.test.csv@104.out,100,0.42168292747106234,0.051859517117233966,0.023310023310023312,0.008756567425569177,0.012730744748567792,0.008756567425569177,0.02824858757062147,0.2014010507880911,0.049547608789314954
OPPORTUNITY,S2-ADL1.test.csv@120.out,100,0.5434288360450901,0.05973553017600845,0.028052805280528052,0.01905829596412556,0.022696929238985315,0.01905829596412556,0.015468607825295725,0.20508221225710016,0.0287673953074759
OPPORTUNITY,S4-ADL5.test.csv@89.out,100,0.5565057381324987,0.05984830232892718,0.03333333333333333,0.03125,0.03225806451612903,0.03125,0.02631578947368421,0.20833333333333334,0.04672897196261682
OPPORTUNITY,S1-ADL2.test.csv@44.out,100,0.2784234151140626,0.022322739822592964,0.0,0.0,0.0,0.0,0.0,0.0,0.0
OPPORTUNITY,S1-ADL2.test.csv@103.out,100,0.3940209775499438,0.030906005126741506,0.02386634844868735,0.013157894736842105,0.016963528413910092,0.013157894736842105,0.0136986301369863,0.20526315789473684,0.025683240039512677
OPPORTUNITY,S4-ADL5.test.csv@38.out,100,0.43761919666145016,0.025252583763647876,0.03237410071942446,0.01875,0.023746701846965697,0.01875,0.022935779816513763,0.203,0.041214926706460396
OPPORTUNITY,S3-ADL4.test.csv@129.out,100,0.37379775062446435,0.06164308823435699,0.021739130434782608,0.004675628287551139,0.007696007696007696,0.004675628287551139,0.02242152466367713,0.2007481005260082,0.04033773398422379
OPPORTUNITY,S3-ADL4.test.csv@63.out,100,0.3545681279203317,0.06037276500384243,0.03990610328638498,0.009935710111046173,0.015910154422087038,0.009935710111046173,0.055,0.20072259709898518,0.08634155108452084
OPPORTUNITY,S1-ADL5.test.csv@130.out,100,0.408967167130044,0.025505968432136306,0.010845986984815618,0.007898894154818325,0.009140767824497258,0.007898894154818325,0.003367003367003367,0.20631911532385466,0.006625876431970614
OPPORTUNITY,S1-ADL3.test.csv@130.out,100,0.4147022032601862,0.026767298361182884,0.026607538802660754,0.018518518518518517,0.02183803457688808,0.018518518518518517,0.021352313167259787,0.20246913580246914,0.03863065326633166
OPPORTUNITY,S1-ADL1.test.csv@80.out,100,0.42027520690173537,0.021874173268312237,0.0288,0.026200873362445413,0.027439024390243903,0.026200873362445413,0.0233196159122085,0.2034934497816594,0.04184405404548864
OPPORTUNITY,S4-ADL2.test.csv@16.out,100,0.511514477504595,0.021723805991566973,0.03143418467583497,0.07373271889400922,0.0440771349862259,0.07373271889400922,0.03,0.20655401945724527,0.05239074438840668
OPPORTUNITY,S2-ADL4.test.csv@89.out,100,0.34469052183936877,0.0185772785627492,0.02320185614849188,0.020964360587002098,0.022026431718061675,0.020964360587002098,0.024875621890547265,0.20335429769392036,0.04432867196782744
OPPORTUNITY,S1-ADL3.test.csv@68.out,100,0.43937770739433274,0.02121247282707006,0.006289308176100629,0.004629629629629629,0.005333333333333333,0.004629629629629629,0.006211180124223602,0.20370370370370372,0.012054794520547944
OPPORTUNITY,S1-ADL3.test.csv@53.out,100,0.43860169859757664,0.02181091822604624,0.008156606851549755,0.007716049382716049,0.007930214115781126,0.007716049382716049,0.004016064257028112,0.20617283950617285,0.007878659212605854
OPPORTUNITY,S1-ADL3.test.csv@114.out,100,0.4362066846265802,0.022396250359485902,0.01488833746898263,0.009259259259259259,0.011417697431018078,0.009259259259259259,0.016877637130801686,0.20185185185185187,0.03115064480405816
OPPORTUNITY,S2-ADL4.test.csv@67.out,100,0.3936123193226543,0.0203309453731266,0.03009259259259259,0.027253668763102725,0.028602860286028604,0.027253668763102725,0.018867924528301886,0.20726764500349407,0.034587307880681956
SMD,machine-1-5.test.csv@1.out,100,0.6244689909345083,0.3252429349696584,0.5,0.25,0.3333333333333333,0.25,0.5,0.29245152606497143,0.36904658070024837
SMD,machine-1-5.test.csv@31.out,100,0.584583792256206,0.009983471044421485,0.02857142857142857,0.1,0.044444444444444446,0.1,0.021844660194174758,0.3283314029424087,0.0409638960705095
SMD,machine-2-1.test.csv@11.out,100,0.5021232656603338,0.11155461111483615,0.18181818181818182,0.005115089514066497,0.009950248756218905,0.005115089514066497,0.18181818181818182,0.07345823984915943,0.10463985292259195
SMD,machine-2-3.test.csv@6.out,100,0.6245039443596996,0.07182696270250026,0.1232876712328767,0.25116279069767444,0.16539050535987748,0.25116279069767444,0.11538461538461539,0.113555439269725,0.1144627199879972
SMD,machine-1-5.test.csv@25.out,100,0.5334523002626451,0.005935100666602081,0.007547169811320755,0.02,0.010958904109589041,0.02,0.008733624454148471,0.07121910347716799,0.01555921654768442
SMD,machine-2-8.test.csv@33.out,100,0.6326110068440911,0.3324817303800101,0.525,0.2608695652173913,0.34854771784232363,0.2608695652173913,0.7,0.2298136645962733,0.34602538410153644
SMD,machine-2-7.test.csv@28.out,100,0.38959989435396586,0.0025276683033765668,0.0,0.0,0.0,0.0,0.0,0.0,0.0
SMD,machine-2-2.test.csv@11.out,100,0.5090225758887016,0.349298634279887,0.57,0.020120014119308152,0.03886805318786226,0.020120014119308152,0.576530612244898,0.24741729595801248,0.3462443285517069
SMD,machine-3-10.test.csv@1.out,100,0.5007104450479654,0.04020581556637337,0.06388888888888888,0.0444015444015444,0.05239179954441914,0.0444015444015444,0.07258064516129033,0.18334436246433672,0.10399337085348981
SMD,machine-1-5.test.csv@19.out,100,0.5487249004490384,0.10043912161132423,0.1388888888888889,0.1,0.11627906976744186,0.1,0.19444444444444445,0.3462213976499691,0.24902933412638803
SMD,machine-2-6.test.csv@2.out,100,0.6410826966309032,0.018700691597656444,0.019444444444444445,0.03825136612021858,0.02578268876611418,0.03825136612021858,0.015772870662460567,0.16912087912087914,0.028854644960374078
SMD,machine-2-8.test.csv@12.out,100,0.7883647487526971,0.028474495968496688,0.031198686371100164,0.11801242236024845,0.04935064935064935,0.11801242236024845,0.02028397565922921,0.2094409937888199,0.03698593174494186
SMD,machine-1-2.test.csv@24.out,100,0.5607949272261463,0.06821006083705122,0.13303769401330376,0.14563106796116504,0.13904982618771727,0.14563106796116504,0.10869565217391304,0.17114261253805027,0.13295149541981424
SMD,machine-3-11.test.csv@3.out,100,0.5683182416948358,0.025845779466526574,0.04878048780487805,0.1414141414141414,0.07253886010362694,0.1414141414141414,0.0163265306122449,0.3028379028379029,0.030982727227990753
SMD,machine-3-8.test.csv@21.out,100,0.7071979918295678,0.34132391664835493,0.43729903536977494,0.19839533187454414,0.2729553437029604,0.19839533187454414,0.5067215088282504,0.15316254496336348,0.23522543220697115
SMD,machine-3-11.test.csv@21.out,100,0.545727392480581,0.012475607926208028,0.012224938875305624,0.025252525252525252,0.016474464579901153,0.025252525252525252,0.009523809523809525,0.1416065416065416,0.01784729168561123
SMD,machine-2-6.test.csv@22.out,100,0.6876688744030756,0.034340293317497564,0.04986149584487535,0.09836065573770492,0.0661764705882353,0.09836065573770492,0.051829268292682924,0.1815750915750916,0.08064034572314971
SMD,machine-3-2.test.csv@11.out,100,0.500252458436505,0.09602380657416586,0.125,0.001,0.001984126984126984,0.001,0.125,0.038461538461538464,0.058823529411764705
SMD,machine-2-8.test.csv@1.out,100,0.8444446353976227,0.053395258743878966,0.06040268456375839,0.2236024844720497,0.095112285336856,0.2236024844720497,0.09333333333333334,0.21277728482697428,0.1297518744685785
SMD,machine-3-3.test.csv@35.out,100,0.5694812088894566,0.012550469794713212,0.002232142857142857,0.0125,0.003787878787878788,0.0,0.00425531914893617,0.01453287197231834,0.00658307210031348
SMD,machine-3-6.test.csv@20.out,100,0.5776104506478018,0.03608618600072196,0.02997275204359673,0.027227722772277228,0.028534370946822308,0.027227722772277228,0.031818181818181815,0.18045524296675194,0.0540977537492278
SMD,machine-1-6.test.csv@2.out,100,0.5523802564611368,0.054403577249571684,0.10501193317422435,0.08695652173913043,0.09513513513513513,0.08695652173913043,0.06358974358974359,0.3296514317619845,0.10661370850082998
SMD,machine-3-3.test.csv@16.out,100,0.5661995497796795,0.0767110364016589,0.0375,0.15,0.06,0.15,0.0259009009009009,0.18954687757455926,0.045574244736926325
SMD,machine-2-8.test.csv@2.out,100,0.8068246534249197,0.62198188171654,0.8018867924528302,0.5279503105590062,0.6367041198501873,0.5279503105590062,0.5625,0.2469289164941339,0.34319879781304286
SMD,machine-3-11.test.csv@4.out,100,0.6224323348447652,0.02296152492872285,0.03571428571428571,0.10606060606060606,0.05343511450381679,0.10606060606060606,0.0391304347826087,0.25906685906685906,0.06799121951903724
SMD,machine-1-2.test.csv@18.out,100,0.509240023623905,0.17206118489579916,0.3076923076923077,0.019417475728155338,0.0365296803652968,0.019417475728155338,0.3076923076923077,0.23831260027513373,0.26859448646268547
SMD,machine-2-4.test.csv@28.out,100,0.3324061978128536,0.01713298138866014,0.013192612137203167,0.013157894736842105,0.013175230566534914,0.013157894736842105,0.016025641025641024,0.03074522728467998,0.02106918231438084
SMD,machine-2-3.test.csv@4.out,100,0.5940352896049098,0.3042462291429145,0.5,0.19069767441860466,0.2760942760942761,0.19069767441860466,0.5,0.08006279434850863,0.13802435723951287
SMD,machine-2-3.test.csv@32.out,100,0.8819818734890857,0.19037348629469192,0.18556701030927836,0.33488372093023255,0.23880597014925373,0.33488372093023255,0.10858585858585859,0.16659108087679517,0.13147493816216427
SMD,machine-2-8.test.csv@22.out,100,0.7082207614962537,0.018257427807330924,0.014925373134328358,0.049689440993788817,0.02295552367288379,0.049689440993788817,0.0335195530726257,0.20662525879917185,0.05768174856229109
SMD,machine-1-1.test.csv@1.out,100,0.7234350895977444,0.2660589298004122,0.3248730964467005,0.09502598366740905,0.14704192992533027,0.09502598366740905,0.3035460992907802,0.12856808653111504,0.1806297614857059
SMD,machine-1-2.test.csv@7.out,100,0.5790826765944999,0.031019104863459507,0.03291139240506329,0.03155339805825243,0.0322180916976456,0.03155339805825243,0.033816425120772944,0.17611287018066676,0.05673822396933545
SMD,machine-2-9.test.csv@15.out,100,0.6558747784899223,0.39895976157535074,0.41875,0.11452991452991453,0.17986577181208055,0.11452991452991453,0.37402452619843923,0.2958388992326345,0.3303688480837635
SMD,machine-3-11.test.csv@22.out,100,0.5268686278992548,0.012371136894301676,0.01411764705882353,0.030303030303030304,0.019261637239165328,0.030303030303030304,0.012738853503184714,0.25271765271765273,0.024255070643931963
SMD,machine-1-6.test.csv@1.out,100,0.5678890625921774,0.06493841726254718,0.1407035175879397,0.11067193675889328,0.12389380530973451,0.11067193675889328,0.08833333333333333,0.4407919415672466,0.1471735460470029
SMD,machine-2-2.test.csv@6.out,100,0.41211557012677963,0.06271744492227065,0.0182328190743338,0.004588775150017649,0.007332205301748449,0.004588775150017649,0.02372034956304619,0.18468319559228652,0.04204103106407613
SMD,machine-1-8.test.csv@24.out,100,0.4917602639192163,0.03675267779970362,0.03823529411764706,0.023090586145648313,0.028792912513842746,0.023090586145648313,0.04436860068259386,0.07802662746058973,0.05656972627002239
SMD,machine-3-11.test.csv@16.out,100,0.4949648043212799,0.008548503015993577,0.015968063872255488,0.04040404040404041,0.022889842632331903,0.04040404040404041,0.014084507042253521,0.07128427128427128,0.0235215693743453
SMD,machine-3-6.test.csv@9.out,100,0.5462139518456692,0.3284711502405989,0.6129032258064516,0.09405940594059406,0.1630901287553648,0.09405940594059406,0.6226415094339622,0.05100131752305666,0.0942800429394401
SMD,machine-3-6.test.csv@14.out,100,0.5270285487016674,0.4154427402167512,0.7857142857142857,0.054455445544554455,0.10185185185185185,0.054455445544554455,0.8181818181818182,0.051062801932367154,0.09612634961374648
SMD,machine-3-10.test.csv@26.out,100,0.6159741734093437,0.28071661109289725,0.4603960396039604,0.17953667953667954,0.25833333333333336,0.17953667953667954,0.6952380952380952,0.13569319928220594,0.22706830763952954
SMD,machine-2-3.test.csv@28.out,100,0.773179989473778,0.1378503011248262,0.12596401028277635,0.22790697674418606,0.16225165562913907,0.22790697674418606,0.07142857142857142,0.12871484776246683,0.09187329500495245
SMD,machine-1-6.test.csv@9.out,100,0.5876903883385801,0.09781645649577149,0.15469613259668508,0.16600790513833993,0.1601525262154433,0.16600790513833993,0.07758620689655173,0.5574344511674018,0.13621359907061206
SMD,machine-2-4.test.csv@19.out,100,0.31723227993858755,0.016860244160240203,0.0103359173126615,0.010526315789473684,0.010430247718383311,0.010526315789473684,0.012658227848101266,0.014489069649211999,0.013511911816996562
SMD,machine-3-7.test.csv@30.out,100,0.5057007857440314,0.3266363302396029,0.625,0.01152073732718894,0.02262443438914027,0.01152073732718894,0.625,0.1765144694533762,0.2752827244244216
SMD,machine-1-5.test.csv@24.out,100,0.6480932813691433,0.17994309589966778,0.25862068965517243,0.3,0.2777777777777778,0.3,0.2448979591836735,0.35777304470175164,0.29076523653374686
SMD,machine-2-3.test.csv@25.out,100,0.5919032836459978,0.1760353196073494,0.2679738562091503,0.19069767441860466,0.22282608695652173,0.19069767441860466,0.18666666666666668,0.11066922495493925,0.13895567879314077
SMD,machine-2-8.test.csv@4.out,100,0.9393464719655383,0.6529019295502974,0.656441717791411,0.6645962732919255,0.6604938271604939,0.6645962732919255,0.5740740740740741,0.28861283643892344,0.3841142013990738
SMD,machine-2-7.test.csv@3.out,100,0.5966024847870668,0.31219453736902697,0.5,0.19402985074626866,0.27956989247311825,0.19402985074626866,0.5,0.04395604395604395,0.08080808080808081
SMD,machine-3-3.test.csv@1.out,100,0.562758637205441,0.006721923221904215,0.007594936708860759,0.0375,0.01263157894736842,0.0375,0.006535947712418301,0.01591695501730104,0.009266720386784852
SMD,machine-3-10.test.csv@21.out,100,0.54209831792895,0.03969801940314422,0.044444444444444446,0.03088803088803089,0.03644646924829157,0.03088803088803089,0.045112781954887216,0.08372436168789926,0.05863276329084911
SMD,machine-3-11.test.csv@6.out,100,0.6501054418806349,0.32594722339728716,0.5,0.25252525252525254,0.33557046979865773,0.25252525252525254,0.5,0.31996151996151995,0.3902152871472986
SMD,machine-3-6.test.csv@7.out,100,0.5311829747886402,0.04823223821948793,0.08471074380165289,0.10148514851485149,0.09234234234234234,0.10148514851485149,0.06340579710144928,0.31879731055670835,0.1057741142582514
SMD,machine-2-6.test.csv@31.out,100,0.6876878447345026,0.03434478501490705,0.04986149584487535,0.09836065573770492,0.0661764705882353,0.09836065573770492,0.051829268292682924,0.1815750915750916,0.08064034572314971
SMD,machine-3-10.test.csv@20.out,100,0.5270215515353279,0.0402989285835874,0.03291139240506329,0.025096525096525095,0.028477546549835708,0.025096525096525095,0.03333333333333333,0.0956288426911546,0.0494350853555677
SMD,machine-3-8.test.csv@16.out,100,0.49765930568040084,0.04650098503359219,0.04262877442273535,0.0350109409190372,0.03844613536243492,0.0350109409190372,0.04456824512534819,0.21116714988374427,0.0736022426469769
SMD,machine-2-3.test.csv@31.out,100,0.7724285837473944,0.12254670483952992,0.12860892388451445,0.22790697674418606,0.1644295302013423,0.22790697674418606,0.08552631578947369,0.12383665716999051,0.10117637228512255
SMD,machine-1-5.test.csv@32.out,100,0.6330562145217318,0.03458476865058879,0.03851444291609354,0.28,0.06771463119709795,0.28,0.017777777777777778,0.26298167360785957,0.03330416646673774
SMD,machine-3-8.test.csv@2.out,100,0.6727465914571203,0.274009571322382,0.34285714285714286,0.1487964989059081,0.20752797558494404,0.1487964989059081,0.3168,0.17391724239841092,0.22455694494257697
SMD,machine-3-8.test.csv@22.out,100,0.7401809587527071,0.24916850005451346,0.2793733681462141,0.1560904449307075,0.200280767430978,0.1560904449307075,0.35939332998156526,0.15049460850481186,0.21215155100697242
SMD,machine-2-7.test.csv@23.out,100,0.3970257387806113,0.00310301825506523,0.0,0.0,0.0,0.0,0.0,0.0,0.0
SMD,machine-3-10.test.csv@4.out,100,0.6128558808866751,0.19814794024022028,0.3522727272727273,0.17953667953667954,0.23785166240409208,0.17953667953667954,0.1560077519379845,0.023952838969903814,0.04152940975993922
SMD,machine-3-8.test.csv@36.out,100,0.45384842772929235,0.044050473853454016,0.050933786078098474,0.02188183807439825,0.030612244897959183,0.02188183807439825,0.05897435897435897,0.1365277105495874,0.0823687875172342
SMD,machine-2-8.test.csv@14.out,100,0.7322885659409721,0.5036677967950752,0.7978723404255319,0.4658385093167702,0.5882352941176471,0.4658385093167702,0.696969696969697,0.21620307858493115,0.3300295370144674
SMD,machine-2-7.test.csv@32.out,100,0.4929889885062091,0.00506984243380852,0.0072992700729927005,0.04477611940298507,0.012552301255230125,0.0,0.010526315789473684,0.05347985347985348,0.017590361445783135
SMD,machine-3-11.test.csv@32.out,100,0.5325362707368276,0.27340746516890196,0.5,0.06565656565656566,0.11607142857142858,0.06565656565656566,0.5,0.14413522984951557,0.2237654814862227
SMD,machine-3-10.test.csv@23.out,100,0.5377959503263392,0.0459194963529997,0.0861244019138756,0.0694980694980695,0.07692307692307693,0.0694980694980695,0.05787781350482315,0.038205170076914284,0.046027540490572054
SMD,machine-3-8.test.csv@19.out,100,0.7334729106321396,0.24238767188720958,0.272608125819135,0.15171407731582787,0.1949390815370197,0.15171407731582787,0.3966318785578748,0.1469852150589188,0.21448561001339048
SMD,machine-3-10.test.csv@3.out,100,0.6062313833282229,0.20991934566462336,0.3031496062992126,0.14864864864864866,0.19948186528497408,0.14864864864864866,0.08385961091753774,0.022004343779087807,0.03486126534943937
SMD,machine-2-8.test.csv@25.out,100,0.7593461045452848,0.4249533000597455,0.5652173913043478,0.40372670807453415,0.47101449275362317,0.40372670807453415,0.5294117647058824,0.21794340924775707,0.3087736832956718
SMD,machine-2-8.test.csv@7.out,100,0.8770746651290326,0.5212006482810232,0.6241610738255033,0.577639751552795,0.6,0.577639751552795,0.8054298642533937,0.24201016374929418,0.37218782579509246
SMD,machine-2-1.test.csv@22.out,100,0.5500344066530718,0.043449681702281535,0.04504504504504504,0.0319693094629156,0.037397157816005985,0.0319693094629156,0.04305864884929473,0.1874265315429413,0.07002908554046561
SMD,machine-1-5.test.csv@21.out,100,0.6545126239091756,0.04197118029464472,0.020710059171597635,0.14,0.03608247422680412,0.14,0.014789347304082079,0.413773579813157,0.028557958656260762
SMD,machine-2-1.test.csv@10.out,100,0.5026420187671755,0.11054737135494827,0.17857142857142858,0.00639386189258312,0.012345679012345678,0.00639386189258312,0.17857142857142858,0.09135947441706067,0.12087679980002214
SMD,machine-3-11.test.csv@5.out,100,0.6302135782107041,0.327746365505837,0.5,0.20707070707070707,0.29285714285714287,0.20707070707070707,0.5,0.23232323232323235,0.31724137931034485
SMD,machine-1-6.test.csv@13.out,100,0.6115540247022165,0.07759849299505164,0.18803418803418803,0.13043478260869565,0.15402567094515754,0.13043478260869565,0.12203791469194314,0.5272931551179936,0.19820322813374947
SMD,machine-1-6.test.csv@24.out,100,0.5623642477515405,0.04279565521035169,0.002577319587628866,0.001976284584980237,0.0022371364653243847,0.001976284584980237,0.00101010101010101,0.022222222222222223,0.001932367149758454
SMD,machine-1-5.test.csv@22.out,100,0.6156968567313396,0.020526157979690814,0.013719512195121951,0.09,0.023809523809523808,0.09,0.011058700209643606,0.23198595567259161,0.021111043378579202
SMD,machine-2-6.test.csv@16.out,100,0.5440190304895952,0.01788388328338435,0.023316062176165803,0.04918032786885246,0.03163444639718805,0.04918032786885246,0.02023121387283237,0.16769230769230772,0.0361063789513534
SMD,machine-1-2.test.csv@13.out,100,0.630592868571567,0.1375907286757352,0.16184971098265896,0.13592233009708737,0.14775725593667546,0.13592233009708737,0.12376237623762376,0.165395278722665,0.14158167603076116
SMD,machine-2-6.test.csv@15.out,100,0.48966475835386747,0.010471905061912715,0.011976047904191617,0.01092896174863388,0.011428571428571429,0.01092896174863388,0.012195121951219513,0.057692307692307696,0.020134228187919465
SMD,machine-1-1.test.csv@14.out,100,0.5093712584245365,0.4022022936461746,0.6973684210526315,0.01967334818114328,0.038267148014440436,0.01967334818114328,0.774390243902439,0.3683060277904781,0.4991923081517738
SMD,machine-3-8.test.csv@25.out,100,0.5791379864411313,0.1316144510412983,0.12886597938144329,0.09117432530999271,0.10679196924391286,0.09117432530999271,0.11692176870748298,0.13680498016807988,0.12608430384365046
SMD,machine-3-10.test.csv@28.out,100,0.5436499027969856,0.03987885299088191,0.04419889502762431,0.03088803088803089,0.03636363636363636,0.03088803088803089,0.044444444444444446,0.08372436168789926,0.05806534138801481
SMD,machine-2-5.test.csv@14.out,100,0.537497993813317,0.33910388790287327,0.6041666666666666,0.07611548556430446,0.1351981351981352,0.07611548556430446,0.6111111111111112,0.33887152611747606,0.4359830311293124
SMD,machine-3-11.test.csv@31.out,100,0.5268737310231832,0.012371877337391578,0.01411764705882353,0.030303030303030304,0.019261637239165328,0.030303030303030304,0.012698412698412698,0.25271765271765273,0.02418175437385296
SMD,machine-3-1.test.csv@20.out,100,0.5352652690743662,0.02403744518161945,0.0387243735763098,0.09289617486338798,0.05466237942122187,0.09289617486338798,0.021449704142011833,0.30377770742213,0.04007006615958776
SMD,machine-3-7.test.csv@6.out,100,0.7228932495572467,0.3581129558545714,0.4924812030075188,0.30184331797235026,0.3742857142857143,0.30184331797235026,0.2606060606060606,0.05684887459807074,0.093337098378166
SMD,machine-3-10.test.csv@24.out,100,0.6297558556472655,0.27588580850270894,0.41089108910891087,0.16023166023166024,0.23055555555555557,0.16023166023166024,0.6119047619047618,0.1356911090426449,0.22212545306359469
SMD,machine-2-7.test.csv@4.out,100,0.6631800604593879,0.3046913298294534,0.3793103448275862,0.3283582089552239,0.352,0.3283582089552239,0.3793103448275862,0.06373626373626373,0.1091344509066028
SMD,machine-3-6.test.csv@31.out,100,0.5854449705567403,0.03717426223931394,0.031073446327683617,0.027227722772277228,0.029023746701846966,0.027227722772277228,0.035,0.18045524296675194,0.05862872879645787
SMD,machine-1-6.test.csv@11.out,100,0.5319720343664359,0.19451687794041345,0.3125,0.0691699604743083,0.11326860841423948,0.0691699604743083,0.29375,0.34135849314600214,0.31576985174590194
SMD,machine-1-2.test.csv@26.out,100,0.5576692183448009,0.0674535042955198,0.1310344827586207,0.1383495145631068,0.1345926800472255,0.1383495145631068,0.1,0.17137285848258196,0.126300662078615
SMD,machine-1-6.test.csv@6.out,100,0.5992606362724645,0.0432379250693629,0.04918032786885246,0.029644268774703556,0.036991368680641186,0.029644268774703556,0.06842105263157895,0.05469889128180586,0.06079527979503225
SMD,machine-2-2.test.csv@12.out,100,0.5278175219991686,0.18577937136795467,0.21765913757700206,0.07483233321567243,0.11137378513265038,0.07483233321567243,0.2111368909512761,0.2729161426765337,0.2380841017492496
SMD,machine-1-7.test.csv@34.out,100,0.5187027712750208,0.3075209699730622,0.4375,0.027166882276843468,0.05115712545676005,0.027166882276843468,0.18940425836977562,0.12070411711743018,0.147444413578882
SMD,machine-2-4.test.csv@9.out,100,0.519383484619943,0.3173049523678,0.5769230769230769,0.039473684210526314,0.07389162561576355,0.039473684210526314,0.5454545454545454,0.3261866778862729,0.40824137582170583
SMD,machine-3-10.test.csv@25.out,100,0.47301990575896574,0.03313254243143046,0.045454545454545456,0.03474903474903475,0.03938730853391685,0.03474903474903475,0.05574912891986063,0.05712032963030156,0.056426400222153644
SMD,machine-3-6.test.csv@6.out,100,0.509224268748867,0.031591261980767435,0.038348082595870206,0.06435643564356436,0.04805914972273567,0.06435643564356436,0.020833333333333332,0.07260869565217391,0.03237689026754556
SMD,machine-2-1.test.csv@21.out,100,0.5572487586207917,0.04585591777693644,0.04864864864864865,0.034526854219948847,0.04038893044128646,0.034526854219948847,0.051736881005173686,0.15886547979112617,0.07805424775587536
SMD,machine-2-7.test.csv@19.out,100,0.39490229177252806,0.0023486030672451486,0.0,0.0,0.0,0.0,0.0,0.0,0.0
SMD,machine-1-1.test.csv@28.out,100,0.5994458955237211,0.18334249371694644,0.19269521410579346,0.05679287305122494,0.08772935779816514,0.05679287305122494,0.24293785310734464,0.128776134362782,0.16832617909527256
SMD,machine-1-6.test.csv@16.out,100,0.5059324738148996,0.08116808121757801,0.12121212121212122,0.015810276679841896,0.027972027972027972,0.015810276679841896,0.12903225806451613,0.04898460556752015,0.07101118554522523
SMD,machine-3-11.test.csv@10.out,100,0.5124693132147775,0.22155127194074936,0.4166666666666667,0.025252525252525252,0.047619047619047616,0.025252525252525252,0.4166666666666667,0.25060125060125066,0.3129693037784586
SMD,machine-2-8.test.csv@26.out,100,0.7663890174530548,0.06004350576274735,0.08073394495412844,0.2732919254658385,0.12464589235127478,0.2732919254658385,0.05785123966942149,0.21561668145519078,0.09122600021452322
SMD,machine-1-8.test.csv@11.out,100,0.5053561538603157,0.042510521554191105,0.06053268765133172,0.08880994671403197,0.07199424046076314,0.08880994671403197,0.056890012642225034,0.2369933710095435,0.0917544619591855
SMD,machine-3-8.test.csv@4.out,100,0.7162195184536244,0.3197323218737334,0.4003021148036254,0.19328956965718452,0.2606984751598623,0.19328956965718452,0.47540983606557374,0.15396870750321837,0.23260480911304734
SMD,machine-3-8.test.csv@20.out,100,0.7332618908100385,0.24429807317661734,0.2835249042145594,0.16192560175054704,0.20612813370473537,0.16192560175054704,0.3791285403050109,0.1469067653070545,0.2117597313244554
SMD,machine-3-7.test.csv@10.out,100,0.5599078341013825,0.567366149537362,1.0,0.11981566820276497,0.2139917695473251,0.11981566820276497,1.0,0.05337620578778135,0.10134310134310134
SMD,machine-1-7.test.csv@33.out,100,0.5331826741671829,0.3716452113255225,0.6039603960396039,0.05260888313928418,0.0967869892899643,0.05260888313928418,0.6882131935342946,0.11971453405325352,0.20395171246138938
SMD,machine-3-7.test.csv@13.out,100,0.564516129032258,0.5718963469244055,1.0,0.12903225806451613,0.22857142857142856,0.12903225806451613,1.0,0.054405144694533766,0.10319590143937547
SMD,machine-2-3.test.csv@21.out,100,0.8181505963372316,0.06614858965836165,0.07465618860510806,0.17674418604651163,0.10497237569060773,0.17674418604651163,0.05009276437847866,0.10126867841153556,0.0670293299678252
SMD,machine-2-8.test.csv@9.out,100,0.7357630577898723,0.6148523358473218,0.9047619047619048,0.4720496894409938,0.6204081632653061,0.4720496894409938,0.8333333333333334,0.27552795031055904,0.4141304753724934
SMD,machine-3-9.test.csv@21.out,100,0.525976714693411,0.02265262475346851,0.034653465346534656,0.06930693069306931,0.0462046204620462,0.06930693069306931,0.01694915254237288,0.20492234169653525,0.03130875411164696
SMD,machine-3-3.test.csv@37.out,100,0.5645702950379974,0.012463988906413984,0.002232142857142857,0.0125,0.003787878787878788,0.0,0.00425531914893617,0.01453287197231834,0.00658307210031348
SMD,machine-3-1.test.csv@30.out,100,0.4998752027954574,0.0056450120303535075,0.0,0.0,0.0,0.0,0.0,0.0,0.0
SMD,machine-3-6.test.csv@12.out,100,0.6667192047089139,0.21966592993037992,0.30293159609120524,0.2301980198019802,0.2616033755274262,0.2301980198019802,0.22964085131540055,0.16119417638822725,0.18942400383287727
SMD,machine-2-7.test.csv@1.out,100,0.5094626884810416,0.014902656451921284,0.016786570743405275,0.1044776119402985,0.028925619834710745,0.1044776119402985,0.013513513513513514,0.03076923076923077,0.018779342723004695
SMD,machine-2-8.test.csv@23.out,100,0.7779501624056782,0.4500747590200296,0.5691056910569106,0.43478260869565216,0.49295774647887325,0.43478260869565216,0.5294117647058824,0.2386473429951691,0.3289921562823738
SMD,machine-3-10.test.csv@6.out,100,0.5106753836494516,0.09861801734268201,0.1794871794871795,0.02702702702702703,0.04697986577181208,0.02702702702702703,0.1794871794871795,0.07474747474747474,0.10554197229013854
SMD,machine-3-10.test.csv@16.out,100,0.4786967521469142,0.033688984025060036,0.040100250626566414,0.03088803088803089,0.03489640130861505,0.03088803088803089,0.04946996466431095,0.05712032963030156,0.05302060017987278
SMD,machine-1-4.test.csv@9.out,100,0.5861314306491059,0.23955022106227813,0.4276315789473684,0.17857142857142858,0.25193798449612403,0.17857142857142858,0.38461538461538464,0.17950548944842548,0.2447722679269959
SMD,machine-2-8.test.csv@15.out,100,0.8397597308587383,0.04228238201806795,0.040983606557377046,0.15527950310559005,0.0648508430609598,0.15527950310559005,0.011928429423459244,0.220703933747412,0.022633577386239376
SMD,machine-2-3.test.csv@1.out,100,0.5818165463882272,0.2266864351565707,0.37894736842105264,0.16744186046511628,0.23225806451612904,0.16744186046511628,0.2727272727272727,0.11453379072426693,0.1613200568161655
SMD,machine-2-9.test.csv@26.out,100,0.5359678222772574,0.3697174210361124,0.6129032258064516,0.05413105413105413,0.09947643979057591,0.05413105413105413,0.5652173913043478,0.04678973862015128,0.0864250519628972
SMD,machine-2-9.test.csv@13.out,100,0.5313340416559973,0.374527840636,0.6514285714285715,0.06495726495726496,0.11813471502590674,0.06495726495726496,0.6962616822429907,0.29562397799458096,0.41503099899754975
SMD,machine-2-5.test.csv@1.out,100,0.6887074879125346,0.0803911239511253,0.07076350093109869,0.09973753280839895,0.08278867102396514,0.09973753280839895,0.12396694214876033,0.06160945583625997,0.08231150006572222
SMD,machine-3-9.test.csv@31.out,100,0.5199308719394788,0.022047832938949095,0.034229828850855744,0.06930693069306931,0.04582651391162029,0.06930693069306931,0.02158273381294964,0.20492234169653525,0.03905240836845996
SMD,machine-2-6.test.csv@26.out,100,0.521607378399321,0.267372973110678,0.5,0.04371584699453552,0.08040201005025126,0.04371584699453552,0.5,0.057619047619047625,0.10333048676345004
SMD,machine-1-5.test.csv@16.out,100,0.5516919427264256,0.018447237390722536,0.04,0.12,0.06,0.12,0.02564102564102564,0.08662956091527521,0.0395699507917945
SMD,machine-2-3.test.csv@23.out,100,0.5928983684356072,0.21526079558591196,0.3504273504273504,0.19069767441860466,0.2469879518072289,0.19069767441860466,0.2972972972972973,0.12667209333876,0.1776508956748328
SMD,machine-2-7.test.csv@24.out,100,0.40638603481917207,0.0109428782667568,0.008595988538681949,0.04477611940298507,0.014423076923076924,0.0,0.005319148936170213,0.021978021978021976,0.008565310492505352
SMD,machine-3-8.test.csv@35.out,100,0.4732280203311939,0.04691070585957166,0.06292517006802721,0.02698760029175784,0.03777437468095967,0.02698760029175784,0.0830945558739255,0.13691447032958068,0.10342163956697654
SMD,machine-2-4.test.csv@1.out,100,0.618463054867209,0.04894328911844609,0.05,0.06578947368421052,0.056818181818181816,0.06578947368421052,0.05,0.030917297207639582,0.038208514464223374
SMD,machine-3-4.test.csv@6.out,100,0.7824858757062148,0.7933407307868509,1.0,0.3163841807909605,0.48068669527896996,0.3163841807909605,1.0,0.03729148996324569,0.07190165989806209
SMD,machine-2-1.test.csv@20.out,100,0.5632127224646812,0.046541514025536725,0.05054151624548736,0.03580562659846547,0.041916167664670656,0.03580562659846547,0.04647785039941903,0.19217887413002807,0.0748527910064577
SMD,machine-2-8.test.csv@10.out,100,0.6923685035506426,0.6013977485629028,0.9117647058823529,0.38509316770186336,0.5414847161572053,0.38509316770186336,0.75,0.30269151138716355,0.4313108466909234
SMD,machine-3-8.test.csv@32.out,100,0.502424139165346,0.2753259496566228,0.5,0.005105762217359592,0.010108303249097473,0.005105762217359592,0.5,0.03442879499217528,0.06442166910688141
SMD,machine-2-8.test.csv@21.out,100,0.7124866884234767,0.021229741966205848,0.029574861367837338,0.09937888198757763,0.045584045584045586,0.09937888198757763,0.0440251572327044,0.211357586512866,0.07287141521060775
SMD,machine-2-7.test.csv@2.out,100,0.5445837747213156,0.27806654292378763,0.5,0.08955223880597014,0.1518987341772152,0.08955223880597014,0.5,0.028571428571428574,0.05405405405405406
SMD,machine-1-2.test.csv@15.out,100,0.501225212203394,0.026907187720210602,0.027777777777777776,0.009708737864077669,0.014388489208633094,0.009708737864077669,0.02830188679245283,0.06133554224544412,0.03873184654259457
SMD,machine-3-4.test.csv@7.out,100,0.556497175141243,0.5786298017342282,1.0,0.0903954802259887,0.16580310880829016,0.0903954802259887,1.0,0.040118744698897375,0.07714262415395907
SMD,machine-3-6.test.csv@13.out,100,0.5380686733375866,0.4173897054761848,0.775,0.07673267326732673,0.13963963963963963,0.07673267326732673,0.7333333333333334,0.051347826086956525,0.09597547236023124
SMD,machine-3-3.test.csv@22.out,100,0.5727967941758733,0.005762567130022718,0.0,0.0,0.0,0.0,0.0,0.0,0.0
SMD,machine-2-2.test.csv@10.out,100,0.5085107619634147,0.36549554762145575,0.6022727272727273,0.018708083303918106,0.03628894214310168,0.018708083303918106,0.6104651162790697,0.20499305353377004,0.3069222012715044
SMD,machine-3-11.test.csv@37.out,100,0.649942255317682,0.013659991980399112,0.0,0.0,0.0,0.0,0.0,0.0,0.0
SMD,machine-2-7.test.csv@21.out,100,0.38953721486814813,0.0025274275811463702,0.0,0.0,0.0,0.0,0.0,0.0,0.0
SMD,machine-3-10.test.csv@11.out,100,0.47879883095644843,0.033671468428846094,0.04040404040404041,0.03088803088803089,0.0350109409190372,0.03088803088803089,0.04929577464788732,0.05712032963030156,0.052920390506073306
SMD,machine-2-4.test.csv@20.out,100,0.36590226525884817,0.014554235189334205,0.0,0.0,0.0,0.0,0.0,0.0,0.0
SMD,machine-3-7.test.csv@11.out,100,0.554125590909715,0.545808548433939,0.9791666666666666,0.10829493087557604,0.1950207468879668,0.10829493087557604,0.9,0.10581534221405604,0.18936638564891353
SMD,machine-3-6.test.csv@15.out,100,0.5870959981381144,0.03243522205528285,0.013953488372093023,0.01485148514851485,0.014388489208633094,0.01485148514851485,0.015,0.050869565217391305,0.023168316831683168
SMD,machine-1-5.test.csv@28.out,100,0.5989314157417607,0.00931784321670624,0.019021739130434784,0.07,0.029914529914529916,0.07,0.00974025974025974,0.2436866359447005,0.018731801318216276
SMD,machine-1-1.test.csv@19.out,100,0.5818497208830851,0.1716315533606532,0.23365617433414043,0.0716406829992576,0.10965909090909091,0.0716406829992576,0.20833333333333334,0.1295430598669472,0.15975154237119554
SMD,machine-2-2.test.csv@33.out,100,0.5002092150324046,0.18507872110047197,0.25,0.0007059654076950229,0.0014079549454417458,0.0007059654076950229,0.25,0.05024793388429752,0.08367740159647674
SMD,machine-1-5.test.csv@7.out,100,0.60455456239939,0.31353846725382484,0.5,0.21,0.29577464788732394,0.21,0.5,0.2930626796173015,0.36953280888053025
SMD,machine-2-8.test.csv@13.out,100,0.8278071648134663,0.4863426694091468,0.704,0.546583850931677,0.6153846153846154,0.546583850931677,0.29411764705882354,0.24372670807453417,0.26656159991304823
SMD,machine-2-4.test.csv@15.out,100,0.5168160453590476,0.32173195180037095,0.5909090909090909,0.034210526315789476,0.06467661691542288,0.034210526315789476,0.5555555555555556,0.26904382074341576,0.3625246237094058
SMD,machine-2-9.test.csv@24.out,100,0.5368213447174545,0.37271822648539166,0.6178343949044586,0.05527065527065527,0.10146443514644352,0.05527065527065527,0.5238095238095238,0.047656733694042906,0.08736491666767605
SMD,machine-3-5.test.csv@31.out,100,0.7169129471152502,0.1394976441990945,0.10778443113772455,0.13636363636363635,0.12040133779264214,0.13636363636363635,0.046875,0.08237137762899353,0.05974880530025635
SMD,machine-3-10.test.csv@14.out,100,0.48994425949450265,0.04346735811811727,0.08788598574821853,0.07142857142857142,0.07880724174653887,0.07142857142857142,0.05217831813576495,0.3252695349312557,0.08993039507633269
SMD,machine-2-8.test.csv@16.out,100,0.692629549714627,0.02431706452449158,0.030744336569579287,0.11801242236024845,0.04878048780487805,0.11801242236024845,0.030952380952380953,0.20726230291447684,0.05386117809985435
SMD,machine-1-4.test.csv@14.out,100,0.5783803773618035,0.07839889183933099,0.18674698795180722,0.17032967032967034,0.1781609195402299,0.17032967032967034,0.13993174061433447,0.17971275572103923,0.15734679624991085
SMD,machine-3-7.test.csv@7.out,100,0.5902494519927328,0.038065834386355246,0.05312084993359894,0.09216589861751152,0.06739679865206402,0.09216589861751152,0.02621082621082621,0.13440963609452355,0.04386723288140618
SMD,machine-2-4.test.csv@12.out,100,0.561613576065291,0.29222747693091344,0.5161290322580645,0.12631578947368421,0.2029598308668076,0.12631578947368421,0.4691358024691358,0.30124430984812633,0.3668954812832985
SMD,machine-2-8.test.csv@31.out,100,0.7096504411117188,0.019573437879888585,0.015957446808510637,0.055900621118012424,0.02482758620689655,0.055900621118012424,0.04142011834319527,0.20638864241348714,0.0689938641987864
SMD,machine-2-8.test.csv@6.out,100,0.7679944069155603,0.17151398310638116,0.20735785953177258,0.38509316770186336,0.26956521739130435,0.38509316770186336,0.2833333333333333,0.2513457556935818,0.26638270409809617
SMD,machine-2-8.test.csv@32.out,100,0.7720138067049457,0.47545584730046964,0.5948275862068966,0.42857142857142855,0.4981949458483754,0.42857142857142855,0.5833333333333334,0.22448979591836735,0.32421052631578945
SMD,machine-2-3.test.csv@11.out,100,0.5316024537396337,0.020579427381847915,0.03112313937753721,0.10697674418604651,0.04821802935010482,0.10697674418604651,0.029459901800327332,0.1529157564531714,0.04940224163656202
SMD,machine-3-10.test.csv@2.out,100,0.6199721949316762,0.34258637623508725,0.5739644970414202,0.18725868725868725,0.2823871906841339,0.18725868725868725,0.857796052631579,0.019041709144098223,0.03725638573340738
SMD,machine-1-1.test.csv@20.out,100,0.5937103066999254,0.16998429099951487,0.18788627935723115,0.05642167780252413,0.08678275763631173,0.05642167780252413,0.18601747815230962,0.12926689935041427,0.1525346914819765
SMD,machine-2-6.test.csv@24.out,100,0.521607378399321,0.267372973110678,0.5,0.04371584699453552,0.08040201005025126,0.04371584699453552,0.5,0.057619047619047625,0.10333048676345004
SMD,machine-2-9.test.csv@10.out,100,0.5063108130890215,0.3547742451455444,0.6388888888888888,0.013105413105413105,0.02568397543271915,0.013105413105413105,0.6153846153846154,0.10207308476267021,0.17510218649796924
SMD,machine-2-4.test.csv@10.out,100,0.5221411544470183,0.37776387235410436,0.7083333333333334,0.04473684210526316,0.08415841584158416,0.04473684210526316,0.7272727272727273,0.014501779359430606,0.02843653571467513
SMD,machine-2-3.test.csv@3.out,100,0.5504607452208277,0.2835095173532155,0.5,0.10232558139534884,0.16988416988416988,0.10232558139534884,0.5,0.0423861852433281,0.07814761215629523
SMD,machine-3-3.test.csv@38.out,100,0.5645702950379974,0.012463988906413984,0.002232142857142857,0.0125,0.003787878787878788,0.0,0.00425531914893617,0.01453287197231834,0.00658307210031348
SMD,machine-2-3.test.csv@7.out,100,0.6185447349562746,0.1016012658524556,0.16216216216216217,0.25116279069767444,0.19708029197080293,0.25116279069767444,0.13333333333333333,0.13870418822799777,0.13596574220783414
SMD,machine-3-10.test.csv@7.out,100,0.5106753836494516,0.09861801734268201,0.1794871794871795,0.02702702702702703,0.04697986577181208,0.02702702702702703,0.1794871794871795,0.07474747474747474,0.10554197229013854
SMD,machine-3-6.test.csv@24.out,100,0.5289426585692213,0.2772081113251252,0.5,0.0594059405940594,0.10619469026548672,0.0594059405940594,0.5,0.19117647058823534,0.27659574468085113
SMD,machine-3-9.test.csv@25.out,100,0.6004140937316836,0.03587007987647633,0.035634743875278395,0.07920792079207921,0.04915514592933948,0.07920792079207921,0.013812154696132596,0.19136371394435914,0.025764679226066903
SMD,machine-3-11.test.csv@7.out,100,0.6501057820888968,0.3244763179196809,0.5,0.24242424242424243,0.32653061224489793,0.24242424242424243,0.5,0.3118807118807119,0.38414598021209795
SMD,machine-1-1.test.csv@9.out,100,0.5063588101054661,0.39834680695884545,0.6923076923076923,0.013363028953229399,0.026219956300072834,0.013363028953229399,0.7529761904761906,0.36819694288205346,0.49455971276422234
SMD,machine-3-3.test.csv@36.out,100,0.5650883677118589,0.012491084078315312,0.002232142857142857,0.0125,0.003787878787878788,0.0,0.004291845493562232,0.01453287197231834,0.006626696118649416
SMD,machine-3-11.test.csv@24.out,100,0.555061119548276,0.2842848410935167,0.5,0.1111111111111111,0.18181818181818182,0.1111111111111111,0.5,0.14834054834054836,0.2288003561095037
SMD,machine-3-9.test.csv@35.out,100,0.5024439916642787,0.25867933419676925,0.5,0.0049504950495049506,0.00980392156862745,0.0049504950495049506,0.5,0.0725925925925926,0.12677878395860287
SMD,machine-3-10.test.csv@22.out,100,0.539158435177479,0.04048059629286176,0.055401662049861494,0.03861003861003861,0.04550625711035267,0.03861003861003861,0.05179282868525897,0.0919712137703678,0.0662676040186369
SMD,machine-1-1.test.csv@12.out,100,0.6003459948782917,0.35233111088443986,0.4574898785425101,0.12583518930957685,0.19737991266375546,0.12583518930957685,0.3751467136150235,0.3682961885707341,0.37168988868691294
SMD,machine-2-8.test.csv@11.out,100,0.6645647166330557,0.6387827017309963,0.9814814814814815,0.32919254658385094,0.4930232558139535,0.32919254658385094,0.8333333333333334,0.2526708074534162,0.3877683303465895
SMD,machine-3-11.test.csv@12.out,100,0.5223844562020419,0.19985629745417183,0.375,0.045454545454545456,0.08108108108108109,0.045454545454545456,0.375,0.25060125060125066,0.3004324843825084
SMD,machine-1-5.test.csv@23.out,100,0.5809491231042955,0.0066036029941143794,0.013824884792626729,0.06,0.02247191011235955,0.06,0.012861736334405145,0.11539466226373249,0.02314388578903087
SMD,machine-3-8.test.csv@28.out,100,0.7071979918295678,0.34132391664835493,0.43729903536977494,0.19839533187454414,0.2729553437029604,0.19839533187454414,0.5067215088282504,0.15316254496336348,0.23522543220697115
SMD,machine-3-6.test.csv@32.out,100,0.47212872541768525,0.028613452454100553,0.03937007874015748,0.03712871287128713,0.03821656050955414,0.03712871287128713,0.040106951871657755,0.23743087390821793,0.06862220388103239
SMD,machine-3-11.test.csv@1.out,100,0.7288187470175076,0.026525329237557252,0.03475513428120063,0.1111111111111111,0.052948255114320095,0.1111111111111111,0.04639175257731959,0.2598845598845599,0.07872956353639464
SMD,machine-2-8.test.csv@36.out,100,0.7382770716131704,0.016496394881662865,0.015810276679841896,0.049689440993788817,0.0239880059970015,0.049689440993788817,0.019886363636363636,0.205678793256433,0.03626626852594806
SMD,machine-3-11.test.csv@35.out,100,0.5348928933669368,0.012172150082482017,0.011574074074074073,0.025252525252525252,0.015873015873015872,0.025252525252525252,0.010135135135135136,0.1416065416065416,0.018916377702148438
SMD,machine-2-8.test.csv@3.out,100,0.8871089418830052,0.6561614947735712,0.7218045112781954,0.5962732919254659,0.6530612244897959,0.5962732919254659,0.75,0.27950310559006214,0.40723981900452494
SMD,machine-3-1.test.csv@35.out,100,0.5026383015577829,0.13061416497007836,0.25,0.00546448087431694,0.0106951871657754,0.00546448087431694,0.25,0.07936507936507937,0.12048192771084339
SMD,machine-1-6.test.csv@4.out,100,0.5539791162763259,0.04331234557429091,0.07471264367816093,0.05138339920948617,0.06088992974238876,0.05138339920948617,0.052252252252252246,0.20366503720416138,0.08316715858909295
SMD,machine-2-5.test.csv@12.out,100,0.6042194148830676,0.05879120522823955,0.03387533875338753,0.06561679790026247,0.044682752457551385,0.06561679790026247,0.02702702702702703,0.21265721808873503,0.04795886669981762
SMD,machine-1-2.test.csv@4.out,100,0.7113033514520668,0.047905967266164425,0.037037037037037035,0.050970873786407765,0.04290091930541369,0.050970873786407765,0.050314465408805034,0.1319960156802262,0.07285712730689957
SMD,machine-3-8.test.csv@1.out,100,0.6783390593854471,0.32373884280946497,0.42702702702702705,0.17286652078774617,0.24610591900311526,0.17286652078774617,0.522633744855967,0.14810945299137873,0.23080964015402544
SMD,machine-3-11.test.csv@19.out,100,0.5024358911551295,0.011434601761550615,0.011961722488038277,0.025252525252525252,0.016233766233766232,0.025252525252525252,0.008875739644970414,0.1416065416065416,0.016704462277836517
SMD,machine-3-11.test.csv@26.out,100,0.5575636915227359,0.28538840762036954,0.5,0.11616161616161616,0.1885245901639344,0.11616161616161616,0.5,0.14864289150003437,0.2291598249944384
SMD,machine-3-10.test.csv@31.out,100,0.5373946750061012,0.040218132619280006,0.055710306406685235,0.03861003861003861,0.04561003420752566,0.03861003861003861,0.05220883534136546,0.0919712137703678,0.0666071344192918
SMD,machine-3-1.test.csv@14.out,100,0.5177590513775769,0.013654836575379229,0.011058451816745656,0.03825136612021858,0.01715686274509804,0.03825136612021858,0.014799154334038054,0.14397110728063697,0.026839417087558187
SMD,machine-3-11.test.csv@20.out,100,0.574529990945924,0.013372783565320002,0.012165450121654502,0.025252525252525252,0.016420361247947456,0.025252525252525252,0.010526315789473684,0.1416065416065416,0.019595966319432886
SMD,machine-2-4.test.csv@13.out,100,0.5258025036362657,0.3113323406246806,0.5555555555555556,0.05263157894736842,0.09615384615384616,0.05263157894736842,0.5357142857142857,0.3709125864114207,0.4383350580067116
SMD,machine-1-2.test.csv@11.out,100,0.6142796300403516,0.13960340095990298,0.19480519480519481,0.14563106796116504,0.16666666666666666,0.14563106796116504,0.0903954802259887,0.18664707727598007,0.12180115817057847
SMD,machine-2-4.test.csv@31.out,100,0.35875658231428104,0.01800967644386024,0.01485148514851485,0.015789473684210527,0.015306122448979591,0.015789473684210527,0.0169971671388102,0.03074522728467998,0.021891728439212634
SMD,machine-2-5.test.csv@15.out,100,0.5952888329089067,0.3262603920292416,0.5648854961832062,0.1942257217847769,0.2890625,0.1942257217847769,0.5057471264367817,0.2665912367237846,0.34914166727272017
SMD,machine-1-1.test.csv@25.out,100,0.5653100891511669,0.2282647177934126,0.3050314465408805,0.07201187824795843,0.11651651651651651,0.07201187824795843,0.25405092592592593,0.13150943941830634,0.17330668738417293
SMD,machine-1-6.test.csv@10.out,100,0.546142155732298,0.2552347295455911,0.4224137931034483,0.09683794466403162,0.15755627009646303,0.09683794466403162,0.3949275362318841,0.4748214997891954,0.43120504259375847
SMD,machine-2-3.test.csv@16.out,100,0.5260619144045697,0.022544687633901755,0.032,0.11162790697674418,0.049740932642487044,0.11162790697674418,0.032948929159802305,0.15239645715836195,0.054183167661871465
SMD,machine-1-2.test.csv@10.out,100,0.5324063922972732,0.12492718042023103,0.2196969696969697,0.0703883495145631,0.10661764705882353,0.0703883495145631,0.23655913978494625,0.1545956155055174,0.18698995895551673
SMD,machine-3-6.test.csv@4.out,100,0.557724958487105,0.03417804546699767,0.040372670807453416,0.03217821782178218,0.03581267217630854,0.03217821782178218,0.03125,0.17232736572890028,0.05290598156378084
SMD,machine-1-6.test.csv@3.out,100,0.573171199339272,0.06057949997138361,0.1267605633802817,0.08893280632411067,0.10452961672473868,0.08893280632411067,0.10396039603960396,0.30573126402990003,0.15516031390458376
SMD,machine-2-6.test.csv@7.out,100,0.5861611944951175,0.26575126409860345,0.4444444444444444,0.17486338797814208,0.25098039215686274,0.17486338797814208,0.2916666666666667,0.34088558500323207,0.31436126274195886
SMD,machine-3-3.test.csv@6.out,100,0.5704008078421354,0.016699807962765746,0.019650655021834062,0.1125,0.03345724907063197,0.1125,0.011194029850746268,0.05859284890426759,0.018796946112954353
SMD,machine-3-7.test.csv@12.out,100,0.6059907834101382,0.6126681234077954,1.0,0.19815668202764977,0.33076923076923076,0.19815668202764977,1.0,0.045530546623794216,0.08709558371263378
SMD,machine-2-7.test.csv@6.out,100,0.47208705462876044,0.0038181015750214514,0.0024813895781637717,0.014925373134328358,0.00425531914893617,0.014925373134328358,0.005434782608695652,0.03076923076923077,0.009237875288683603
SMD,machine-2-8.test.csv@20.out,100,0.6480909554763692,0.012645237231362549,0.010869565217391304,0.031055900621118012,0.01610305958132045,0.031055900621118012,0.014545454545454545,0.20621118012422363,0.027174135461428276
SMD,machine-1-5.test.csv@26.out,100,0.6480934931797,0.17993678110916844,0.25862068965517243,0.3,0.2777777777777778,0.3,0.2448979591836735,0.35777304470175164,0.29076523653374686
SMD,machine-2-4.test.csv@22.out,100,0.35301549116522113,0.017912824348653864,0.014814814814814815,0.015789473684210527,0.015286624203821656,0.015789473684210527,0.017094017094017096,0.03074522728467998,0.02197189556772319
SMD,machine-2-6.test.csv@11.out,100,0.5281958941366637,0.018502661255788533,0.02927927927927928,0.07103825136612021,0.04146730462519936,0.07103825136612021,0.017543859649122806,0.1705494505494506,0.031815013734574224
SMD,machine-2-8.test.csv@35.out,100,0.7382358849879789,0.0164933787169474,0.015810276679841896,0.049689440993788817,0.0239880059970015,0.049689440993788817,0.019886363636363636,0.205678793256433,0.03626626852594806
SMD,machine-3-6.test.csv@1.out,100,0.5324257739402527,0.029098583683276412,0.04406779661016949,0.03217821782178218,0.03719599427753934,0.03217821782178218,0.035,0.22610095063456065,0.06061665614757167
SMD,machine-3-8.test.csv@11.out,100,0.49783161439097234,0.04667637465764104,0.043010752688172046,0.0350109409190372,0.038600723763570564,0.0350109409190372,0.04490177736202058,0.21116714988374427,0.07405646950012078
SMD,machine-2-7.test.csv@22.out,100,0.3589151759953837,0.002138661899897855,0.0,0.0,0.0,0.0,0.0,0.0,0.0
SMD,machine-2-8.test.csv@24.out,100,0.9341809580305326,0.3059695257768387,0.3192307692307692,0.515527950310559,0.39429928741092635,0.515527950310559,0.5,0.23172479694218825,0.31668299053215804
SMD,machine-1-2.test.csv@12.out,100,0.6059147670120157,0.07411874615692952,0.071875,0.11165048543689321,0.08745247148288973,0.11165048543689321,0.04966139954853273,0.16241531686669955,0.07606466263770759
SMD,machine-3-6.test.csv@36.out,100,0.4824198300841299,0.029632273458001977,0.042105263157894736,0.039603960396039604,0.04081632653061224,0.039603960396039604,0.04404145077720207,0.23154852096704145,0.0740065592674593
SMD,machine-3-6.test.csv@10.out,100,0.5257646559181675,0.40329269526003597,0.75,0.05198019801980198,0.09722222222222222,0.05198019801980198,0.6555555555555556,0.10346782012081439,0.178726786223099
SMD,machine-3-7.test.csv@14.out,100,0.532258064516129,0.5401849652151022,1.0,0.06451612903225806,0.12121212121212122,0.06451612903225806,1.0,0.04144051446945338,0.07958306575112384
SMD,machine-2-9.test.csv@16.out,100,0.5034114675231086,0.06171648218719412,0.032432432432432434,0.003418803418803419,0.006185567010309278,0.003418803418803419,0.03488372093023256,0.10152938691462451,0.05192642928970397
SMD,machine-2-4.test.csv@21.out,100,0.3270876542046005,0.017031251179968305,0.012987012987012988,0.013157894736842105,0.013071895424836602,0.013157894736842105,0.015822784810126583,0.03074522728467998,0.020893102083615774
SMD,machine-2-6.test.csv@1.out,100,0.6421392244586707,0.02886549399429724,0.035343035343035345,0.09289617486338798,0.05120481927710843,0.09289617486338798,0.05027932960893855,0.17612332112332116,0.07822666815904562
SMD,machine-3-11.test.csv@11.out,100,0.5075083963399034,0.2606530227045673,0.5,0.015151515151515152,0.029411764705882353,0.015151515151515152,0.5,0.18181818181818185,0.2666666666666667
SMD,machine-2-1.test.csv@7.out,100,0.5447897985507739,0.04492718515060699,0.06147540983606557,0.03836317135549872,0.047244094488188976,0.03836317135549872,0.05413105413105413,0.16946315039126755,0.08205238580888975
SMD,machine-2-3.test.csv@22.out,100,0.8071288391718182,0.047141099159800554,0.06436781609195402,0.13023255813953488,0.08615384615384615,0.13023255813953488,0.039735099337748346,0.10160889752726489,0.05712926939091457
SMD,machine-3-11.test.csv@36.out,100,0.5301894007435591,0.012250055797346927,0.013856812933025405,0.030303030303030304,0.01901743264659271,0.030303030303030304,0.012903225806451613,0.25271765271765273,0.02455283603014195
SMD,machine-3-9.test.csv@36.out,100,0.5024439916642787,0.25867933419676925,0.5,0.0049504950495049506,0.00980392156862745,0.0049504950495049506,0.5,0.0725925925925926,0.12677878395860287
SMD,machine-2-3.test.csv@19.out,100,0.5499130248615088,0.030820412078636686,0.07644628099173553,0.17209302325581396,0.10586552217453506,0.17209302325581396,0.04699612403100775,0.16041048898191756,0.0726946082051781
SMD,machine-2-3.test.csv@2.out,100,0.5183492267389823,0.26693599216874103,0.5,0.037209302325581395,0.06926406926406926,0.037209302325581395,0.5,0.03359497645211931,0.06295969402765521
SMD,machine-1-8.test.csv@26.out,100,0.4923758416775517,0.03506117723610741,0.017391304347826087,0.010657193605683837,0.013215859030837005,0.010657193605683837,0.020477815699658702,0.08292458664426319,0.03284477659665164
SMD,machine-3-9.test.csv@20.out,100,0.5461613470842615,0.021304855158199094,0.03146067415730337,0.06930693069306931,0.04327666151468315,0.06930693069306931,0.01754385964912281,0.18418160095579453,0.03203617577503191
SMD,machine-2-4.test.csv@14.out,100,0.5270859707482626,0.31048773911725996,0.5526315789473685,0.05526315789473684,0.10047846889952153,0.05526315789473684,0.5357142857142857,0.38519830069713495,0.4481559608614839
SMD,machine-2-3.test.csv@20.out,100,0.7910091494872185,0.06882731804524198,0.06827309236947791,0.15813953488372093,0.09537166900420757,0.15813953488372093,0.0462046204620462,0.10798062271985176,0.06471700646656837
SMD,machine-3-5.test.csv@23.out,100,0.5062499682198273,0.3737872131597574,0.7142857142857143,0.012626262626262626,0.02481389578163772,0.012626262626262626,0.7142857142857143,0.05176153846153846,0.09652805969849507
SMD,machine-1-1.test.csv@23.out,100,0.6559869137300323,0.1692272251915023,0.1571627260083449,0.04194506310319228,0.06621740404336361,0.04194506310319228,0.12926391382405744,0.20154118829917422,0.15750665651219423
SMD,machine-1-5.test.csv@20.out,100,0.5194149792425655,0.07318389475621823,0.125,0.04,0.06060606060606061,0.04,0.14583333333333334,0.16571428571428573,0.15513947267863967
SMD,machine-3-11.test.csv@28.out,100,0.5306955172344968,0.01208925025302219,0.011848341232227487,0.025252525252525252,0.016129032258064516,0.025252525252525252,0.008928571428571428,0.1416065416065416,0.01679799610861639
SMD,machine-3-8.test.csv@31.out,100,0.7401809587527071,0.24916850005451346,0.2793733681462141,0.1560904449307075,0.200280767430978,0.1560904449307075,0.35939332998156526,0.15049460850481186,0.21215155100697242
SMD,machine-1-2.test.csv@9.out,100,0.5028338202774546,0.057043264190231494,0.08823529411764706,0.007281553398058253,0.013452914798206279,0.007281553398058253,0.0625,0.062087421944692245,0.06229302783495928
SMD,machine-3-6.test.csv@22.out,100,0.5854057630625256,0.03717588310805374,0.030985915492957747,0.027227722772277228,0.028985507246376812,0.027227722772277228,0.03482587064676617,0.18045524296675194,0.05838422928611459
SMD,machine-3-5.test.csv@28.out,100,0.7586581902589956,0.23487635905131268,0.2180232558139535,0.1893939393939394,0.20270270270270271,0.1893939393939394,0.09821428571428571,0.10869139072847683,0.10318757307407934
SMD,machine-2-5.test.csv@9.out,100,0.5349866752589431,0.35481490476630745,0.6428571428571429,0.07086614173228346,0.1276595744680851,0.07086614173228346,0.6176470588235294,0.3354786578173913,0.43479554203874243
SMD,machine-2-6.test.csv@20.out,100,0.6794217364450145,0.028903073912682396,0.04201680672268908,0.08196721311475409,0.05555555555555555,0.08196721311475409,0.03293413173652695,0.18633699633699635,0.055974967964716675
SMD,machine-2-8.test.csv@34.out,100,0.641887331171875,0.34138155699274036,0.5301204819277109,0.2732919254658385,0.36065573770491804,0.2732919254658385,0.6666666666666666,0.22732919254658387,0.33904585456229736
SMD,machine-3-5.test.csv@7.out,100,0.6890557983560752,0.4788100409868249,0.6444444444444445,0.29292929292929293,0.4027777777777778,0.29292929292929293,0.6483516483516484,0.09833076923076924,0.17076313788363134
SMD,machine-2-8.test.csv@19.out,100,0.7755743756374297,0.01906311111877735,0.01606425702811245,0.049689440993788817,0.024279210925644917,0.049689440993788817,0.015384615384615385,0.20993788819875778,0.028668363019508057
SMD,machine-3-4.test.csv@34.out,100,0.5016702696232035,0.07306502201383973,0.09375,0.006779661016949152,0.012644889357218124,0.006779661016949152,0.05,0.2466666666666667,0.08314606741573034
SMD,machine-3-1.test.csv@36.out,100,0.5026383015577829,0.13061416497007836,0.25,0.00546448087431694,0.0106951871657754,0.00546448087431694,0.25,0.07936507936507937,0.12048192771084339
SMD,machine-1-1.test.csv@10.out,100,0.5074239049740163,0.5554514113077116,1.0,0.014847809948032665,0.029261155815654718,0.014847809948032665,1.0,0.12610670639054924,0.22396937283990156
SMD,machine-2-8.test.csv@5.out,100,0.8082027756822311,0.415991568401265,0.5068493150684932,0.45962732919254656,0.4820846905537459,0.45962732919254656,0.5,0.38385093167701867,0.4342937456078707
SMD,machine-2-7.test.csv@31.out,100,0.35894723344232865,0.002138661899897855,0.0,0.0,0.0,0.0,0.0,0.0,0.0
SMD,machine-2-9.test.csv@11.out,100,0.5038179143634502,0.0618162011553358,0.031413612565445025,0.003418803418803419,0.006166495375128468,0.003418803418803419,0.0335195530726257,0.10152938691462451,0.0503997983758658
SMD,machine-2-8.test.csv@30.out,100,0.5744817152125615,0.5218219268299925,0.9230769230769231,0.14906832298136646,0.25668449197860965,0.14906832298136646,0.8,0.21490683229813665,0.3388004895960832
SMD,machine-3-8.test.csv@3.out,100,0.7098501187851664,0.32613091171917963,0.41368584758942456,0.19401896425966447,0.2641509433962264,0.19401896425966447,0.4111111111111111,0.14885190958538594,0.21856683987647285
SMD,machine-2-8.test.csv@28.out,100,0.7274578785273084,0.019994469834542658,0.0106951871657754,0.037267080745341616,0.01662049861495845,0.037267080745341616,0.03409090909090909,0.20496894409937888,0.05845881310894596
SMD,machine-2-9.test.csv@9.out,100,0.5079059510569423,0.3371466414452739,0.6041666666666666,0.016524216524216526,0.03216860787576262,0.016524216524216526,0.6458333333333334,0.27484109037799637,0.38559024333545194
SMD,machine-2-3.test.csv@14.out,100,0.525001412416779,0.03155636999303585,0.07627118644067797,0.08372093023255814,0.07982261640798226,0.08372093023255814,0.029940119760479042,0.13201155105917012,0.048810137351156094
SMD,machine-2-5.test.csv@13.out,100,0.5334743308795307,0.3057527822508326,0.5416666666666666,0.06824146981627296,0.12121212121212122,0.06824146981627296,0.4878048780487805,0.35743474296935274,0.412565636699659
SMD,machine-3-11.test.csv@15.out,100,0.499685647566014,0.004406658951304193,0.0,0.0,0.0,0.0,0.0,0.0,0.0
SMD,machine-2-7.test.csv@25.out,100,0.4041697647557557,0.018574982331263666,0.010471204188481676,0.05970149253731343,0.017817371937639197,0.05970149253731343,0.010638297872340425,0.06593406593406594,0.018320610687022898
SMD,machine-3-3.test.csv@31.out,100,0.5679365700236285,0.005684959780738609,0.0,0.0,0.0,0.0,0.0,0.0,0.0
SMD,machine-1-5.test.csv@4.out,100,0.7225982800982801,0.2829581546862975,0.234375,0.45,0.3082191780821918,0.45,0.24675375715273848,0.45626978063952855,0.32029164486190237
SMD,machine-2-9.test.csv@12.out,100,0.6007468175376954,0.4287590317459376,0.7134268537074149,0.20284900284900284,0.31588287488908606,0.20284900284900284,0.6902356902356902,0.10276442160248053,0.17889448038548272
SMD,machine-2-7.test.csv@20.out,100,0.44756215077717776,0.0034783386819650865,0.002352941176470588,0.014925373134328358,0.0040650406504065045,0.0,0.003787878787878788,0.03076923076923077,0.006745362563237775
SVDB,880.test.csv@2.out,100,0.43663432154758464,0.14062933344249318,0.021739130434782608,0.00038446751249519417,0.0007555723460521345,0.00038446751249519417,0.034482758620689655,0.006402048655569783,0.01079913606911447
SVDB,827.test.csv@1.out,100,0.51939192276195,0.005553450758148761,0.0,0.0,0.0,0.0,0.0,0.0,0.0
SVDB,871.test.csv@1.out,100,0.5006894679669214,0.009837428182765633,0.0,0.0,0.0,0.0,0.0,0.0,0.0
SVDB,873.test.csv@1.out,100,0.47080230481517676,0.009253514589971557,0.007398273736128237,0.018575851393188854,0.010582010582010581,0.018575851393188854,0.008849557522123894,0.10503144654088051,0.016323737842725183
SVDB,840.test.csv@1.out,100,0.5737702348800378,0.09605138863632903,0.028594771241830064,0.014811680067710538,0.019514914970727628,0.014811680067710538,0.03593996840442338,0.2003822369049732,0.060948409428930324
SVDB,845.test.csv@1.out,100,0.46457469238047894,0.09157749392312688,0.05309734513274336,0.003949967083607637,0.007352941176470588,0.003949967083607637,0.1016949152542373,0.059484584327789906,0.07506264478839056
SVDB,884.test.csv@1.out,100,0.6241372264099537,0.1789899652214917,0.2636986301369863,0.045454545454545456,0.07754279959718026,0.045454545454545456,0.2096069868995633,0.21206032607812694,0.21082651949607878
SVDB,809.test.csv@1.out,100,0.5274042110655817,0.019002066183455894,0.026170798898071626,0.0395010395010395,0.03148301574150787,0.0395010395010395,0.030694668820678513,0.20650556055598,0.053445309117547794
SVDB,862.test.csv@2.out,100,0.5519766705109052,0.5367875502655151,0.8488063660477454,0.053458068827263616,0.10058148672010059,0.053458068827263616,0.8567567567567568,0.204442926132807,0.33011291118833314
SVDB,854.test.csv@2.out,100,0.5111969737963651,0.44184806748619126,0.4444444444444444,0.01973177123477725,0.0377859778597786,0.01973177123477725,0.4492753623188406,0.1750727612062857,0.2519616068645026
SVDB,868.test.csv@1.out,100,0.49788119709855916,0.2649002044759655,0.20491803278688525,0.005609154139555755,0.010919414719371042,0.005609154139555755,0.20491803278688525,0.09005584966190512,0.12512340008185535
SVDB,858.test.csv@1.out,100,0.571014467822871,0.03316310764846994,0.012987012987012988,0.011834319526627219,0.01238390092879257,0.011834319526627219,0.01335559265442404,0.20118343195266272,0.025048346993277466
SVDB,891.test.csv@1.out,100,0.5169237777735053,0.2535312632022399,0.15625,0.0052812252442566675,0.010217113665389528,0.0052812252442566675,0.16,0.09332216206188997,0.11788582418820838
SVDB,866.test.csv@2.out,100,0.5137720050977799,0.17345500408109785,0.08413461538461539,0.013801261829652996,0.023712737127371274,0.013801261829652996,0.10396039603960396,0.14095126125948026,0.11966232317739535
SVDB,804.test.csv@1.out,100,0.4880956116365593,0.023500317103443066,0.015217391304347827,0.025,0.01891891891891892,0.025,0.010899182561307902,0.21601953601953605,0.02075136308375671
SVDB,862.test.csv@1.out,100,0.6013596290909096,0.5640472896829447,0.7953890489913544,0.04610758436351487,0.08716248223590715,0.04610758436351487,0.7941176470588235,0.19398333053644348,0.3118013027153034
SVDB,845.test.csv@2.out,100,0.5152904079905262,0.10098126800393137,0.0648854961832061,0.02238314680710994,0.033284385707293196,0.02238314680710994,0.06199460916442048,0.19548815367281122,0.09413610099314716
SVDB,864.test.csv@1.out,100,0.5742896180294375,0.19433088492505615,0.0800942285041225,0.035676810073452254,0.049364791288566245,0.035676810073452254,0.06290322580645161,0.206420858964248,0.09642314695802068
SVDB,859.test.csv@1.out,100,0.5210574079376186,0.13415412106843627,0.12295081967213115,0.015298317185109638,0.027210884353741496,0.015298317185109638,0.12053571428571429,0.16806371872200207,0.14038614123769438
SVDB,870.test.csv@2.out,100,0.5340261772216874,0.2784174859417041,0.3044496487119438,0.03418353931107021,0.061465721040189124,0.03418353931107021,0.2661290322580645,0.2072368185134774,0.23301948744016804
SVDB,856.test.csv@2.out,100,0.5602719936412692,0.0457671507754077,0.05858585858585859,0.050699300699300696,0.05435801312089972,0.050699300699300696,0.033608490566037735,0.21305324041695353,0.058058441348655766
SVDB,807.test.csv@1.out,100,0.5693469145618417,0.03516677418944534,0.019469026548672566,0.02268041237113402,0.02095238095238095,0.02268041237113402,0.03278688524590164,0.20714898613557334,0.05661321083943843
SVDB,894.test.csv@2.out,100,0.5445071091338254,0.10120702794523956,0.07883817427385892,0.02916346891788181,0.04257703081232493,0.02916346891788181,0.08376963350785341,0.1699829712259695,0.11223066038760134
SVDB,856.test.csv@1.out,100,0.5971202858412678,0.0632671482923682,0.1415929203539823,0.027972027972027972,0.04671532846715328,0.027972027972027972,0.07608695652173914,0.17222985047421308,0.10554617952211907
SVDB,886.test.csv@2.out,100,0.4942699345554487,0.008815331053970563,0.004597701149425287,0.0071174377224199285,0.00558659217877095,0.0071174377224199285,0.004694835680751174,0.205694022289767,0.009180140473965108
SVDB,848.test.csv@1.out,100,0.39939318639700777,0.004005121334640782,0.0,0.0,0.0,0.0,0.0,0.0,0.0
SVDB,823.test.csv@1.out,100,0.49260440557331303,0.24704644156822075,0.1897810218978102,0.006319883325230919,0.012232415902140673,0.006319883325230919,0.19117647058823528,0.09480826844008802,0.1267557856726259
SVDB,811.test.csv@2.out,100,0.4578997833174779,0.020573964462750206,0.012474012474012475,0.015228426395939087,0.013714285714285714,0.015228426395939087,0.012048192771084338,0.20534851621808145,0.022760956411487187
SVDB,878.test.csv@2.out,100,0.41041233875416333,0.3096240889369889,0.1825,0.011706221937139192,0.022001205545509342,0.011706221937139192,0.24354243542435425,0.17748535781630886,0.20533189014454875
SVDB,805.test.csv@2.out,100,0.5808682597256105,0.11073148134771996,0.1344165435745938,0.1324599708879185,0.13343108504398826,0.1324599708879185,0.12084592145015106,0.21395684380032204,0.15445399275763252
SVDB,842.test.csv@2.out,100,0.5599607958090492,0.11588403461778522,0.11090225563909774,0.021207764198418404,0.0356065178032589,0.021207764198418404,0.11809045226130653,0.1788209602969602,0.1422447718888212
SVDB,849.test.csv@1.out,100,0.5747097556021242,0.020125359318114135,0.006546644844517185,0.01282051282051282,0.00866738894907909,0.01282051282051282,0.007246376811594202,0.20525252525252527,0.013998539522451395
SVDB,888.test.csv@1.out,100,0.5324576523749305,0.1617190700557979,0.14838709677419354,0.056269113149847096,0.08159645232815965,0.056269113149847096,0.11139240506329114,0.2139730154224308,0.1465119973165385
SVDB,857.test.csv@1.out,100,0.5700108683600924,0.1484946944859346,0.2857142857142857,0.022304832713754646,0.041379310344827586,0.022304832713754646,0.29411764705882354,0.14813230581645992,0.1970303216851749
SVDB,825.test.csv@2.out,100,0.5187055475694546,0.13052899048452507,0.11981566820276497,0.013577023498694517,0.024390243902439025,0.013577023498694517,0.11219512195121951,0.16498149789987906,0.13356190927297965
SVDB,859.test.csv@2.out,100,0.49153837596136846,0.1221751768581444,0.14049586776859505,0.008669046404895462,0.01633045148895293,0.008669046404895462,0.14166666666666666,0.08772111863557476,0.1083506556985941
SVDB,875.test.csv@1.out,100,0.5199565325529996,0.19877594760221368,0.078,0.01218369259606373,0.021075385031072685,0.01218369259606373,0.07740585774058577,0.15250284244009135,0.10268957475446426
SVDB,872.test.csv@2.out,100,0.5090416999836067,0.0376255066022754,0.017857142857142856,0.011568123393316195,0.014040561622464899,0.011568123393316195,0.02452316076294278,0.20515791986598497,0.04380962190606155
SVDB,882.test.csv@2.out,100,0.47292601952446606,0.037382692661428935,0.0024600246002460025,0.0021598272138228943,0.0023001725129384704,0.0021598272138228943,0.004796163069544364,0.06845762204252771,0.008964285413153044
SVDB,820.test.csv@2.out,100,0.6263215748900958,0.16171274231071373,0.13043478260869565,0.05126452494873548,0.07360157016683022,0.05126452494873548,0.11371237458193979,0.21575103903954185,0.14893042415868094
SVDB,868.test.csv@2.out,100,0.47159024676307987,0.25876285535906407,0.25165562913907286,0.008525914292124747,0.016493055555555556,0.008525914292124747,0.3,0.11519100486468,0.16646459607508596
SVDB,865.test.csv@2.out,100,0.5266507019453041,0.4159835186212726,0.40046296296296297,0.02642028100183262,0.0495702005730659,0.02642028100183262,0.40232558139534885,0.2028676697515929,0.2697282331699766
SVDB,875.test.csv@2.out,100,0.5147355093473645,0.19033647875772192,0.07983193277310924,0.011871290221805686,0.020669023660592874,0.011871290221805686,0.08207343412526998,0.1878718540868019,0.11424009911424654
SVDB,803.test.csv@2.out,100,0.5346973539335819,0.11981993196947048,0.02443609022556391,0.006933333333333333,0.01080182800166182,0.006933333333333333,0.037037037037037035,0.1741432922382598,0.061082881975925235
SVDB,863.test.csv@1.out,100,0.5603195616177894,0.33517481066387816,0.3477088948787062,0.03174993846911149,0.058186738836265225,0.03174993846911149,0.28313253012048195,0.1958451581671974,0.23153535749005744
SVDB,858.test.csv@2.out,100,0.5645967789778189,0.027953949266999005,0.014059753954305799,0.011834319526627219,0.01285140562248996,0.011834319526627219,0.014285714285714285,0.20118343195266272,0.026677128285602196
SVDB,874.test.csv@1.out,100,0.6229286695770532,0.06255086687230454,0.031556039173014146,0.024534686971235193,0.02760590195145169,0.024534686971235193,0.03341013824884793,0.20559872831991363,0.05747972479489118
SVDB,808.test.csv@2.out,100,0.5138626634569882,0.043021728108262255,0.022847100175746926,0.021189894050529748,0.021987315010570826,0.021189894050529748,0.024,0.2058239036686887,0.04298746657066312
SVDB,874.test.csv@2.out,100,0.5158504444260584,0.043836411666058145,0.013869625520110958,0.008460236886632826,0.010509721492380452,0.008460236886632826,0.016366612111292964,0.20559872831991363,0.03031964026861235
SVDB,852.test.csv@1.out,100,0.5836070011357455,0.10292656771870724,0.08292682926829269,0.07264957264957266,0.0774487471526196,0.07264957264957266,0.05347091932457786,0.21893034338790293,0.08594972440603395
SVDB,887.test.csv@2.out,100,0.5661758223450979,0.24257694501334487,0.12933025404157045,0.016731401254855095,0.02962962962962963,0.016731401254855095,0.15824915824915825,0.199216509562801,0.17638530234591626
SVDB,887.test.csv@1.out,100,0.5732600039811602,0.30682710804056684,0.33985330073349634,0.04152972811472961,0.07401490947816826,0.04152972811472961,0.2916666666666667,0.21196346026119278,0.24550825140915414
SVDB,889.test.csv@1.out,100,0.5135030205353712,0.1698442661073462,0.10864745011086474,0.020256304257957835,0.03414634146341464,0.020256304257957835,0.10888252148997135,0.20563785541965982,0.1423778543818545
SVDB,820.test.csv@1.out,100,0.6793068372899015,0.19303670574766515,0.17540687160940324,0.06630211893369788,0.09623015873015874,0.06630211893369788,0.16129032258064516,0.21508358028077415,0.1843427494921683
SVDB,869.test.csv@1.out,100,0.506191693637308,0.25914108617118836,0.0513347022587269,0.00588650812338121,0.010561892691170258,0.00588650812338121,0.07518796992481203,0.1136788211785529,0.09051119826760098
SVDB,883.test.csv@1.out,100,0.4580322195131095,0.029970058658209012,0.020910209102091022,0.03339882121807466,0.025718608169440244,0.03339882121807466,0.015966386554621848,0.21061267342196596,0.02968256075830579
SVDB,851.test.csv@1.out,100,0.5987370732517181,0.335039307852694,0.2936170212765957,0.018001565353509,0.03392330383480826,0.018001565353509,0.296137339055794,0.2067900194709178,0.24352720157760477
SVDB,803.test.csv@1.out,100,0.555638181495294,0.12848199113296072,0.005326231691078562,0.0021333333333333334,0.0030464584920030465,0.0021333333333333334,0.007858546168958742,0.03156725765421418,0.012584283775959493
SVDB,847.test.csv@2.out,100,0.536237788017127,0.16325521523615613,0.07017543859649122,0.007339449541284404,0.013289036544850499,0.007339449541284404,0.10596026490066225,0.10248775031981865,0.10419508347416408
SVDB,828.test.csv@2.out,100,0.4972047852434299,0.23294199825662332,0.0464,0.007927829414980863,0.013541909876254962,0.007927829414980863,0.0821529745042493,0.16614981161451678,0.10994400385764831
SVDB,802.test.csv@2.out,100,0.5749900452626622,0.03351042206404823,0.01675977653631285,0.03625377643504532,0.022922636103151862,0.03625377643504532,0.012345679012345678,0.21450164293537788,0.023347583815966102
SVDB,853.test.csv@2.out,100,0.6199968068363768,0.13923002594333894,0.0380952380952381,0.010120177103099304,0.015992003998001,0.010120177103099304,0.04017857142857143,0.11496366233060938,0.05954633508513879
SVDB,824.test.csv@1.out,100,0.5499563547911219,0.17554540046161654,0.06275303643724696,0.013543031891655745,0.022278117139777218,0.013543031891655745,0.08360128617363344,0.1593795802795158,0.10967396812498023
SVDB,882.test.csv@1.out,100,0.5399949000263559,0.04772663850930157,0.0011185682326621924,0.0010799136069114472,0.001098901098901099,0.0010799136069114472,0.002257336343115124,0.03418259023354565,0.00423500322228506
SVDB,879.test.csv@1.out,100,0.49151891644643153,0.4373418049793145,0.14487632508833923,0.005659856432909995,0.010894114521057527,0.005659856432909995,0.15298507462686567,0.1399936236254081,0.14620131146310866
SVDB,894.test.csv@1.out,100,0.5716765066285014,0.11118228240257283,0.05764411027568922,0.017651573292402148,0.02702702702702703,0.017651573292402148,0.0903954802259887,0.18786545419064452,0.1220594474394295
SVDB,870.test.csv@1.out,100,0.5694872464618812,0.31071882287080393,0.057279236276849645,0.006310807257428346,0.011369019422074847,0.006310807257428346,0.13087934560327197,0.12377707937515343,0.12722917280156426
SVDB,802.test.csv@1.out,100,0.5528308605690733,0.021069437127529598,0.0,0.0,0.0,0.0,0.0,0.0,0.0
SVDB,806.test.csv@2.out,100,0.5132254458022195,0.014193655756165165,0.015659955257270694,0.018867924528301886,0.017114914425427872,0.018867924528301886,0.015625,0.20935167207137606,0.029079636088469262
SVDB,801.test.csv@1.out,100,0.526756818609763,0.6035916674617832,0.7802197802197802,0.016680371196992835,0.03266244968372628,0.016680371196992835,0.8160919540229885,0.19574247940939601,0.3157509909296705
SVDB,891.test.csv@2.out,100,0.5516009482961328,0.2773799508348105,0.2923433874709977,0.033271719038817,0.059743954480796585,0.033271719038817,0.22435897435897437,0.21193820710726835,0.21797178984410048
SVDB,812.test.csv@1.out,100,0.5434766190777435,0.07996360566350054,0.04639175257731959,0.017716535433070866,0.02564102564102564,0.017716535433070866,0.050314465408805034,0.20991822227218648,0.08117291664865098
SVDB,805.test.csv@1.out,100,0.6549005337214946,0.1163970214066622,0.20707070707070707,0.11935953420669577,0.15143120960295475,0.11935953420669577,0.11940298507462686,0.2202275899087493,0.15484961347889561
SVDB,855.test.csv@2.out,100,0.525060418579426,0.3343236930133466,0.32083333333333336,0.016452991452991454,0.031300813008130084,0.016452991452991454,0.3140096618357488,0.1353458796917999,0.18915940712963691
SVDB,889.test.csv@2.out,100,0.5014407612696713,0.15617445999169838,0.12162162162162163,0.014882182720132286,0.026519337016574586,0.014882182720132286,0.14136125654450263,0.1893320367093405,0.16186729612818498
SVDB,888.test.csv@2.out,100,0.5259613964715011,0.12104085629950624,0.08439897698209718,0.02018348623853211,0.03257650542941757,0.02018348623853211,0.08461538461538462,0.19550541235613025,0.11811165639790423
SVDB,801.test.csv@2.out,100,0.44862086795948475,0.5451510317496615,0.6615853658536586,0.025490426406672147,0.04908946951702296,0.025490426406672147,0.7169117647058824,0.20021772443103128,0.31301674157773934
SVDB,883.test.csv@2.out,100,0.511141929369113,0.035202405585954825,0.012658227848101266,0.0137524557956778,0.013182674199623353,0.0137524557956778,0.0058309037900874635,0.21095385153086443,0.011348137562567646
SVDB,812.test.csv@2.out,100,0.5175669600262885,0.07636329555298343,0.16326530612244897,0.031496062992125984,0.052805280528052806,0.031496062992125984,0.16666666666666666,0.20393967816781117,0.18342884213967045
SVDB,825.test.csv@1.out,100,0.600322097378277,0.15474075106855462,0.08771929824561403,0.005221932114882507,0.009857072449482503,0.005221932114882507,0.0707070707070707,0.055761461152749506,0.06235115595122463
SVDB,844.test.csv@1.out,100,0.5187842071302863,0.043416860882468156,0.027131782945736434,0.011182108626198083,0.01583710407239819,0.011182108626198083,0.026262626262626262,0.11698104261741403,0.042895150984248315
SVDB,810.test.csv@2.out,100,0.5359240348299066,0.07921185151541896,0.023381294964028777,0.009908536585365854,0.013918629550321198,0.009908536585365854,0.024193548387096774,0.17937447217981553,0.04263641175079227
SVDB,827.test.csv@2.out,100,0.454107495366579,0.003981639950344929,0.0,0.0,0.0,0.0,0.0,0.0,0.0
SVDB,853.test.csv@1.out,100,0.5727229511493679,0.1265606437027296,0.04081632653061224,0.011385199240986717,0.017804154302670624,0.011385199240986717,0.048582995951417005,0.11354711124114013,0.06804977732077451
SVDB,890.test.csv@1.out,100,0.5990700596885605,0.12489761316725802,0.07760141093474426,0.030470914127423823,0.04375932371954252,0.030470914127423823,0.048986486486486486,0.21875764815308507,0.08004783066110803
SVDB,849.test.csv@2.out,100,0.644268216585269,0.026519602062522286,0.015909090909090907,0.022435897435897436,0.018617021276595744,0.022435897435897436,0.01647058823529412,0.20525252525252527,0.030494158001929467
SVDB,842.test.csv@1.out,100,0.48501019063852685,0.0894428102684551,0.08664772727272728,0.02192667145938174,0.03499713138267355,0.02192667145938174,0.08241353936718174,0.1730373789988773,0.11165058976756206
SVDB,890.test.csv@2.out,100,0.6093697391703021,0.1391347664141317,0.05733558178752108,0.023545706371191136,0.033382425135002454,0.023545706371191136,0.055913978494623665,0.18951223999571343,0.08635086647847674
SVDB,886.test.csv@1.out,100,0.4793339487457789,0.008376232790823656,0.006535947712418301,0.010676156583629894,0.008108108108108109,0.010676156583629894,0.005763688760806916,0.20853090172239108,0.01121733602167166
SVDB,872.test.csv@1.out,100,0.540020660083617,0.0410299581957332,0.001272264631043257,0.0012853470437017994,0.0012787723785166241,0.0012853470437017994,0.002,0.041006289308176104,0.0038139806961099733
SVDB,880.test.csv@1.out,100,0.38666737116100025,0.13070445747658888,0.0,0.0,0.0,0.0,0.0,0.0,0.0
SVDB,865.test.csv@1.out,100,0.5352516559410592,0.4008672095552567,0.3723849372384937,0.013591936469150885,0.026226609695005156,0.013591936469150885,0.3739495798319328,0.13484125172517486,0.19821044837747376
SVDB,893.test.csv@2.out,100,0.5925594480189418,0.19450806375155905,0.27364864864864863,0.04122137404580153,0.07164971251658558,0.04122137404580153,0.28104575163398693,0.19960533108044393,0.2334260020256058
SVDB,809.test.csv@2.out,100,0.5211373075968759,0.017920387946103872,0.01744186046511628,0.006237006237006237,0.009188361408882083,0.006237006237006237,0.01764705882352941,0.1370897529958425,0.03126897739168592
SVDB,847.test.csv@1.out,100,0.5432431221006949,0.17882875731523112,0.2389937106918239,0.03486238532110092,0.06084867894315452,0.03486238532110092,0.20100502512562815,0.19285518324100293,0.1968457850247239
SVDB,877.test.csv@2.out,100,0.49864550662151264,0.09302735827265632,0.013123359580052493,0.0058997050147492625,0.00814000814000814,0.0058997050147492625,0.01909307875894988,0.07965328108938488,0.03080268217652269
SVDB,844.test.csv@2.out,100,0.552288732629157,0.04763790460180694,0.006756756756756757,0.00718849840255591,0.00696594427244582,0.00718849840255591,0.011799410029498525,0.08818750199772506,0.020813934032987504
SVDB,850.test.csv@1.out,100,0.46230994072082565,0.014025970683128716,0.01125,0.018108651911468814,0.013878180416345412,0.018108651911468814,0.010101010101010102,0.20181086519114688,0.019239068928807772
SVDB,826.test.csv@2.out,100,0.514163939883473,0.10287697842457037,0.03076923076923077,0.001265022137887413,0.002430133657351154,0.001265022137887413,0.041666666666666664,0.01729559748427673,0.024444444444444442
SVDB,892.test.csv@2.out,100,0.4984380773686364,0.4833991692603488,0.4040920716112532,0.021052631578947368,0.04002026342451875,0.021052631578947368,0.45084745762711864,0.1960617809989294,0.2732808567982415
SVDB,806.test.csv@1.out,100,0.5067465116707903,0.013117394249753318,0.006631299734748011,0.013477088948787063,0.008888888888888889,0.013477088948787063,0.010893246187363835,0.20862703439021663,0.020705382126633025
SVDB,873.test.csv@2.out,100,0.3688202422136123,0.007557680779171922,0.005309734513274336,0.018575851393188854,0.008258774948382657,0.018575851393188854,0.003169572107765452,0.10754716981132076,0.00615766872822535
SVDB,841.test.csv@1.out,100,0.5592686889677505,0.035650045342912606,0.015,0.011834319526627219,0.013230429988974642,0.011834319526627219,0.015228426395939087,0.2047350385933336,0.0283482756196842
SVDB,841.test.csv@2.out,100,0.5026073320829243,0.029293673055369413,0.0,0.0,0.0,0.0,0.0,0.0,0.0
SVDB,821.test.csv@1.out,100,0.5117579225638232,0.19877069508534492,0.2,0.0026926960619320095,0.005313849219528396,0.0026926960619320095,0.18421052631578946,0.038089127882079105,0.06312576885811887
SVDB,850.test.csv@2.out,100,0.485301770968829,0.014952328097315082,0.0076481835564053535,0.02414486921529175,0.011616650532429816,0.02414486921529175,0.0076263107721639654,0.2024144869215292,0.014698818505754052
SVDB,857.test.csv@2.out,100,0.5336140246803075,0.1138913648585229,0.04040404040404041,0.0024783147459727386,0.004670169293636894,0.0024783147459727386,0.06666666666666667,0.04082125603864735,0.05063670411985019
SVDB,863.test.csv@2.out,100,0.519579953313256,0.28683021729981345,0.460431654676259,0.015751907457543686,0.03046168491194669,0.015751907457543686,0.45054945054945056,0.10849145476221649,0.17487366261750034
SVDB,811.test.csv@1.out,100,0.4985444818173945,0.02268792950597863,0.012389380530973451,0.017766497461928935,0.014598540145985401,0.017766497461928935,0.016901408450704224,0.20516563146997932,0.031230101853560146
SVDB,861.test.csv@2.out,100,0.5178555639243734,0.2688068743968693,0.2264808362369338,0.016149068322981366,0.030148423005565864,0.016149068322981366,0.25155279503105593,0.12271957104522492,0.16496249202190275
SVDB,871.test.csv@2.out,100,0.49914670172232617,0.010003825353313546,0.0,0.0,0.0,0.0,0.0,0.0,0.0
SVDB,864.test.csv@2.out,100,0.5004846774820693,0.11054884398419725,0.07260726072607261,0.023084994753410283,0.03503184713375796,0.023084994753410283,0.1023391812865497,0.17948239716790684,0.13035255626800266
SVDB,852.test.csv@2.out,100,0.5185584517318454,0.06406979111108244,0.09854014598540146,0.028846153846153848,0.04462809917355372,0.028846153846153848,0.08108108108108109,0.21496336310645042,0.11774895435940126
SVDB,826.test.csv@1.out,100,0.5088751847582875,0.09982242327864693,0.08461538461538462,0.006957621758380772,0.012857977790765635,0.006957621758380772,0.11,0.12064437443548982,0.11507656512659219
SVDB,808.test.csv@1.out,100,0.521640346912435,0.04243166770212324,0.018018018018018018,0.008149959250203748,0.01122334455667789,0.008149959250203748,0.018115942028985508,0.12835633216171438,0.03175066251060459
