dataset,filename,order,trend,score,AUC_ROC,AUC_PR,Precision,Recall,F,Precision@k,Rprecision,Rrecall,RF
Dodgers,101-freeway-traffic.test.out,"1,1,1",n,abs_resid,0.32560179010366347,0.0919005178412857,0.2048780487804878,0.025974025974025976,0.04610318331503842,0.025974025974025976,0.175512104283054,0.24558824418726527,0.20471941987730527
ECG,MBA_ECG801_data.out,"1,1,1",n,abs_resid,0.500837487393069,0.47657443212335804,0.49624060150375937,0.018471872376154493,0.035617916891527254,0.018471872376154493,0.4899193548387097,0.17731182057100994,0.26038499380993047
ECG,MBA_ECG803_data.out,"1,1,1",n,abs_resid,0.5445272175024242,0.06500463436819043,0.033185840707964605,0.015384615384615385,0.02102312543798178,0.015384615384615385,0.036211699164345405,0.21230769230769234,0.06187060284177128
ECG,MBA_ECG805_data.out,"1,1,1",n,abs_resid,0.6312379917962103,0.04997290051635822,0.03611111111111111,0.02564102564102564,0.029988465974625143,0.02564102564102564,0.03812316715542522,0.20789067142008316,0.06443093496278156
ECG,MBA_ECG806_data.out,"1,1,1",n,abs_resid,0.4627278898969327,0.009657580875220539,0.012571428571428572,0.03666666666666667,0.01872340425531915,0.03666666666666667,0.008503401360544218,0.22666666666666668,0.01639186192266898
ECG,MBA_ECG820_data.out,"1,1,1",n,abs_resid,0.4940992448759439,0.05672670482126681,0.04181818181818182,0.025555555555555557,0.031724137931034485,0.025555555555555557,0.055928411633109625,0.2106666666666667,0.08839061940565701
IOPS,KPI-05f10d3a-239c-3bef-9bdc-a2feeb0037aa.test.out,"1,1,1",n,abs_resid,0.7731883613981587,0.4167294637885856,0.4397590361445783,0.47096774193548385,0.45482866043613707,0.47096774193548385,0.20204402515723272,0.493243661100804,0.2866638850126608
IOPS,KPI-0efb375b-b902-3661-ab23-9a0bb799f4e3.test.out,"1,1,1",n,abs_resid,0.3596180549381449,0.08428623517042454,0.171875,0.15492957746478872,0.16296296296296298,0.15492957746478872,0.16369047619047622,0.40055555555555555,0.23240617014792414
IOPS,KPI-1c6d7a26-1f1a-3321-bb4d-7a9d969ec8f0.test.out,"1,1,1",n,abs_resid,0.9137778689328153,0.6158206192319453,0.5576923076923077,0.6904761904761905,0.6170212765957447,0.6904761904761905,0.31209150326797386,0.529741108564638,0.3927804568057152
IOPS,KPI-301c70d8-1630-35ac-8f96-bc1b6f4359ea.test.out,"1,1,1",n,abs_resid,0.6772189864792978,0.34321013985367216,0.6036036036036037,0.32524271844660196,0.4227129337539432,0.32524271844660196,0.5103896103896104,0.5039682539682541,0.5071586070945913
IOPS,KPI-42d6616d-c9c5-370a-a8ba-17ead74f3114.test.out,"1,1,1",n,abs_resid,0.876251229167192,0.2900783922695117,0.17142857142857143,0.47058823529411764,0.2513089005235602,0.47058823529411764,0.10677966101694915,0.3319420289855073,0.16158151347453242
IOPS,KPI-43115f2a-baeb-3b01-96f7-4ea14188343c.test.out,"1,1,1",n,abs_resid,0.7936998702461042,0.1689337490374391,0.11515151515151516,0.2753623188405797,0.1623931623931624,0.2753623188405797,0.06367041198501873,0.3445657554739562,0.10748015661380961
IOPS,KPI-431a8542-c468-3988-a508-3afd06a218da.test.out,"1,1,1",n,abs_resid,0.9234618099598171,0.7030941037318248,0.9370629370629371,0.5469387755102041,0.6907216494845361,0.5469387755102041,0.9285714285714286,0.39389369889369896,0.5531464340206597
IOPS,KPI-4d2af31a-9916-3d9f-8a8e-8a268a48c095.test.out,"1,1,1",n,abs_resid,0.9122096567511414,0.5302915351451135,0.125,0.6666666666666666,0.21052631578947367,0.6666666666666666,0.06666666666666667,0.7333333333333334,0.12222222222222222
IOPS,KPI-54350a12-7a9d-3ca8-b81f-f886b9d156fd.test.out,"1,1,1",n,abs_resid,0.7999652222814183,0.2813257371343229,0.4482758620689655,0.24074074074074073,0.3132530120481928,0.24074074074074073,0.19964157706093189,0.4918912628590048,0.28401239041962084
IOPS,KPI-55f8b8b8-b659-38df-b3df-e4a5a8a54bc9.test.out,"1,1,1",n,abs_resid,0.6639579558355827,0.13802944469992454,0.3473053892215569,0.07369758576874205,0.12159329140461216,0.07369758576874205,0.3071625344352617,0.4808170702220994,0.3748548541516558
IOPS,KPI-57051487-3a40-3828-9084-a12f7f23ee38.test.out,"1,1,1",n,abs_resid,0.9796557620235085,0.8691368010744648,0.9024390243902439,0.8043478260869565,0.8505747126436781,0.8043478260869565,0.8555555555555555,0.6636767676767678,0.7474990322361403
IOPS,KPI-6a757df4-95e5-3357-8406-165e2bd49360.test.out,"1,1,1",n,abs_resid,0.9710440101149769,0.3670351164774537,0.01509433962264151,0.6666666666666666,0.02952029520295203,0.6666666666666666,0.004637539663168172,0.7333333333333334,0.00921679308520021
IOPS,KPI-6d1114ae-be04-3c46-b5aa-be1a003a57cd.test.out,"1,1,1",n,abs_resid,0.6988687505307155,0.18133666682140204,0.3090909090909091,0.21935483870967742,0.25660377358490566,0.21935483870967742,0.21849593495934957,0.5004777905785971,0.30419015019510226
IOPS,KPI-6efa3a07-4544-34a0-b921-a155bd1a05e8.test.out,"1,1,1",n,abs_resid,0.8084808583316788,0.2864563900741813,0.40210526315789474,0.11660561660561661,0.18078561287269285,0.11660561660561661,0.3628048780487805,0.31118165815477383,0.3350162576653104
IOPS,KPI-7103fa0f-cac4-314f-addc-866190247439.test.out,"1,1,1",n,abs_resid,0.9419281198348638,0.35043609366809836,0.06976744186046512,0.3333333333333333,0.11538461538461539,0.3333333333333333,0.07692307692307693,0.4666666666666666,0.1320754716981132
IOPS,KPI-847e8ecc-f8d2-3a93-9107-f367a0aab37d.test.out,"1,1,1",n,abs_resid,0.865953233088412,0.4753861924039272,0.4028776978417266,0.5233644859813084,0.45528455284552843,0.5233644859813084,0.22892720306513406,0.39205334623968163,0.28906437120278056
IOPS,KPI-8723f0fb-eaef-32e6-b372-6034c9c04b80.test.out,"1,1,1",n,abs_resid,0.7413362243492073,0.1901958733578931,0.330188679245283,0.22012578616352202,0.2641509433962264,0.22012578616352202,0.273972602739726,0.4875512032770096,0.35081154673121806
IOPS,KPI-9c639a46-34c8-39bc-aaf0-9144b37adfc8.test.out,"1,1,1",n,abs_resid,0.8322537512999556,0.23956713383212722,0.20425531914893616,0.3,0.2430379746835443,0.3,0.12371134020618557,0.3087260101545816,0.1766401928088254
IOPS,KPI-a07ac296-de40-3a7c-8df3-91f642cc14d0.test.out,"1,1,1",n,abs_resid,0.6403349939534151,0.10853607648106652,0.27007299270072993,0.08624708624708624,0.13074204946996468,0.08624708624708624,0.1963696369636964,0.4322277617119722,0.2700501428476446
IOPS,KPI-a8c06b47-cc41-3738-9110-12df0ee4c721.test.out,"1,1,1",n,abs_resid,0.7887077462518902,0.21454686343740328,0.2641509433962264,0.2204724409448819,0.24034334763948498,0.2204724409448819,0.2235294117647059,0.4634679186228482,0.30159858456257743
IOPS,KPI-ab216663-dcc2-3a24-b1ee-2c3e550e06c9.test.out,"1,1,1",n,abs_resid,0.8003216734287752,0.250984634767111,0.6052631578947368,0.12299465240641712,0.20444444444444446,0.12299465240641712,0.6759259259259259,0.24538872891814068,0.36006070875721174
IOPS,KPI-adb2fde9-8589-3f5b-a410-5fe14386c7af.test.out,"1,1,1",n,abs_resid,0.8641399771406337,0.35072653560062506,0.24545454545454545,0.5,0.32926829268292684,0.5,0.16379310344827586,0.4133712905452036,0.2346207328776514
IOPS,KPI-ba5f3328-9f3f-3ff5-a683-84437d16d554.test.out,"1,1,1",n,abs_resid,0.665367033246926,0.15102616156964813,0.35323383084577115,0.08472553699284009,0.136669874879692,0.08472553699284009,0.2897350993377484,0.42569136201637364,0.34479498795051045
IOPS,KPI-c02607e8-7399-3dde-9d28-8a8da5e5d251.test.out,"1,1,1",n,abs_resid,0.2802859596732211,0.14555098957356305,0.35294117647058826,0.19672131147540983,0.25263157894736843,0.19672131147540983,0.2159090909090909,0.6449999999999999,0.32352164730728616
IOPS,KPI-c69a50cf-ee03-3bd7-831e-407d36c7ee91.test.out,"1,1,1",n,abs_resid,0.93890274125102,0.6529226617985016,0.5428571428571428,0.7215189873417721,0.6195652173913043,0.7215189873417721,0.3395197395197395,0.5329720404908375,0.414799388382913
IOPS,KPI-da10a69f-d836-3baa-ad40-3e548ecf1fbd.test.out,"1,1,1",n,abs_resid,0.820554473957127,0.30033145223930546,0.3660130718954248,0.3010752688172043,0.3303834808259587,0.3010752688172043,0.3215261514441842,0.41811954842543086,0.36351558394108824
IOPS,KPI-e0747cad-8dc8-38a9-a9ab-855b61f5551d.test.out,"1,1,1",n,abs_resid,0.5664722005633086,0.2830762321597299,0.3953488372093023,0.29310344827586204,0.33663366336633666,0.29310344827586204,0.26153846153846155,0.5566284779050736,0.35586809669626235
IOPS,KPI-f0932edd-6400-3e63-9559-0a9860a1baa9.test.out,"1,1,1",n,abs_resid,0.9146200522416045,0.6575198531612086,0.5050505050505051,0.7352941176470589,0.5988023952095808,0.7352941176470589,0.20864197530864195,0.48693602693602694,0.29211761781143475
IOPS,KPI-ffb82d38-5f00-37db-abc0-5d2e4e4cb6aa.test.out,"1,1,1",n,abs_resid,0.9990001599744042,0.5811673497983317,0.4074074074074074,0.7857142857142857,0.5365853658536586,0.7857142857142857,0.5526315789473684,0.4095238095238095,0.4704350091169575
MGAB,1.test.out,"1,1,1",n,abs_resid,0.4163643954575818,0.0015890540542894715,0.0,0.0,0.0,0.0,0.0,0.0,0.0
MGAB,10.test.out,"1,1,1",n,abs_resid,0.5309502338009352,0.0020059791028633747,0.0,0.0,0.0,0.0,0.0,0.0,0.0
MGAB,2.test.out,"1,1,1",n,abs_resid,0.4675629035849477,0.0019430745522559102,0.00980392156862745,0.016666666666666666,0.012345679012345678,0.016666666666666666,0.009900990099009901,0.08,0.01762114537444934
MGAB,3.test.out,"1,1,1",n,abs_resid,0.45736806947227787,0.001851565378884224,0.0,0.0,0.0,0.0,0.0,0.0,0.0
MGAB,4.test.out,"1,1,1",n,abs_resid,0.5176637700534759,0.002677685604322203,0.0,0.0,0.0,0.0,0.0,0.0,0.0
MGAB,5.test.out,"1,1,1",n,abs_resid,0.4984170560747664,0.0023623122962649658,0.010752688172043012,0.025,0.015037593984962405,0.025,0.010869565217391304,0.12000000000000001,0.019933554817275746
MGAB,6.test.out,"1,1,1",n,abs_resid,0.47464655748663104,0.0026374516680420265,0.0136986301369863,0.0125,0.013071895424836602,0.0125,0.013888888888888888,0.060000000000000005,0.022556390977443608
MGAB,7.test.out,"1,1,1",n,abs_resid,0.4748073925629036,0.0018830602227754398,0.0,0.0,0.0,0.0,0.0,0.0,0.0
MGAB,8.test.out,"1,1,1",n,abs_resid,0.42497327989311956,0.0016339379637437903,0.0,0.0,0.0,0.0,0.0,0.0,0.0
MGAB,9.test.out,"1,1,1",n,abs_resid,0.540767646403919,0.002455460924840809,0.006024096385542169,0.016666666666666666,0.008849557522123894,0.016666666666666666,0.006060606060606061,0.08,0.011267605633802818
NAB,NAB_data_CloudWatch_1.out,"1,1,1",n,abs_resid,0.4037489672266593,0.10933232541870544,0.1875,0.0075,0.014423076923076924,0.0075,0.1875,0.20400000000000001,0.19540229885057472
NAB,NAB_data_CloudWatch_10.out,"1,1,1",n,abs_resid,0.5419417105708711,0.15482107152154784,0.16326530612244897,0.03980099502487562,0.064,0.03980099502487562,0.1875,0.13759772565742714,0.1587188806602356
NAB,NAB_data_CloudWatch_11.out,"1,1,1",n,abs_resid,0.8348303947334149,0.39420450056922396,1.0,0.012437810945273632,0.02457002457002457,0.012437810945273632,1.0,0.20497512437810947,0.3402146985962015
NAB,NAB_data_CloudWatch_12.out,"1,1,1",n,abs_resid,0.7455059065228556,0.27330624761978783,0.2682926829268293,0.046610169491525424,0.07942238267148015,0.046610169491525424,0.23076923076923078,0.20400616332819724,0.21656398233466007
NAB,NAB_data_CloudWatch_13.out,"1,1,1",n,abs_resid,0.5333647755439272,0.12009645398999094,0.15789473684210525,0.03,0.05042016806722689,0.03,0.1388888888888889,0.20483333333333334,0.16553526210872258
NAB,NAB_data_CloudWatch_14.out,"1,1,1",n,abs_resid,0.602107968991086,0.14754152633153833,0.2857142857142857,0.03463203463203463,0.06177606177606178,0.03463203463203463,0.21052631578947367,0.208946608946609,0.20973348783314022
NAB,NAB_data_CloudWatch_15.out,"1,1,1",n,abs_resid,0.5137991228576375,0.11493643110021147,0.18181818181818182,0.016129032258064516,0.02962962962962963,0.016129032258064516,0.16666666666666666,0.11290322580645162,0.13461538461538464
NAB,NAB_data_CloudWatch_16.out,"1,1,1",n,abs_resid,0.669871936105756,0.2065786999439767,0.3902439024390244,0.04,0.07256235827664399,0.04,0.3333333333333333,0.20533333333333334,0.25412541254125415
NAB,NAB_data_CloudWatch_17.out,"1,1,1",n,abs_resid,0.5220559074635087,0.1443226922311731,0.5882352941176471,0.025,0.047961630695443645,0.025,0.42857142857142855,0.21500000000000002,0.2863485016648169
NAB,NAB_data_CloudWatch_2.out,"1,1,1",n,abs_resid,0.5602981272376755,0.12826759464150328,0.20588235294117646,0.0175,0.03225806451612903,0.0175,0.21212121212121213,0.20400000000000001,0.20798135741334112
NAB,NAB_data_CloudWatch_3.out,"1,1,1",n,abs_resid,0.5982559900853759,0.1740907110262193,0.7333333333333333,0.0275,0.05301204819277108,0.0275,0.7,0.20616666666666666,0.31852124333272025
NAB,NAB_data_CloudWatch_4.out,"1,1,1",n,abs_resid,0.5365066373834876,0.11896960853755195,0.1564625850340136,0.05721393034825871,0.08378870673952642,0.05721393034825871,0.16312056737588654,0.2019900497512438,0.1804862963392478
NAB,NAB_data_CloudWatch_5.out,"1,1,1",n,abs_resid,0.4711589219728638,0.12517635352715795,0.6551724137931034,0.05555555555555555,0.10242587601078167,0.05555555555555555,0.6666666666666666,0.20370370370370372,0.3120567375886525
NAB,NAB_data_CloudWatch_6.out,"1,1,1",n,abs_resid,0.3765260224093092,0.09090636071026156,0.42105263157894735,0.01990049751243781,0.03800475059382423,0.01990049751243781,0.2222222222222222,0.20796019900497514,0.21485479311231045
NAB,NAB_data_CloudWatch_8.out,"1,1,1",n,abs_resid,0.48718655276935796,0.10754478404392218,0.1271186440677966,0.03731343283582089,0.057692307692307696,0.03731343283582089,0.1188118811881188,0.13839374555792466,0.12785739925232664
NAB,NAB_data_CloudWatch_9.out,"1,1,1",n,abs_resid,0.5715401950128005,0.15036160236738658,0.14634146341463414,0.025423728813559324,0.04332129963898917,0.025423728813559324,0.16,0.2016949152542373,0.17844423617619493
NAB,NAB_data_Exchange_1.out,"1,1,1",n,abs_resid,0.48230959684302144,0.09212254721658,0.0,0.0,0.0,0.0,0.0,0.0,0.0
NAB,NAB_data_Exchange_2.out,"1,1,1",n,abs_resid,0.5106502050580999,0.1249875576315588,0.23333333333333334,0.04375,0.07368421052631578,0.04375,0.2222222222222222,0.21125000000000002,0.21659724447292533
NAB,NAB_data_Exchange_3.out,"1,1,1",n,abs_resid,0.5629752463350156,0.1706399226681174,0.47368421052631576,0.06,0.10650887573964497,0.06,0.4166666666666667,0.23733333333333337,0.30241250424736665
NAB,NAB_data_Exchange_4.out,"1,1,1",n,abs_resid,0.44042846285388565,0.09364120074095346,0.10526315789473684,0.013157894736842105,0.023391812865497075,0.013157894736842105,0.058823529411764705,0.2105263157894737,0.09195402298850575
NAB,NAB_data_Exchange_5.out,"1,1,1",n,abs_resid,0.5293835502168835,0.15229565039236845,0.4,0.024691358024691357,0.046511627906976744,0.024691358024691357,0.4,0.14320987654320988,0.21090909090909093
NAB,NAB_data_Exchange_6.out,"1,1,1",n,abs_resid,0.4589195344129555,0.11829187843578146,0.5555555555555556,0.03125,0.05917159763313609,0.03125,0.5555555555555556,0.16500000000000004,0.25443330763299926
NAB,NAB_data_KnownCause_1.out,"1,1,1",n,abs_resid,0.5166159672055279,0.10682995132794215,0.0,0.0,0.0,0.0,0.0,0.0,0.0
NAB,NAB_data_KnownCause_2.out,"1,1,1",n,abs_resid,0.6351514908767245,0.13137721581026926,0.05663430420711974,0.02336448598130841,0.0330812854442344,0.02336448598130841,0.05663430420711974,0.2005340453938585,0.08832429144832013
NAB,NAB_data_KnownCause_3.out,"1,1,1",n,abs_resid,0.5452978061382594,0.15398922318597025,0.8888888888888888,0.04664723032069971,0.0886426592797784,0.04664723032069971,0.7777777777777778,0.22097512437810948,0.3441682939032868
NAB,NAB_data_KnownCause_4.out,"1,1,1",n,abs_resid,0.5182543677947153,0.1165529383004551,0.25757575757575757,0.010011778563015312,0.01927437641723356,0.010011778563015312,0.2413793103448276,0.20321947389085201,0.22066176604931884
NAB,NAB_data_KnownCause_5.out,"1,1,1",n,abs_resid,0.4463467071920331,0.09118817081752091,0.0967741935483871,0.014563106796116505,0.02531645569620253,0.014563106796116505,0.07692307692307693,0.20491909385113266,0.11185698134539286
NAB,NAB_data_KnownCause_6.out,"1,1,1",n,abs_resid,0.35531475034874516,0.0953486545544611,0.07692307692307693,0.005319148936170213,0.009950248756218905,0.005319148936170213,0.09090909090909091,0.10425531914893618,0.09712586719524281
NAB,NAB_data_KnownCause_7.out,"1,1,1",n,abs_resid,0.4848920145880029,0.08933970219070204,0.125,0.005681818181818182,0.010869565217391304,0.005681818181818182,0.13636363636363635,0.20303030303030303,0.16314935064935066
NAB,NAB_data_Traffic_1.out,"1,1,1",n,abs_resid,0.599978709507468,0.17909654478164502,0.21739130434782608,0.02032520325203252,0.03717472118959108,0.02032520325203252,0.2,0.21626016260162606,0.20781250000000004
NAB,NAB_data_Traffic_2.out,"1,1,1",n,abs_resid,0.5428568028182423,0.1300097283962533,0.1388888888888889,0.023148148148148147,0.03968253968253968,0.023148148148148147,0.15384615384615385,0.20462962962962963,0.17564077091198096
NAB,NAB_data_Traffic_3.out,"1,1,1",n,abs_resid,0.4234257925496214,0.08821892088834243,0.05128205128205128,0.008403361344537815,0.01444043321299639,0.008403361344537815,0.05128205128205128,0.20336134453781513,0.08190895244542223
NAB,NAB_data_Traffic_4.out,"1,1,1",n,abs_resid,0.5413293016723749,0.16238823952375897,0.38235294117647056,0.05241935483870968,0.09219858156028368,0.05241935483870968,0.24,0.21397849462365592,0.22624348649928944
NAB,NAB_data_Traffic_5.out,"1,1,1",n,abs_resid,0.4993161351227798,0.10331819901814521,0.21052631578947367,0.01680672268907563,0.0311284046692607,0.01680672268907563,0.21052631578947367,0.20336134453781513,0.2068818123530669
NAB,NAB_data_Traffic_6.out,"1,1,1",n,abs_resid,0.6861880107072414,0.30689966979189465,0.6363636363636364,0.125,0.208955223880597,0.125,0.6666666666666666,0.24047619047619048,0.3534558180227471
NAB,NAB_data_Traffic_7.out,"1,1,1",n,abs_resid,0.5730384482808146,0.18221275752733507,0.4473684210526316,0.06854838709677419,0.11888111888111888,0.06854838709677419,0.4230769230769231,0.21155913978494625,0.28206966211592976
NAB,NAB_data_art1_0.out,"1,1,1",n,abs_resid,0.2943535285819456,0.07642641247430199,0.10344827586206896,0.007462686567164179,0.013921113689095127,0.007462686567164179,0.10344827586206896,0.2019900497512438,0.1368231858009436
NAB,NAB_data_art1_1.out,"1,1,1",n,abs_resid,0.4368060496635039,0.08155511907037946,0.06666666666666667,0.004975124378109453,0.009259259259259259,0.004975124378109453,0.06896551724137931,0.2019900497512438,0.10282385716094718
NAB,NAB_data_art1_2.out,"1,1,1",n,abs_resid,0.513863583707256,0.1410859252573893,0.275,0.02736318407960199,0.049773755656108594,0.02736318407960199,0.2777777777777778,0.20218905472636817,0.23403128095271003
NAB,NAB_data_art1_3.out,"1,1,1",n,abs_resid,0.38459466240031587,0.07389906908199448,0.03225806451612903,0.0024875621890547263,0.004618937644341801,0.0024875621890547263,0.037037037037037035,0.2019900497512438,0.0625963613937712
NAB,NAB_data_art1_4.out,"1,1,1",n,abs_resid,0.5630733080258667,0.14028213704442768,0.14285714285714285,0.029850746268656716,0.04938271604938271,0.029850746268656716,0.13253012048192772,0.20217096336499324,0.16010549965810297
NAB,NAB_data_art1_5.out,"1,1,1",n,abs_resid,0.7432882432697356,0.31431473630115786,0.42276422764227645,0.12935323383084577,0.1980952380952381,0.12935323383084577,0.46153846153846156,0.20246387112058756,0.2814594437339101
NAB,NAB_data_tweets_1.out,"1,1,1",n,abs_resid,0.5924384940414835,0.16322762315957456,0.28688524590163933,0.022095959595959596,0.041031652989449004,0.022095959595959596,0.25757575757575757,0.20367564534231203,0.22747641878975902
NAB,NAB_data_tweets_10.out,"1,1,1",n,abs_resid,0.54576363628308,0.13004975551049114,0.23706896551724138,0.03481012658227848,0.06070640176600441,0.03481012658227848,0.22727272727272727,0.20458764863828155,0.21533437872947228
NAB,NAB_data_tweets_2.out,"1,1,1",n,abs_resid,0.5560203868323719,0.14440017436358618,0.34523809523809523,0.018401015228426396,0.03493975903614458,0.018401015228426396,0.32786885245901637,0.2029060913705584,0.2506771960809445
NAB,NAB_data_tweets_3.out,"1,1,1",n,abs_resid,0.5999385176288284,0.16789205387251002,0.3835616438356164,0.03522012578616352,0.06451612903225806,0.03522012578616352,0.3445378151260504,0.2021377629322019,0.25479134605755993
NAB,NAB_data_tweets_4.out,"1,1,1",n,abs_resid,0.5350321749000725,0.13155804193590503,0.3,0.02757715036112935,0.050511124473842456,0.02757715036112935,0.17857142857142858,0.2045286886189759,0.19067068096133805
NAB,NAB_data_tweets_5.out,"1,1,1",n,abs_resid,0.500019761827787,0.10625285888829866,0.16129032258064516,0.00949367088607595,0.017931858936043037,0.00949367088607595,0.1323529411764706,0.20168776371308017,0.1598246461344132
NAB,NAB_data_tweets_6.out,"1,1,1",n,abs_resid,0.5365381504061133,0.13259254613305657,0.285,0.03988803358992302,0.06998158379373849,0.03988803358992302,0.2112676056338028,0.20303121601822904,0.20706753983054818
NAB,NAB_data_tweets_7.out,"1,1,1",n,abs_resid,0.5396776949182628,0.12108483076236104,0.24561403508771928,0.02644836272040302,0.047754405912450254,0.02644836272040302,0.18691588785046728,0.2022949902043101,0.19430159758493973
NAB,NAB_data_tweets_8.out,"1,1,1",n,abs_resid,0.548099192542274,0.14311760238771012,0.28378378378378377,0.013257575757575758,0.025331724969843185,0.013257575757575758,0.21052631578947367,0.20324675324675326,0.2068224993805237
NAB,NAB_data_tweets_9.out,"1,1,1",n,abs_resid,0.5912378620507606,0.1398999468882155,0.22821576763485477,0.034722222222222224,0.06027397260273973,0.034722222222222224,0.19811320754716982,0.2026722856268311,0.20036681601654513
NASA_SMAP,SMAPA-1_data.out,"1,1,1",n,abs_resid,0.48522982775810497,0.2585848658021727,0.5,0.011764705882352941,0.022988505747126436,0.011764705882352941,0.5,0.20941176470588235,0.29519071310116085
NASA_SMAP,SMAPA-2_data.out,"1,1,1",n,abs_resid,0.14607918183466048,0.025705149017897704,0.01639344262295082,0.018018018018018018,0.017167381974248927,0.018018018018018018,0.01639344262295082,0.20720720720720723,0.030383091149273452
NASA_SMAP,SMAPA-3_data.out,"1,1,1",n,abs_resid,0.35858854038862,0.06185785497587621,0.0847457627118644,0.053763440860215055,0.06578947368421052,0.053763440860215055,0.04807692307692308,0.20860215053763442,0.07814388141464594
NASA_SMAP,SMAPA-4_data.out,"1,1,1",n,abs_resid,0.22792035353209905,0.06131807286988169,0.11235955056179775,0.09009009009009009,0.1,0.09009009009009009,0.04878048780487805,0.21801801801801804,0.07972327458408829
NASA_SMAP,SMAPA-5_data.out,"1,1,1",n,abs_resid,0.9024043051085148,0.7669623042980388,0.95,0.37254901960784315,0.5352112676056338,0.37254901960784315,0.8571428571428571,0.2496732026143791,0.38670490973511046
NASA_SMAP,SMAPA-6_data.out,"1,1,1",n,abs_resid,0.8469141808371845,0.7608946012817525,0.8928571428571429,0.6097560975609756,0.7246376811594203,0.6097560975609756,0.9285714285714285,0.2813008130081301,0.43179418258615726
NASA_SMAP,SMAPA-7_data.out,"1,1,1",n,abs_resid,0.464471598578174,0.24564492265233956,0.009836065573770493,0.0012494793835901709,0.0022172949002217295,0.0012494793835901709,0.009836065573770493,0.20033319450229073,0.01875146191231125
NASA_SMAP,SMAPA-8_data.out,"1,1,1",n,abs_resid,0.3659771861526081,0.38261079967959144,0.0,0.0,0.0,0.0,0.0,0.0,0.0
NASA_SMAP,SMAPA-9_data.out,"1,1,1",n,abs_resid,0.34554697739448337,0.3810350167013559,0.0,0.0,0.0,0.0,0.0,0.0,0.0
NASA_SMAP,SMAPB-1_data.out,"1,1,1",n,abs_resid,0.5139608502640072,0.26954712695199873,0.5,0.014084507042253521,0.0273972602739726,0.014084507042253521,0.5,0.21126760563380284,0.297029702970297
NASA_MSL,SMAPC-1_data.out,"1,1,1",n,abs_resid,0.6168738834594367,0.2284072373350602,0.3157894736842105,0.019230769230769232,0.03625377643504532,0.019230769230769232,0.3157894736842105,0.2055936533548474,0.2490464620688719
NASA_MSL,SMAPC-2_data.out,"1,1,1",n,abs_resid,0.8092274367129639,0.2644851253514812,0.4,0.072992700729927,0.12345679012345678,0.072992700729927,0.25,0.22002200220022003,0.23405500292568754
NASA_SMAP,SMAPD-11_data.out,"1,1,1",n,abs_resid,0.6206441710968258,0.04386522202194749,0.3333333333333333,0.01639344262295082,0.03125,0.01639344262295082,0.5,0.21311475409836067,0.2988505747126437
NASA_SMAP,SMAPD-12_data.out,"1,1,1",n,abs_resid,0.5227922456885249,0.6781912399602203,0.8888888888888888,0.00291970802919708,0.005820298290287377,0.00291970802919708,0.8888888888888888,0.20029197080291972,0.3269196401977721
NASA_SMAP,SMAPD-13_data.out,"1,1,1",n,abs_resid,0.6209590486015324,0.5743907318001856,0.8,0.024844720496894408,0.04819277108433735,0.024844720496894408,0.8,0.20496894409937888,0.3263288009888752
NASA_MSL,SMAPD-14_data.out,"1,1,1",n,abs_resid,0.5266108805434647,0.4936822536822537,0.8,0.018018018018018018,0.03524229074889868,0.018018018018018018,0.8,0.22103766879886283,0.3463733815954337
NASA_MSL,SMAPD-15_data.out,"1,1,1",n,abs_resid,0.6786909050521546,0.44203579292008904,0.7323943661971831,0.0811232449297972,0.14606741573033707,0.0811232449297972,0.7323943661971831,0.20124804992199688,0.31573745028358946
NASA_MSL,SMAPD-16_data.out,"1,1,1",n,abs_resid,0.6014622857940831,0.3845875365903628,1.0,0.03379416282642089,0.06537890044576523,0.03379416282642089,1.0,0.2012288786482335,0.3350383631713555
NASA_SMAP,SMAPD-1_data.out,"1,1,1",n,abs_resid,0.4141228539283157,0.34175032721223697,0.3191489361702128,0.009205277692543725,0.017894422904861318,0.009205277692543725,0.345679012345679,0.2002630079340727,0.25360465478202965
NASA_SMAP,SMAPD-2_data.out,"1,1,1",n,abs_resid,0.5002457997119084,0.5789816269838315,0.6666666666666666,0.000474158368895211,0.0009476427386875149,0.000474158368895211,0.6666666666666666,0.20018966334755808,0.3079167122488422
NASA_SMAP,SMAPD-3_data.out,"1,1,1",n,abs_resid,0.7695946055146279,0.7283733527268921,0.0,0.0,0.0,0.0,0.0,0.0,0.0
NASA_SMAP,SMAPD-4_data.out,"1,1,1",n,abs_resid,0.9844364437740117,0.9583095480788546,0.0,0.0,0.0,0.0,0.0,0.0,0.0
NASA_SMAP,SMAPD-5_data.out,"1,1,1",n,abs_resid,0.904219943223429,0.4036070215953898,0.7142857142857143,0.09803921568627451,0.1724137931034483,0.09803921568627451,0.5,0.2784313725490196,0.35768261964735515
NASA_SMAP,SMAPD-6_data.out,"1,1,1",n,abs_resid,0.5466400229098336,0.07856357227717044,0.6666666666666666,0.024691358024691357,0.047619047619047616,0.024691358024691357,0.6666666666666666,0.20987654320987656,0.3192488262910798
NASA_SMAP,SMAPD-7_data.out,"1,1,1",n,abs_resid,0.5083075364777029,0.6591942199486776,0.8888888888888888,0.0029607698001480384,0.005901881224640354,0.0029607698001480384,0.8888888888888888,0.2002960769800148,0.3269251098660465
NASA_SMAP,SMAPD-8_data.out,"1,1,1",n,abs_resid,0.7709393868758037,0.6135105323198473,0.5,0.0196078431372549,0.03773584905660377,0.0196078431372549,0.5,0.21568627450980393,0.3013698630136986
NASA_SMAP,SMAPD-9_data.out,"1,1,1",n,abs_resid,0.5015703806228374,0.41295355460097966,0.6666666666666666,0.0017301038062283738,0.003451251078515962,0.0017301038062283738,0.6666666666666666,0.20069204152249137,0.30851063829787234
NASA_SMAP,SMAPE-10_data.out,"1,1,1",n,abs_resid,0.7388843178138589,0.07550676823270136,0.02564102564102564,0.018633540372670808,0.02158273381294964,0.018633540372670808,0.02564102564102564,0.20931915201504958,0.045685679994946625
NASA_SMAP,SMAPE-11_data.out,"1,1,1",n,abs_resid,0.6075148323128923,0.049404093227206805,0.017094017094017096,0.013559322033898305,0.015122873345935728,0.013559322033898305,0.017094017094017096,0.20948248151719706,0.03160872501694537
NASA_SMAP,SMAPE-12_data.out,"1,1,1",n,abs_resid,0.4822552512034875,0.06880095549301019,0.05128205128205128,0.02058319039451115,0.02937576499388005,0.02058319039451115,0.05128205128205128,0.2085950169541501,0.08232492716056386
NASA_SMAP,SMAPE-13_data.out,"1,1,1",n,abs_resid,0.5091228365315041,0.032797283298518054,0.038314176245210725,0.03787878787878788,0.0380952380952381,0.03787878787878788,0.03543307086614173,0.21219376056991815,0.06072586328407171
NASA_SMAP,SMAPE-1_data.out,"1,1,1",n,abs_resid,0.48395035083027205,0.05484409134940838,0.03418803418803419,0.015748031496062992,0.0215633423180593,0.015748031496062992,0.03418803418803419,0.21374180022993172,0.058947419465088455
NASA_SMAP,SMAPE-2_data.out,"1,1,1",n,abs_resid,0.5129976120317663,0.17333162387299755,0.15813953488372093,0.024320457796852647,0.04215747055176689,0.024320457796852647,0.15492957746478872,0.2005895868556813,0.1748274807901706
NASA_SMAP,SMAPE-3_data.out,"1,1,1",n,abs_resid,0.5142092434408654,0.4216631307858954,0.8,0.0024898848428260194,0.004964318957493019,0.0024898848428260194,0.6666666666666666,0.2009959539371304,0.3088695984886529
NASA_SMAP,SMAPE-4_data.out,"1,1,1",n,abs_resid,0.5297056859990154,0.3526408204627909,0.36936936936936937,0.029160739687055477,0.05405405405405406,0.029160739687055477,0.36018957345971564,0.2003069551546006,0.2574448655962904
NASA_SMAP,SMAPE-5_data.out,"1,1,1",n,abs_resid,0.49683061954032554,0.056683039581175994,0.046610169491525424,0.03426791277258567,0.03949730700179533,0.03426791277258567,0.046610169491525424,0.20249221183800625,0.07577764824333635
NASA_SMAP,SMAPE-6_data.out,"1,1,1",n,abs_resid,0.5331625705684486,0.052840273742444474,0.6666666666666666,0.030303030303030304,0.057971014492753624,0.030303030303030304,0.6666666666666666,0.21212121212121213,0.3218390804597701
NASA_SMAP,SMAPE-7_data.out,"1,1,1",n,abs_resid,0.6634140741591092,0.09956534772479878,0.9285714285714286,0.046263345195729534,0.08813559322033898,0.046263345195729534,0.8888888888888888,0.20462633451957296,0.33267040318206476
NASA_SMAP,SMAPE-8_data.out,"1,1,1",n,abs_resid,0.4784156944148193,0.06937612795580346,0.06796116504854369,0.011235955056179775,0.01928374655647383,0.011235955056179775,0.06862745098039216,0.2012841091492777,0.10235660397159482
NASA_SMAP,SMAPE-9_data.out,"1,1,1",n,abs_resid,0.5147425416573952,0.07031524022801365,0.8571428571428571,0.017094017094017096,0.0335195530726257,0.017094017094017096,0.75,0.20455840455840457,0.32144456051335624
NASA_SMAP,SMAPF-1_data.out,"1,1,1",n,abs_resid,0.5562050134047944,0.013121078491839692,0.013513513513513514,0.0297029702970297,0.018575851393188854,0.0297029702970297,0.013888888888888888,0.20792079207920794,0.026038437693738373
NASA_SMAP,SMAPF-2_data.out,"1,1,1",n,abs_resid,0.33298314233298554,0.2848501653491311,0.36018957345971564,0.025701724721001015,0.047979797979797977,0.025701724721001015,0.30569948186528495,0.20034849796231866,0.24205780661522985
NASA_SMAP,SMAPF-3_data.out,"1,1,1",n,abs_resid,0.6351295594539629,0.1887411941797712,0.0,0.0,0.0,0.0,0.0,0.0,0.0
NASA_MSL,SMAPF-4_data.out,"1,1,1",n,abs_resid,0.4843624564456269,0.02765717509865403,0.041666666666666664,0.014084507042253521,0.021052631578947368,0.014084507042253521,0.041666666666666664,0.21126760563380284,0.06960556844547564
NASA_MSL,SMAPF-5_data.out,"1,1,1",n,abs_resid,0.6378005026158149,0.09433236263373528,0.32142857142857145,0.059602649006622516,0.1005586592178771,0.059602649006622516,0.13636363636363635,0.21589403973509935,0.16715091437361135
NASA_MSL,SMAPF-7_data.out,"1,1,1",n,abs_resid,0.6634582546544945,0.1274658427944108,0.043209876543209874,0.016548463356973995,0.023931623931623933,0.016548463356973995,0.043209876543209874,0.13686388991680717,0.06568276882065217
NASA_MSL,SMAPF-8_data.out,"1,1,1",n,abs_resid,0.4823788377978322,0.20427178543699148,0.23636363636363636,0.024208566108007448,0.04391891891891892,0.024208566108007448,0.16666666666666666,0.20276669326948657,0.1829528815918965
NASA_SMAP,SMAPG-1_data.out,"1,1,1",n,abs_resid,0.24104650195820648,0.010326165335297502,0.01282051282051282,0.008264462809917356,0.010050251256281407,0.008264462809917356,0.01282051282051282,0.2066115702479339,0.024142926122646062
NASA_SMAP,SMAPG-2_data.out,"1,1,1",n,abs_resid,0.8013128082100494,0.6434116750331237,0.5,0.024390243902439025,0.046511627906976744,0.024390243902439025,0.5,0.21951219512195125,0.30508474576271194
NASA_SMAP,SMAPG-3_data.out,"1,1,1",n,abs_resid,0.8240136176670261,0.6458139094754785,0.3333333333333333,0.0196078431372549,0.037037037037037035,0.0196078431372549,0.3333333333333333,0.21568627450980393,0.26190476190476186
NASA_SMAP,SMAPG-4_data.out,"1,1,1",n,abs_resid,0.49740908454320526,0.09146938643385284,0.6,0.0967741935483871,0.16666666666666666,0.0967741935483871,0.5,0.2774193548387097,0.35684647302904565
NASA_SMAP,SMAPG-6_data.out,"1,1,1",n,abs_resid,0.9678516393623201,0.48206575371621363,0.3333333333333333,0.009900990099009901,0.019230769230769232,0.009900990099009901,0.5,0.20792079207920794,0.29370629370629375
NASA_SMAP,SMAPG-7_data.out,"1,1,1",n,abs_resid,0.8337044964585653,0.3559436019992295,0.3490566037735849,0.13805970149253732,0.19786096256684493,0.13805970149253732,0.27631578947368424,0.2838643986102465,0.28003923406770287
NASA_MSL,SMAPM-1_data.out,"1,1,1",n,abs_resid,0.4386811667551321,0.44986783905466243,0.05405405405405406,0.0017528483786152498,0.003395585738539898,0.0017528483786152498,0.05405405405405406,0.20070113935144612,0.08516968851696886
NASA_MSL,SMAPM-2_data.out,"1,1,1",n,abs_resid,0.58329694424214,0.6027899382128861,0.765625,0.04294478527607362,0.08132780082987552,0.04294478527607362,0.765625,0.20070113935144612,0.31803301920215404
NASA_MSL,SMAPM-3_data.out,"1,1,1",n,abs_resid,0.5505281645273915,0.12394455762619568,0.16326530612244897,0.03187250996015936,0.05333333333333334,0.03187250996015936,0.125,0.2063745019920319,0.15569582206191765
NASA_MSL,SMAPM-4_data.out,"1,1,1",n,abs_resid,0.5958259853702148,0.1353731484976308,0.07142857142857142,0.01195219123505976,0.020477815699658702,0.01195219123505976,0.07894736842105263,0.20318725099601595,0.1137123745819398
NASA_MSL,SMAPM-5_data.out,"1,1,1",n,abs_resid,0.4400242614528329,0.12473983366392212,0.26666666666666666,0.03986710963455149,0.06936416184971098,0.03986710963455149,0.2,0.2053156146179402,0.20262295081967216
NASA_MSL,SMAPM-6_data.out,"1,1,1",n,abs_resid,0.5807730074414093,0.20990440652916945,1.0,0.0055248618784530384,0.01098901098901099,0.0055248618784530384,1.0,0.20441988950276244,0.3394495412844037
NASA_MSL,SMAPM-7_data.out,"1,1,1",n,abs_resid,0.9415504324155043,0.5050843124938666,0.36363636363636365,0.039603960396039604,0.07142857142857142,0.039603960396039604,0.42857142857142855,0.21056105610561057,0.2823841841251107
NASA_MSL,SMAPP-10_data.out,"1,1,1",n,abs_resid,0.6625747021187075,0.1624210711632074,0.75,0.0916030534351145,0.16326530612244897,0.0916030534351145,0.6666666666666666,0.21221374045801528,0.3219455703532137
NASA_MSL,SMAPP-11_data.out,"1,1,1",n,abs_resid,0.7543315879659838,0.19076599302474342,0.21739130434782608,0.043859649122807015,0.072992700729927,0.043859649122807015,0.18604651162790697,0.20869699544295978,0.1967219082461936
NASA_MSL,SMAPP-14_data.out,"1,1,1",n,abs_resid,0.6462828292445248,0.14457596822806243,0.75,0.06629834254143646,0.1218274111675127,0.06629834254143646,0.6666666666666666,0.20883977900552486,0.3180479596129575
NASA_MSL,SMAPP-15_data.out,"1,1,1",n,abs_resid,0.613487864281515,0.05749967668351109,0.3333333333333333,0.047619047619047616,0.08333333333333333,0.047619047619047616,0.3333333333333333,0.2380952380952381,0.2777777777777778
NASA_SMAP,SMAPP-1_data.out,"1,1,1",n,abs_resid,0.2953444929587478,0.06531347133282994,0.09239130434782608,0.022636484687083888,0.03636363636363636,0.022636484687083888,0.09340659340659341,0.20329619944697683,0.12800152813001056
NASA_SMAP,SMAPP-2_data.out,"1,1,1",n,abs_resid,0.9806651389540538,0.9622652487468552,0.9947368421052631,0.16859946476360393,0.28832951945080093,0.16859946476360393,0.993103448275862,0.20093666369313115,0.33424487435289396
NASA_SMAP,SMAPP-3_data.out,"1,1,1",n,abs_resid,0.8146778958500493,0.683043705343671,1.0,0.22904191616766467,0.37271619975639464,0.22904191616766467,1.0,0.20177896633916634,0.33580046246577466
NASA_SMAP,SMAPP-4_data.out,"1,1,1",n,abs_resid,0.6473945294960665,0.2455888446123093,0.9583333333333334,0.05191873589164785,0.09850107066381156,0.05191873589164785,0.875,0.22704305307928419,0.3605352275290488
NASA_SMAP,SMAPP-7_data.out,"1,1,1",n,abs_resid,0.7097396838694947,0.4690337453522771,0.7180851063829787,0.08176862507571168,0.1468189233278956,0.08176862507571168,0.7209302325581395,0.2005275395166175,0.31377751662459913
NASA_SMAP,SMAPR-1_data.out,"1,1,1",n,abs_resid,0.5819066774904645,0.3555498497495174,0.5,0.012345679012345678,0.024096385542168676,0.012345679012345678,0.5,0.20987654320987656,0.2956521739130435
NASA_SMAP,SMAPS-1_data.out,"1,1,1",n,abs_resid,0.3908192544779062,0.11741530589700584,0.6590909090909091,0.06473214285714286,0.11788617886178862,0.06473214285714286,0.6511627906976745,0.20184948979591838,0.30817112504020794
NASA_MSL,SMAPS-2_data.out,"1,1,1",n,abs_resid,0.7721766119343212,0.6157623028312683,0.6666666666666666,0.18181818181818182,0.2857142857142857,0.18181818181818182,0.6666666666666666,0.27272727272727276,0.3870967741935484
NASA_MSL,SMAPT-12_data.out,"1,1,1",n,abs_resid,0.6809430578870321,0.14556767324523778,0.23529411764705882,0.03305785123966942,0.057971014492753624,0.03305785123966942,0.25,0.2066115702479339,0.22624434389140274
NASA_MSL,SMAPT-13_data.out,"1,1,1",n,abs_resid,0.6584568630023175,0.2654406393768642,0.2222222222222222,0.007936507936507936,0.01532567049808429,0.007936507936507936,0.25,0.20660940266212052,0.22624304433674386
NASA_SMAP,SMAPT-1_data.out,"1,1,1",n,abs_resid,0.49074538198370077,0.18114887060781215,0.23195876288659795,0.029296875,0.05202312138728324,0.029296875,0.19047619047619047,0.23369462365591398,0.20988366085405508
NASA_SMAP,SMAPT-2_data.out,"1,1,1",n,abs_resid,0.489920634920635,0.2084111964559733,0.23255813953488372,0.028011204481792718,0.05,0.028011204481792718,0.20454545454545456,0.2006224712107065,0.20256497100179122
NASA_SMAP,SMAPT-3_data.out,"1,1,1",n,abs_resid,0.5580748116114664,0.2099499393335304,0.9375,0.08152173913043478,0.15,0.08152173913043478,0.6666666666666666,0.26541810807586785,0.37967663495584664
NASA_MSL,SMAPT-4_data.out,"1,1,1",n,abs_resid,0.45032790867136263,0.06431396720143734,0.041916167664670656,0.10144927536231885,0.059322033898305086,0.10144927536231885,0.03773584905660377,0.2135265700483092,0.06413698033809764
NASA_MSL,SMAPT-5_data.out,"1,1,1",n,abs_resid,0.767634053902302,0.5962729501602879,0.8,0.15384615384615385,0.25806451612903225,0.15384615384615385,0.6666666666666666,0.26153846153846155,0.3756906077348066
NASA_MSL,SMAPT-8_data.out,"1,1,1",n,abs_resid,0.41918856462839194,0.06995540194337282,0.23076923076923078,0.058823529411764705,0.09375,0.058823529411764705,0.23076923076923078,0.21631347461015596,0.22330764997248212
NASA_MSL,SMAPT-9_data.out,"1,1,1",n,abs_resid,0.8890098722415796,0.5573095187180911,0.7916666666666666,0.16964285714285715,0.27941176470588236,0.16964285714285715,0.8,0.21907606531262447,0.3439602954394466
SensorScope,stb-10.test.out,"1,1,1",n,abs_resid,0.5041956123826244,0.24482376261600872,0.47530864197530864,0.01998961578400831,0.038365719980069754,0.01998961578400831,0.5,0.06043446709202941,0.10783502914374718
SensorScope,stb-11.test.out,"1,1,1",n,abs_resid,0.5837199190836758,0.23268760228558524,0.34615384615384615,0.007814761215629523,0.015284460798188508,0.007814761215629523,0.25925925925925924,0.10113150787834686,0.14550472548760374
SensorScope,stb-12.test.out,"1,1,1",n,abs_resid,0.5075445688622526,0.2637255817780741,0.4175824175824176,0.009150012039489525,0.017907634307257305,0.009150012039489525,0.32653061224489793,0.15281311217740387,0.20819364700548654
SensorScope,stb-13.test.out,"1,1,1",n,abs_resid,0.48794539439726714,0.2439274672266483,0.18518518518518517,0.004815795810257645,0.009387467730579677,0.004815795810257645,0.24489795918367346,0.12680155985873887,0.16708896105495494
SensorScope,stb-14.test.out,"1,1,1",n,abs_resid,0.47715989699501615,0.22689105413126376,0.07106598984771574,0.0033710570671803513,0.006436781609195402,0.0033710570671803513,0.08536585365853659,0.07658624219419914,0.08073807145234058
SensorScope,stb-15.test.out,"1,1,1",n,abs_resid,0.5247788590236628,0.27846378287604723,0.45323741007194246,0.014978601997146932,0.02899884925201381,0.014978601997146932,0.3333333333333333,0.15358974382960702,0.2102861157242035
SensorScope,stb-17.test.out,"1,1,1",n,abs_resid,0.6801489569964481,0.3647074309860949,0.7566765578635015,0.07877664504170528,0.14269725797425853,0.07877664504170528,0.784366576819407,0.1483934037000772,0.24957079744777608
SensorScope,stb-18.test.out,"1,1,1",n,abs_resid,0.5456001210248289,0.17437605956202262,0.36036036036036034,0.014321518080916577,0.027548209366391185,0.014321518080916577,0.2631578947368421,0.12246285721659744,0.1671438454768089
SensorScope,stb-19.test.out,"1,1,1",n,abs_resid,0.6789173831703109,0.4113003042030663,0.6741573033707865,0.010595090941197245,0.02086230876216968,0.010595090941197245,0.6111111111111112,0.11671045454444255,0.1959904980026141
SensorScope,stb-2.test.out,"1,1,1",n,abs_resid,0.6146207558253076,0.2724773967739714,0.38372093023255816,0.026211278792692614,0.04907063197026022,0.026211278792692614,0.23684210526315788,0.02932061978545888,0.052181291098069724
SensorScope,stb-20.test.out,"1,1,1",n,abs_resid,0.5565301748856155,0.2658293344387917,0.5428571428571428,0.01482444733420026,0.028860759493670885,0.01482444733420026,0.5441176470588235,0.17362473869924963,0.263248447261361
SensorScope,stb-25.test.out,"1,1,1",n,abs_resid,0.5357508836619055,0.20558849158101214,0.2733333333333333,0.013429413691451031,0.025600999063378083,0.013429413691451031,0.4444444444444444,0.11942562227757637,0.18826342265036797
SensorScope,stb-28.test.out,"1,1,1",n,abs_resid,0.5621526705773386,0.2610836311705758,0.8111888111888111,0.03823335530652604,0.07302486622599937,0.03823335530652604,0.5528846153846154,0.11379273966030323,0.18873973931935772
SensorScope,stb-29.test.out,"1,1,1",n,abs_resid,0.6771237157961233,0.43045854297111064,0.8311688311688312,0.10364372469635627,0.18430525557955363,0.10364372469635627,0.760324171952079,0.16471623181154654,0.2707724593426141
SensorScope,stb-3.test.out,"1,1,1",n,abs_resid,0.4345388360216501,0.2039308965636571,0.20491803278688525,0.005949547834364588,0.01156336725254394,0.005949547834364588,0.3,0.17339653770752975,0.21976908223353708
SensorScope,stb-31.test.out,"1,1,1",n,abs_resid,0.5375314160614916,0.22966019412391644,0.7579617834394905,0.04234875444839858,0.08021570610043816,0.04234875444839858,0.47802197802197804,0.11907448784772133,0.19065670445734337
SensorScope,stb-32.test.out,"1,1,1",n,abs_resid,0.5473621102979727,0.2539866489644116,0.8299319727891157,0.04089842440496145,0.07795527156549521,0.04089842440496145,0.5054945054945055,0.14318973793759743,0.22316443324626473
SensorScope,stb-4.test.out,"1,1,1",n,abs_resid,0.586885933426629,0.23483180296099737,0.29775280898876405,0.01347914547304171,0.02579075425790754,0.01347914547304171,0.33093525179856115,0.17314450361721506,0.2273434681178098
SensorScope,stb-5.test.out,"1,1,1",n,abs_resid,0.6274931089432555,0.24096204984102662,0.29906542056074764,0.009688162276718135,0.0187683284457478,0.009688162276718135,0.23809523809523808,0.1182703196353353,0.1580377188665626
SensorScope,stb-6.test.out,"1,1,1",n,abs_resid,0.5953740730529982,0.3568362547018254,0.8992805755395683,0.03436898542755018,0.06620762711864407,0.03436898542755018,0.9224537037037037,0.12155824900722861,0.21480952726889388
SensorScope,stb-7.test.out,"1,1,1",n,abs_resid,0.7251598157363811,0.5492829475461484,0.9022556390977443,0.024024024024024024,0.046801872074883,0.024024024024024024,0.9737196765498651,0.028713146069406146,0.055781404344638005
SensorScope,stb-8.test.out,"1,1,1",n,abs_resid,0.5124726468808192,0.26169030576285296,0.3875,0.014674556213017751,0.028278221208665907,0.014674556213017751,0.3333333333333333,0.15367166852256114,0.21036288872728093
SensorScope,stb-9.test.out,"1,1,1",n,abs_resid,0.7830305543831193,0.6356367402720052,0.864406779661017,0.022536456031816175,0.04392764857881137,0.022536456031816175,0.8518518518518519,0.1013252408441333,0.18110820059319163
YAHOO,YahooA3Benchmark-TS100_data.out,"1,1,1",n,abs_resid,0.9940119760479041,0.30622859682457204,0.5,1.0,0.6666666666666666,1.0,0.5,1.0,0.6666666666666666
YAHOO,YahooA3Benchmark-TS10_data.out,"1,1,1",n,abs_resid,0.9947305389221557,0.32803994766843064,0.5,0.9,0.6428571428571429,0.9,0.5,0.9555555555555557,0.6564885496183206
YAHOO,YahooA3Benchmark-TS11_data.out,"1,1,1",n,abs_resid,0.9969259670395355,0.3655041387184244,0.5,1.0,0.6666666666666666,1.0,0.5,1.0000000000000002,0.6666666666666667
YAHOO,YahooA3Benchmark-TS12_data.out,"1,1,1",n,abs_resid,0.9924322827742144,0.3084793505301753,0.5,1.0,0.6666666666666666,1.0,0.5,1.0,0.6666666666666666
YAHOO,YahooA3Benchmark-TS13_data.out,"1,1,1",n,abs_resid,0.9946140035906643,0.3060823979941627,0.5,1.0,0.6666666666666666,1.0,0.5,1.0,0.6666666666666666
YAHOO,YahooA3Benchmark-TS14_data.out,"1,1,1",n,abs_resid,0.9921521521521521,0.32808463238457997,0.5,1.0,0.6666666666666666,1.0,0.5,1.0,0.6666666666666666
YAHOO,YahooA3Benchmark-TS15_data.out,"1,1,1",n,abs_resid,0.9967144563918757,0.3140512265512265,0.5,1.0,0.6666666666666666,1.0,0.5,1.0000000000000002,0.6666666666666667
YAHOO,YahooA3Benchmark-TS16_data.out,"1,1,1",n,abs_resid,0.9948799787219894,0.4497793368139966,0.36363636363636365,0.8888888888888888,0.5161290322580645,0.8888888888888888,0.2857142857142857,0.8888888888888888,0.43243243243243246
YAHOO,YahooA3Benchmark-TS17_data.out,"1,1,1",n,abs_resid,0.9994044073853484,0.25,0.3333333333333333,1.0,0.5,1.0,0.3333333333333333,1.0,0.5
YAHOO,YahooA3Benchmark-TS18_data.out,"1,1,1",n,abs_resid,0.993455235811351,0.31685745568712653,0.5,1.0,0.6666666666666666,1.0,0.4772727272727273,1.0000000000000002,0.6461538461538462
YAHOO,YahooA3Benchmark-TS19_data.out,"1,1,1",n,abs_resid,0.9940718562874251,0.3066831422791175,0.5,1.0,0.6666666666666666,1.0,0.5,1.0,0.6666666666666666
YAHOO,YahooA3Benchmark-TS1_data.out,"1,1,1",n,abs_resid,0.9960782177678523,0.5406351470557775,0.4583333333333333,1.0,0.6285714285714286,1.0,0.4230769230769231,1.0,0.5945945945945945
YAHOO,YahooA3Benchmark-TS20_data.out,"1,1,1",n,abs_resid,0.9928057553956835,0.306419167123838,0.5,1.0,0.6666666666666666,1.0,0.5,1.0000000000000002,0.6666666666666667
YAHOO,YahooA3Benchmark-TS21_data.out,"1,1,1",n,abs_resid,0.994404476418865,0.35148958500288585,0.5,1.0,0.6666666666666666,1.0,0.5,1.0000000000000002,0.6666666666666667
YAHOO,YahooA3Benchmark-TS22_data.out,"1,1,1",n,abs_resid,0.9976133651551312,0.3029761904761905,0.4,1.0,0.5714285714285714,1.0,0.41666666666666663,1.0,0.5882352941176471
YAHOO,YahooA3Benchmark-TS23_data.out,"1,1,1",n,abs_resid,0.9891491491491491,0.3260157904368948,0.4666666666666667,0.9333333333333333,0.6222222222222222,0.9333333333333333,0.4375,0.9333333333333335,0.5957446808510638
YAHOO,YahooA3Benchmark-TS24_data.out,"1,1,1",n,abs_resid,0.9958881578947368,0.32635975135975137,0.5,1.0,0.6666666666666666,1.0,0.5,1.0,0.6666666666666666
YAHOO,YahooA3Benchmark-TS25_data.out,"1,1,1",n,abs_resid,0.99880810488677,0.29166666666666663,0.3333333333333333,1.0,0.5,1.0,0.3333333333333333,1.0,0.5
YAHOO,YahooA3Benchmark-TS26_data.out,"1,1,1",n,abs_resid,0.9934092270820851,0.30633682193279715,0.4782608695652174,1.0,0.6470588235294118,1.0,0.4848484848484848,1.0,0.6530612244897959
YAHOO,YahooA3Benchmark-TS27_data.out,"1,1,1",n,abs_resid,0.9946140035906643,0.3060823979941627,0.42857142857142855,1.0,0.6,1.0,0.4444444444444444,1.0,0.6153846153846153
YAHOO,YahooA3Benchmark-TS28_data.out,"1,1,1",n,abs_resid,0.998212157330155,0.21666666666666667,0.2857142857142857,1.0,0.4444444444444444,1.0,0.2222222222222222,1.0,0.3636363636363636
YAHOO,YahooA3Benchmark-TS29_data.out,"1,1,1",n,abs_resid,0.9976133651551312,0.3029761904761905,0.3333333333333333,1.0,0.5,1.0,0.25,1.0,0.4
YAHOO,YahooA3Benchmark-TS2_data.out,"1,1,1",n,abs_resid,0.9911733774038461,0.3153713319129794,0.5,1.0,0.6666666666666666,1.0,0.5,1.0,0.6666666666666666
YAHOO,YahooA3Benchmark-TS30_data.out,"1,1,1",n,abs_resid,0.9952153110047847,0.30587814962814963,0.5,1.0,0.6666666666666666,1.0,0.5,1.0,0.6666666666666666
YAHOO,YahooA3Benchmark-TS31_data.out,"1,1,1",n,abs_resid,0.99581589958159,0.3055805305805306,0.3888888888888889,1.0,0.56,1.0,0.40476190476190477,1.0000000000000002,0.576271186440678
YAHOO,YahooA3Benchmark-TS32_data.out,"1,1,1",n,abs_resid,0.9933973589435774,0.36241230459915036,0.48,0.8571428571428571,0.6153846153846154,0.8571428571428571,0.4642857142857143,0.8571428571428573,0.6023166023166024
YAHOO,YahooA3Benchmark-TS33_data.out,"1,1,1",n,abs_resid,0.9976076555023924,0.4690073815073815,0.47058823529411764,1.0,0.64,1.0,0.4444444444444444,1.0,0.6153846153846153
YAHOO,YahooA3Benchmark-TS34_data.out,"1,1,1",n,abs_resid,1.0,1.0,0.09090909090909091,1.0,0.16666666666666666,1.0,0.05,1.0,0.09523809523809523
YAHOO,YahooA3Benchmark-TS35_data.out,"1,1,1",n,abs_resid,0.998211091234347,0.30000000000000004,0.5,1.0,0.6666666666666666,1.0,0.5,1.0000000000000002,0.6666666666666667
YAHOO,YahooA3Benchmark-TS36_data.out,"1,1,1",n,abs_resid,0.9976133651551312,0.3029761904761905,0.36363636363636365,1.0,0.5333333333333333,1.0,0.37499999999999994,1.0,0.5454545454545454
YAHOO,YahooA3Benchmark-TS37_data.out,"1,1,1",n,abs_resid,0.9955089820359281,0.364167043182136,0.5,1.0,0.6666666666666666,1.0,0.5,1.0,0.6666666666666666
YAHOO,YahooA3Benchmark-TS38_data.out,"1,1,1",n,abs_resid,0.998211091234347,0.30000000000000004,0.3333333333333333,1.0,0.5,1.0,0.3333333333333333,1.0000000000000002,0.5
YAHOO,YahooA3Benchmark-TS39_data.out,"1,1,1",n,abs_resid,0.9939048760991207,0.3340421926453021,0.46153846153846156,1.0,0.631578947368421,1.0,0.42857142857142855,1.0000000000000002,0.6
YAHOO,YahooA3Benchmark-TS3_data.out,"1,1,1",n,abs_resid,0.996415770609319,0.30512265512265513,0.42857142857142855,1.0,0.6,1.0,0.4444444444444444,1.0000000000000002,0.6153846153846154
YAHOO,YahooA3Benchmark-TS40_data.out,"1,1,1",n,abs_resid,0.9264071856287426,0.3289514043635743,0.5,0.9,0.6428571428571429,0.9,0.4722222222222222,0.9555555555555557,0.6320795503674881
YAHOO,YahooA3Benchmark-TS41_data.out,"1,1,1",n,abs_resid,0.992282627336649,0.31620404999695617,0.5,1.0,0.6666666666666666,1.0,0.5,1.0000000000000002,0.6666666666666667
YAHOO,YahooA3Benchmark-TS42_data.out,"1,1,1",n,abs_resid,0.9915865384615385,0.32449033644202185,0.5,1.0,0.6666666666666666,1.0,0.48333333333333334,1.0,0.6516853932584269
YAHOO,YahooA3Benchmark-TS43_data.out,"1,1,1",n,abs_resid,0.9932732732732732,0.519993611208966,0.44,0.7333333333333333,0.55,0.7333333333333333,0.40625,0.7333333333333333,0.5228519195612431
YAHOO,YahooA3Benchmark-TS44_data.out,"1,1,1",n,abs_resid,0.9913611778846154,0.31868374353494017,0.5,1.0,0.6666666666666666,1.0,0.48333333333333334,1.0,0.6516853932584269
YAHOO,YahooA3Benchmark-TS45_data.out,"1,1,1",n,abs_resid,0.9949850746268657,0.595291273054431,0.3076923076923077,0.8,0.4444444444444444,0.8,0.2222222222222222,0.8,0.3478260869565218
YAHOO,YahooA3Benchmark-TS46_data.out,"1,1,1",n,abs_resid,0.998211091234347,0.30000000000000004,0.3333333333333333,1.0,0.5,1.0,0.29166666666666663,1.0000000000000002,0.4516129032258064
YAHOO,YahooA3Benchmark-TS47_data.out,"1,1,1",n,abs_resid,0.9925125125125125,0.3397483829139172,0.48148148148148145,0.8666666666666667,0.6190476190476191,0.8666666666666667,0.4666666666666667,0.8666666666666667,0.6066666666666666
YAHOO,YahooA3Benchmark-TS48_data.out,"1,1,1",n,abs_resid,0.9951086705735775,0.46105296180390404,0.48,0.9230769230769231,0.631578947368421,0.9230769230769231,0.46153846153846156,0.9230769230769232,0.6153846153846155
YAHOO,YahooA3Benchmark-TS49_data.out,"1,1,1",n,abs_resid,0.9898587740384616,0.38985345825268264,0.5,0.9375,0.6521739130434783,0.9375,0.5,0.9375,0.6521739130434783
YAHOO,YahooA3Benchmark-TS4_data.out,"1,1,1",n,abs_resid,0.996415770609319,0.30512265512265513,0.46153846153846156,1.0,0.631578947368421,1.0,0.47222222222222215,1.0000000000000002,0.6415094339622641
YAHOO,YahooA3Benchmark-TS50_data.out,"1,1,1",n,abs_resid,0.9954743403637606,0.291741241951326,0.3333333333333333,0.7142857142857143,0.45454545454545453,0.7142857142857143,0.25,0.7142857142857143,0.37037037037037035
YAHOO,YahooA3Benchmark-TS51_data.out,"1,1,1",n,abs_resid,0.9926630058603664,0.3113244221252468,0.5,1.0,0.6666666666666666,1.0,0.5,1.0,0.6666666666666666
YAHOO,YahooA3Benchmark-TS52_data.out,"1,1,1",n,abs_resid,0.9965153325368379,0.3071067821067821,0.5,1.0,0.6666666666666666,1.0,0.5,1.0000000000000002,0.6666666666666667
YAHOO,YahooA3Benchmark-TS53_data.out,"1,1,1",n,abs_resid,0.9913113113113113,0.308645690506548,0.5,1.0,0.6666666666666666,1.0,0.5,1.0,0.6666666666666666
YAHOO,YahooA3Benchmark-TS54_data.out,"1,1,1",n,abs_resid,0.9664212740384615,0.3136550330918574,0.5,0.9375,0.6521739130434783,0.9375,0.5,0.9733333333333334,0.6606334841628959
YAHOO,YahooA3Benchmark-TS55_data.out,"1,1,1",n,abs_resid,0.9934052757793765,0.3199958200532386,0.5,1.0,0.6666666666666666,1.0,0.5,1.0000000000000002,0.6666666666666667
YAHOO,YahooA3Benchmark-TS56_data.out,"1,1,1",n,abs_resid,0.9994044073853484,0.25,0.16666666666666666,1.0,0.2857142857142857,1.0,0.1,1.0,0.18181818181818182
YAHOO,YahooA3Benchmark-TS57_data.out,"1,1,1",n,abs_resid,0.9947469911563269,0.3074712868830516,0.5,1.0,0.6666666666666666,1.0,0.5,1.0,0.6666666666666666
YAHOO,YahooA3Benchmark-TS58_data.out,"1,1,1",n,abs_resid,0.9986086265156032,0.34444444444444444,0.3333333333333333,1.0,0.5,1.0,0.26666666666666666,1.0000000000000002,0.4210526315789474
YAHOO,YahooA3Benchmark-TS59_data.out,"1,1,1",n,abs_resid,0.9945530802331282,0.3363205914078416,0.5,1.0,0.6666666666666666,1.0,0.5,1.0,0.6666666666666666
YAHOO,YahooA3Benchmark-TS5_data.out,"1,1,1",n,abs_resid,0.99880810488677,0.29166666666666663,0.3333333333333333,1.0,0.5,1.0,0.3333333333333333,1.0,0.5
YAHOO,YahooA3Benchmark-TS60_data.out,"1,1,1",n,abs_resid,0.9928057553956835,0.306419167123838,0.5,1.0,0.6666666666666666,1.0,0.5,1.0000000000000002,0.6666666666666667
YAHOO,YahooA3Benchmark-TS61_data.out,"1,1,1",n,abs_resid,0.9952932490424992,0.4329768561929687,0.5,1.0,0.6666666666666666,1.0,0.5,1.0,0.6666666666666666
YAHOO,YahooA3Benchmark-TS62_data.out,"1,1,1",n,abs_resid,0.9933053557154277,0.31280444850911937,0.5,1.0,0.6666666666666666,1.0,0.5,1.0000000000000002,0.6666666666666667
YAHOO,YahooA3Benchmark-TS63_data.out,"1,1,1",n,abs_resid,0.994251497005988,0.3099154655114408,0.5,1.0,0.6666666666666666,1.0,0.5,1.0,0.6666666666666666
YAHOO,YahooA3Benchmark-TS64_data.out,"1,1,1",n,abs_resid,0.9952153110047847,0.30587814962814963,0.5,1.0,0.6666666666666666,1.0,0.5,1.0,0.6666666666666666
YAHOO,YahooA3Benchmark-TS65_data.out,"1,1,1",n,abs_resid,0.99581589958159,0.3055805305805306,0.4375,1.0,0.6086956521739131,1.0,0.4523809523809524,1.0000000000000002,0.6229508196721313
YAHOO,YahooA3Benchmark-TS66_data.out,"1,1,1",n,abs_resid,0.9988088147706968,0.16666666666666666,0.25,1.0,0.4,1.0,0.16666666666666666,1.0,0.2857142857142857
YAHOO,YahooA3Benchmark-TS67_data.out,"1,1,1",n,abs_resid,0.9933143028846154,0.42599621970277546,0.5,1.0,0.6666666666666666,1.0,0.5,1.0,0.6666666666666666
YAHOO,YahooA3Benchmark-TS68_data.out,"1,1,1",n,abs_resid,0.9935021033653846,0.3962595525258926,0.5,1.0,0.6666666666666666,1.0,0.5,1.0,0.6666666666666666
YAHOO,YahooA3Benchmark-TS69_data.out,"1,1,1",n,abs_resid,0.9979506446930236,0.47049577406720267,0.4666666666666667,1.0,0.6363636363636364,1.0,0.4375,1.0000000000000002,0.6086956521739131
YAHOO,YahooA3Benchmark-TS6_data.out,"1,1,1",n,abs_resid,0.996415770609319,0.30512265512265513,0.46153846153846156,1.0,0.631578947368421,1.0,0.47222222222222215,1.0000000000000002,0.6415094339622641
YAHOO,YahooA3Benchmark-TS70_data.out,"1,1,1",n,abs_resid,0.9958108916816277,0.3552335039306143,0.47368421052631576,1.0,0.6428571428571429,1.0,0.45,1.0,0.6206896551724138
YAHOO,YahooA3Benchmark-TS71_data.out,"1,1,1",n,abs_resid,0.9908728966346154,0.31109573954116987,0.5,1.0,0.6666666666666666,1.0,0.5,1.0,0.6666666666666666
YAHOO,YahooA3Benchmark-TS72_data.out,"1,1,1",n,abs_resid,0.9959629186602871,0.33399942528232,0.4117647058823529,0.875,0.56,0.875,0.35,0.8750000000000001,0.5
YAHOO,YahooA3Benchmark-TS73_data.out,"1,1,1",n,abs_resid,0.9948348348348348,0.5353443079328327,0.4444444444444444,0.8,0.5714285714285714,0.8,0.4117647058823529,0.8000000000000002,0.5436893203883495
YAHOO,YahooA3Benchmark-TS74_data.out,"1,1,1",n,abs_resid,0.996415770609319,0.30512265512265513,0.35294117647058826,1.0,0.5217391304347826,1.0,0.3611111111111111,1.0000000000000002,0.5306122448979591
YAHOO,YahooA3Benchmark-TS75_data.out,"1,1,1",n,abs_resid,0.9936117304064483,0.37255106751556477,0.48148148148148145,0.9285714285714286,0.6341463414634146,0.9285714285714286,0.4642857142857143,0.9285714285714286,0.6190476190476191
YAHOO,YahooA3Benchmark-TS76_data.out,"1,1,1",n,abs_resid,0.9970149253731343,0.30436507936507934,0.5,1.0,0.6666666666666666,1.0,0.5,1.0,0.6666666666666666
YAHOO,YahooA3Benchmark-TS77_data.out,"1,1,1",n,abs_resid,0.9911733774038461,0.31793924466043555,0.5,1.0,0.6666666666666666,1.0,0.5,1.0,0.6666666666666666
YAHOO,YahooA3Benchmark-TS78_data.out,"1,1,1",n,abs_resid,0.9929929929929929,0.35046285975439434,0.5,1.0,0.6666666666666666,1.0,0.5,1.0,0.6666666666666666
YAHOO,YahooA3Benchmark-TS79_data.out,"1,1,1",n,abs_resid,0.9970149253731343,0.30436507936507934,0.45454545454545453,1.0,0.625,1.0,0.4166666666666667,1.0,0.5882352941176471
YAHOO,YahooA3Benchmark-TS7_data.out,"1,1,1",n,abs_resid,0.9970149253731343,0.30436507936507934,0.45454545454545453,1.0,0.625,1.0,0.4666666666666666,1.0,0.6363636363636364
YAHOO,YahooA3Benchmark-TS80_data.out,"1,1,1",n,abs_resid,0.9938627659083568,0.3471926484584648,0.48,0.9230769230769231,0.631578947368421,0.9230769230769231,0.46153846153846156,0.9230769230769232,0.6153846153846155
YAHOO,YahooA3Benchmark-TS81_data.out,"1,1,1",n,abs_resid,0.9961031175059952,0.5208045347730197,0.48,1.0,0.6486486486486487,1.0,0.46153846153846156,1.0000000000000002,0.6315789473684211
YAHOO,YahooA3Benchmark-TS82_data.out,"1,1,1",n,abs_resid,0.9956451199726752,0.2941431351095216,0.3684210526315789,1.0,0.5384615384615384,1.0,0.2916666666666667,1.0000000000000002,0.45161290322580644
YAHOO,YahooA3Benchmark-TS83_data.out,"1,1,1",n,abs_resid,0.9934052757793765,0.31553646934775786,0.5,1.0,0.6666666666666666,1.0,0.5,1.0000000000000002,0.6666666666666667
YAHOO,YahooA3Benchmark-TS84_data.out,"1,1,1",n,abs_resid,0.9976119402985074,0.34793650793650793,0.35714285714285715,1.0,0.5263157894736842,1.0,0.2777777777777778,1.0,0.4347826086956522
YAHOO,YahooA3Benchmark-TS85_data.out,"1,1,1",n,abs_resid,0.9953648325358851,0.3078622766122766,0.5,1.0,0.6666666666666666,1.0,0.5,1.0,0.6666666666666666
YAHOO,YahooA3Benchmark-TS86_data.out,"1,1,1",n,abs_resid,0.9928937289465184,0.3199895487083301,0.5,1.0,0.6666666666666666,1.0,0.5,1.0,0.6666666666666666
YAHOO,YahooA3Benchmark-TS87_data.out,"1,1,1",n,abs_resid,0.9956451199726752,0.29672064047064045,0.46153846153846156,0.8571428571428571,0.6,0.8571428571428571,0.42857142857142855,0.8571428571428573,0.5714285714285715
YAHOO,YahooA3Benchmark-TS88_data.out,"1,1,1",n,abs_resid,0.9472422062350121,0.26178895255800105,0.36363636363636365,0.6666666666666666,0.47058823529411764,0.6666666666666666,0.2857142857142857,0.6666666666666666,0.4
YAHOO,YahooA3Benchmark-TS89_data.out,"1,1,1",n,abs_resid,0.9685731435431316,0.30396769568874676,0.5,0.9285714285714286,0.65,0.9285714285714286,0.4807692307692308,0.9692307692307692,0.642725974290961
YAHOO,YahooA3Benchmark-TS8_data.out,"1,1,1",n,abs_resid,0.9976133651551312,0.3029761904761905,0.36363636363636365,1.0,0.5333333333333333,1.0,0.37499999999999994,1.0,0.5454545454545454
YAHOO,YahooA3Benchmark-TS90_data.out,"1,1,1",n,abs_resid,0.9940119760479041,0.30622859682457204,0.5,1.0,0.6666666666666666,1.0,0.5,1.0,0.6666666666666666
YAHOO,YahooA3Benchmark-TS91_data.out,"1,1,1",n,abs_resid,0.9972537313432835,0.31579365079365074,0.5,1.0,0.6666666666666666,1.0,0.5,1.0,0.6666666666666666
YAHOO,YahooA3Benchmark-TS92_data.out,"1,1,1",n,abs_resid,0.9953648325358853,0.3047633835462783,0.4666666666666667,0.875,0.6086956521739131,0.875,0.4375,0.8750000000000001,0.5833333333333334
YAHOO,YahooA3Benchmark-TS93_data.out,"1,1,1",n,abs_resid,0.9963563563563563,0.5295271272662113,0.5,1.0,0.6666666666666666,1.0,0.48214285714285715,1.0,0.6506024096385542
YAHOO,YahooA3Benchmark-TS94_data.out,"1,1,1",n,abs_resid,0.998211091234347,0.30000000000000004,0.3333333333333333,1.0,0.5,1.0,0.3333333333333333,1.0000000000000002,0.5
YAHOO,YahooA3Benchmark-TS95_data.out,"1,1,1",n,abs_resid,0.9936147836538461,0.3908161689443738,0.5,1.0,0.6666666666666666,1.0,0.5,1.0,0.6666666666666666
YAHOO,YahooA3Benchmark-TS96_data.out,"1,1,1",n,abs_resid,0.9970149253731343,0.30436507936507934,0.4166666666666667,1.0,0.5882352941176471,1.0,0.38888888888888884,1.0,0.5599999999999999
YAHOO,YahooA3Benchmark-TS97_data.out,"1,1,1",n,abs_resid,0.9940119760479041,0.30622859682457204,0.5,1.0,0.6666666666666666,1.0,0.5,1.0,0.6666666666666666
YAHOO,YahooA3Benchmark-TS98_data.out,"1,1,1",n,abs_resid,0.9925707166259056,0.309790539341364,0.5,1.0,0.6666666666666666,1.0,0.5,1.0,0.6666666666666666
YAHOO,YahooA3Benchmark-TS99_data.out,"1,1,1",n,abs_resid,0.9934092270820851,0.30633682193279715,0.5,1.0,0.6666666666666666,1.0,0.5,1.0,0.6666666666666666
YAHOO,YahooA3Benchmark-TS9_data.out,"1,1,1",n,abs_resid,0.9940119760479041,0.30622859682457204,0.5,1.0,0.6666666666666666,1.0,0.5,1.0,0.6666666666666666
YAHOO,YahooA4Benchmark-TS100_data.out,"1,1,1",n,abs_resid,0.9959012893860473,0.3038209806066949,0.35,1.0,0.5185185185185185,1.0,0.35714285714285715,1.0000000000000002,0.5263157894736842
YAHOO,YahooA4Benchmark-TS10_data.out,"1,1,1",n,abs_resid,0.9976133651551312,0.38095238095238093,0.19047619047619047,1.0,0.32,1.0,0.11458333333333333,1.0,0.205607476635514
YAHOO,YahooA4Benchmark-TS11_data.out,"1,1,1",n,abs_resid,0.9503283582089552,0.1876962378986966,0.375,0.6,0.46153846153846156,0.6,0.38888888888888884,0.6000000000000001,0.47191011235955055
YAHOO,YahooA4Benchmark-TS12_data.out,"1,1,1",n,abs_resid,0.9425671641791045,0.1460773576703193,0.16666666666666666,0.4,0.23529411764705882,0.4,0.09259259259259259,0.4,0.15037593984962405
YAHOO,YahooA4Benchmark-TS13_data.out,"1,1,1",n,abs_resid,0.9929257417252616,0.33488061153066057,0.5,1.0,0.6666666666666666,1.0,0.5,1.0000000000000002,0.6666666666666667
YAHOO,YahooA4Benchmark-TS14_data.out,"1,1,1",n,abs_resid,0.9961871561631896,0.44450222592515076,0.4583333333333333,1.0,0.6285714285714286,1.0,0.4230769230769231,1.0,0.5945945945945945
YAHOO,YahooA4Benchmark-TS15_data.out,"1,1,1",n,abs_resid,0.9970077797725913,0.43597575264241933,0.47058823529411764,0.8888888888888888,0.6153846153846154,0.8888888888888888,0.4583333333333333,0.8888888888888888,0.604810996563574
YAHOO,YahooA4Benchmark-TS16_data.out,"1,1,1",n,abs_resid,0.9988088147706968,0.16666666666666666,0.3333333333333333,1.0,0.5,1.0,0.3333333333333333,1.0,0.5
YAHOO,YahooA4Benchmark-TS17_data.out,"1,1,1",n,abs_resid,0.9950898203592815,0.3427738352119157,0.45,0.9,0.6,0.9,0.4333333333333334,0.9,0.5850000000000001
YAHOO,YahooA4Benchmark-TS18_data.out,"1,1,1",n,abs_resid,0.9994044073853484,0.25,0.038461538461538464,1.0,0.07407407407407407,1.0,0.020833333333333332,1.0,0.04081632653061225
YAHOO,YahooA4Benchmark-TS19_data.out,"1,1,1",n,abs_resid,0.994404476418865,0.35865823186164075,0.4090909090909091,0.75,0.5294117647058824,0.75,0.3611111111111111,0.75,0.48749999999999993
YAHOO,YahooA4Benchmark-TS1_data.out,"1,1,1",n,abs_resid,0.9874025194961008,0.4293182995775149,0.42105263157894735,0.6153846153846154,0.5,0.6153846153846154,0.36363636363636365,0.6153846153846154,0.4571428571428572
YAHOO,YahooA4Benchmark-TS20_data.out,"1,1,1",n,abs_resid,0.9934474643532831,0.4051000767626526,0.5,0.8461538461538461,0.6285714285714286,0.8461538461538461,0.5,0.8461538461538461,0.6285714285714286
YAHOO,YahooA4Benchmark-TS21_data.out,"1,1,1",n,abs_resid,0.9937243320566655,0.42704117325668,0.5,1.0,0.6666666666666666,1.0,0.5,1.0,0.6666666666666666
YAHOO,YahooA4Benchmark-TS22_data.out,"1,1,1",n,abs_resid,0.879940119760479,0.09857017410500504,0.3333333333333333,0.3,0.3157894736842105,0.3,0.29166666666666663,0.30000000000000004,0.295774647887324
YAHOO,YahooA4Benchmark-TS23_data.out,"1,1,1",n,abs_resid,0.9976133651551312,0.3029761904761905,0.3333333333333333,1.0,0.5,1.0,0.3333333333333333,1.0,0.5
YAHOO,YahooA4Benchmark-TS24_data.out,"1,1,1",n,abs_resid,0.9950794600704834,0.3428367720183577,0.375,0.6666666666666666,0.48,0.6666666666666666,0.31481481481481477,0.6666666666666667,0.42767295597484273
YAHOO,YahooA4Benchmark-TS25_data.out,"1,1,1",n,abs_resid,0.8763549212920093,0.09363656194225667,0.15384615384615385,0.5454545454545454,0.24,0.5454545454545454,0.11290322580645161,0.5454545454545455,0.1870824053452116
YAHOO,YahooA4Benchmark-TS26_data.out,"1,1,1",n,abs_resid,0.9895709177592372,0.14603174603174604,0.029411764705882353,0.5,0.05555555555555555,0.5,0.010416666666666666,0.5,0.020408163265306124
YAHOO,YahooA4Benchmark-TS27_data.out,"1,1,1",n,abs_resid,0.8843643643643643,0.2863473919314655,0.3888888888888889,0.4666666666666667,0.42424242424242425,0.4666666666666667,0.3484848484848485,0.46666666666666673,0.39900867410161095
YAHOO,YahooA4Benchmark-TS28_data.out,"1,1,1",n,abs_resid,0.9848121502797761,0.3837323496387179,0.34615384615384615,0.75,0.47368421052631576,0.75,0.2647058823529412,0.75,0.39130434782608703
YAHOO,YahooA4Benchmark-TS29_data.out,"1,1,1",n,abs_resid,0.9930543646029841,0.33712091754142215,0.48148148148148145,0.9285714285714286,0.6341463414634146,0.9285714285714286,0.4642857142857143,0.9285714285714286,0.6190476190476191
YAHOO,YahooA4Benchmark-TS2_data.out,"1,1,1",n,abs_resid,0.9970149253731343,0.30436507936507934,0.4166666666666667,1.0,0.5882352941176471,1.0,0.4333333333333333,1.0,0.6046511627906976
YAHOO,YahooA4Benchmark-TS30_data.out,"1,1,1",n,abs_resid,0.9972537313432835,0.31579365079365074,0.4166666666666667,1.0,0.5882352941176471,1.0,0.35714285714285715,1.0,0.5263157894736842
YAHOO,YahooA4Benchmark-TS31_data.out,"1,1,1",n,abs_resid,0.9301909307875894,0.1521746933392224,0.2857142857142857,0.5,0.36363636363636365,0.5,0.2222222222222222,0.5,0.30769230769230765
YAHOO,YahooA4Benchmark-TS32_data.out,"1,1,1",n,abs_resid,0.9436788496105452,0.20431703870470416,0.4375,0.6363636363636364,0.5185185185185185,0.6363636363636364,0.3888888888888889,0.6363636363636365,0.48275862068965525
YAHOO,YahooA4Benchmark-TS33_data.out,"1,1,1",n,abs_resid,0.9985083532219571,0.39017857142857143,0.2,1.0,0.3333333333333333,1.0,0.125,1.0,0.2222222222222222
YAHOO,YahooA4Benchmark-TS34_data.out,"1,1,1",n,abs_resid,0.9952900717703349,0.30674620518370516,0.47058823529411764,1.0,0.64,1.0,0.47916666666666663,1.0,0.647887323943662
YAHOO,YahooA4Benchmark-TS35_data.out,"1,1,1",n,abs_resid,0.9804656274980017,0.2608615246818028,0.2916666666666667,0.5833333333333334,0.3888888888888889,0.5833333333333334,0.23529411764705882,0.5833333333333334,0.3353293413173653
YAHOO,YahooA4Benchmark-TS36_data.out,"1,1,1",n,abs_resid,0.9784984984984985,0.6338702644690493,0.5,0.8,0.6153846153846154,0.8,0.5,0.8000000000000002,0.6153846153846154
YAHOO,YahooA4Benchmark-TS37_data.out,"1,1,1",n,abs_resid,0.998211091234347,0.30000000000000004,0.3,1.0,0.46153846153846156,1.0,0.25,1.0000000000000002,0.4
YAHOO,YahooA4Benchmark-TS38_data.out,"1,1,1",n,abs_resid,0.9292506150674912,0.27710620520315493,0.3,0.6666666666666666,0.41379310344827586,0.6666666666666666,0.17361111111111108,0.6666666666666667,0.2754820936639118
YAHOO,YahooA4Benchmark-TS39_data.out,"1,1,1",n,abs_resid,0.99365234375,0.39816283382722256,0.4838709677419355,0.9375,0.6382978723404256,0.9375,0.46875,0.9375,0.625
YAHOO,YahooA4Benchmark-TS3_data.out,"1,1,1",n,abs_resid,0.9945240939864596,0.2713419084108739,0.3333333333333333,0.6666666666666666,0.4444444444444444,0.6666666666666666,0.2619047619047619,0.6666666666666666,0.376068376068376
YAHOO,YahooA4Benchmark-TS40_data.out,"1,1,1",n,abs_resid,0.9961170848267623,0.371292904626238,0.23809523809523808,0.8333333333333334,0.37037037037037035,0.8333333333333334,0.17647058823529413,0.8333333333333334,0.29126213592233013
YAHOO,YahooA4Benchmark-TS41_data.out,"1,1,1",n,abs_resid,0.9770199806192608,0.26625739406318455,0.3333333333333333,0.6153846153846154,0.43243243243243246,0.6153846153846154,0.2647058823529412,0.6153846153846154,0.37017994858611825
YAHOO,YahooA4Benchmark-TS42_data.out,"1,1,1",n,abs_resid,0.9976133651551312,0.30406746031746035,0.375,0.75,0.5,0.75,0.3333333333333333,0.7500000000000001,0.46153846153846145
YAHOO,YahooA4Benchmark-TS43_data.out,"1,1,1",n,abs_resid,0.9040252737077183,0.22697640034117966,0.47058823529411764,0.7272727272727273,0.5714285714285714,0.7272727272727273,0.4791666666666667,0.7272727272727273,0.5777080062794349
YAHOO,YahooA4Benchmark-TS44_data.out,"1,1,1",n,abs_resid,0.9837740384615384,0.3125265076471838,0.5,0.875,0.6363636363636364,0.875,0.4807692307692308,0.8750000000000001,0.6205673758865249
YAHOO,YahooA4Benchmark-TS45_data.out,"1,1,1",n,abs_resid,0.9959012893860474,0.3068560407846122,0.5,1.0,0.6666666666666666,1.0,0.5,1.0000000000000002,0.6666666666666667
YAHOO,YahooA4Benchmark-TS46_data.out,"1,1,1",n,abs_resid,0.9968747922069287,0.5327326251797356,0.47368421052631576,1.0,0.6428571428571429,1.0,0.45,1.0,0.6206896551724138
YAHOO,YahooA4Benchmark-TS47_data.out,"1,1,1",n,abs_resid,0.9994044073853484,0.25,0.125,1.0,0.2222222222222222,1.0,0.05555555555555555,1.0,0.10526315789473684
YAHOO,YahooA4Benchmark-TS48_data.out,"1,1,1",n,abs_resid,0.983363309352518,0.4077338041768678,0.24324324324324326,0.75,0.3673469387755102,0.75,0.16666666666666666,0.75,0.27272727272727276
YAHOO,YahooA4Benchmark-TS49_data.out,"1,1,1",n,abs_resid,0.9951459538533147,0.3399353632454768,0.42857142857142855,1.0,0.6,1.0,0.375,1.0,0.5454545454545454
YAHOO,YahooA4Benchmark-TS4_data.out,"1,1,1",n,abs_resid,0.996415770609319,0.30512265512265513,0.46153846153846156,1.0,0.631578947368421,1.0,0.47222222222222215,1.0000000000000002,0.6415094339622641
YAHOO,YahooA4Benchmark-TS50_data.out,"1,1,1",n,abs_resid,0.972504482964734,0.3751691962388335,0.14285714285714285,0.5714285714285714,0.22857142857142856,0.5714285714285714,0.07575757575757575,0.5714285714285714,0.13377926421404682
YAHOO,YahooA4Benchmark-TS51_data.out,"1,1,1",n,abs_resid,0.9994044073853484,0.25,0.03125,1.0,0.06060606060606061,1.0,0.016666666666666666,1.0,0.03278688524590164
YAHOO,YahooA4Benchmark-TS52_data.out,"1,1,1",n,abs_resid,0.9954790565934963,0.38363789320727115,0.47619047619047616,0.9090909090909091,0.625,0.9090909090909091,0.45454545454545453,0.9090909090909091,0.6060606060606061
YAHOO,YahooA4Benchmark-TS53_data.out,"1,1,1",n,abs_resid,0.99880810488677,0.29166666666666663,0.2857142857142857,1.0,0.4444444444444444,1.0,0.2222222222222222,1.0,0.3636363636363636
YAHOO,YahooA4Benchmark-TS54_data.out,"1,1,1",n,abs_resid,0.998211091234347,0.30000000000000004,0.3333333333333333,1.0,0.5,1.0,0.29166666666666663,1.0000000000000002,0.4516129032258064
YAHOO,YahooA4Benchmark-TS55_data.out,"1,1,1",n,abs_resid,0.9958283671036948,0.17619047619047618,0.08333333333333333,1.0,0.15384615384615385,1.0,0.045454545454545456,1.0,0.08695652173913045
YAHOO,YahooA4Benchmark-TS56_data.out,"1,1,1",n,abs_resid,0.9803936298076923,0.26735595670898327,0.25806451612903225,0.5,0.3404255319148936,0.5,0.20138888888888887,0.5,0.2871287128712871
YAHOO,YahooA4Benchmark-TS57_data.out,"1,1,1",n,abs_resid,0.9178614097968938,0.21997925015366043,0.3333333333333333,0.6666666666666666,0.4444444444444444,0.6666666666666666,0.25,0.6666666666666666,0.36363636363636365
YAHOO,YahooA4Benchmark-TS58_data.out,"1,1,1",n,abs_resid,0.9622458133971291,0.17842964585865428,0.09090909090909091,0.375,0.14634146341463414,0.375,0.047619047619047616,0.37500000000000006,0.08450704225352113
YAHOO,YahooA4Benchmark-TS59_data.out,"1,1,1",n,abs_resid,0.809410363311495,0.001557632398753894,0.0,0.0,0.0,0.0,0.0,0.0,0.0
YAHOO,YahooA4Benchmark-TS5_data.out,"1,1,1",n,abs_resid,0.996415770609319,0.31586538461538466,0.4,1.0,0.5714285714285714,1.0,0.38095238095238093,1.0000000000000002,0.5517241379310346
YAHOO,YahooA4Benchmark-TS60_data.out,"1,1,1",n,abs_resid,0.998211091234347,0.2992063492063492,0.2,1.0,0.3333333333333333,1.0,0.11666666666666665,1.0000000000000002,0.208955223880597
YAHOO,YahooA4Benchmark-TS61_data.out,"1,1,1",n,abs_resid,0.9988073941562314,0.40476190476190477,0.2727272727272727,1.0,0.42857142857142855,1.0,0.1875,1.0000000000000002,0.31578947368421056
YAHOO,YahooA4Benchmark-TS62_data.out,"1,1,1",n,abs_resid,0.8419653575716001,0.2217569340764849,0.4,0.5714285714285714,0.47058823529411764,0.5714285714285714,0.3333333333333333,0.5714285714285714,0.4210526315789474
YAHOO,YahooA4Benchmark-TS63_data.out,"1,1,1",n,abs_resid,0.99581589958159,0.3055805305805306,0.5,1.0,0.6666666666666666,1.0,0.5,1.0000000000000002,0.6666666666666667
YAHOO,YahooA4Benchmark-TS64_data.out,"1,1,1",n,abs_resid,0.9970149253731343,0.30640692640692635,0.3333333333333333,1.0,0.5,1.0,0.3055555555555555,1.0,0.4680851063829787
YAHOO,YahooA4Benchmark-TS65_data.out,"1,1,1",n,abs_resid,0.9936336336336337,0.3725451806630714,0.5,1.0,0.6666666666666666,1.0,0.5,1.0,0.6666666666666666
YAHOO,YahooA4Benchmark-TS66_data.out,"1,1,1",n,abs_resid,0.9988088147706968,0.16666666666666666,0.05555555555555555,1.0,0.10526315789473684,1.0,0.020833333333333332,1.0,0.04081632653061225
YAHOO,YahooA4Benchmark-TS67_data.out,"1,1,1",n,abs_resid,0.9938689761618934,0.3666697470159771,0.48148148148148145,0.9285714285714286,0.6341463414634146,0.9285714285714286,0.4423076923076923,0.9285714285714286,0.5991983967935871
YAHOO,YahooA4Benchmark-TS68_data.out,"1,1,1",n,abs_resid,0.9994044073853484,0.25,0.14285714285714285,1.0,0.25,1.0,0.06666666666666667,1.0,0.125
YAHOO,YahooA4Benchmark-TS69_data.out,"1,1,1",n,abs_resid,0.99880810488677,0.29166666666666663,0.1111111111111111,1.0,0.2,1.0,0.05555555555555555,1.0,0.10526315789473684
YAHOO,YahooA4Benchmark-TS6_data.out,"1,1,1",n,abs_resid,0.9933462918660287,0.2921899873002814,0.4,0.75,0.5217391304347826,0.75,0.3541666666666667,0.7500000000000001,0.4811320754716982
YAHOO,YahooA4Benchmark-TS70_data.out,"1,1,1",n,abs_resid,0.9983591885441527,0.3723214285714286,0.3333333333333333,1.0,0.5,1.0,0.25,1.0,0.4
YAHOO,YahooA4Benchmark-TS71_data.out,"1,1,1",n,abs_resid,0.8562275449101796,0.46068285907307094,0.29411764705882354,0.5,0.37037037037037035,0.5,0.20833333333333334,0.5,0.29411764705882354
YAHOO,YahooA4Benchmark-TS72_data.out,"1,1,1",n,abs_resid,0.9962985074626866,0.28707642031171443,0.3333333333333333,0.6,0.42857142857142855,0.6,0.29166666666666663,0.6000000000000001,0.3925233644859813
YAHOO,YahooA4Benchmark-TS73_data.out,"1,1,1",n,abs_resid,0.9970149253731343,0.30436507936507934,0.45454545454545453,1.0,0.625,1.0,0.4166666666666667,1.0,0.5882352941176471
YAHOO,YahooA4Benchmark-TS74_data.out,"1,1,1",n,abs_resid,0.99880810488677,0.2875,0.3333333333333333,1.0,0.5,1.0,0.27777777777777773,1.0,0.43478260869565216
YAHOO,YahooA4Benchmark-TS75_data.out,"1,1,1",n,abs_resid,0.9132942642240783,0.2849078924913312,0.45,0.6923076923076923,0.5454545454545454,0.6923076923076923,0.4166666666666667,0.6923076923076923,0.5202312138728324
YAHOO,YahooA4Benchmark-TS76_data.out,"1,1,1",n,abs_resid,0.9246690996241625,0.16202794782928354,0.25,0.36363636363636365,0.2962962962962963,0.36363636363636365,0.16666666666666666,0.36363636363636365,0.2285714285714286
YAHOO,YahooA4Benchmark-TS77_data.out,"1,1,1",n,abs_resid,0.9584698444926399,0.41518555223965004,0.47619047619047616,0.7692307692307693,0.5882352941176471,0.7692307692307693,0.4242424242424242,0.75,0.5419354838709676
YAHOO,YahooA4Benchmark-TS78_data.out,"1,1,1",n,abs_resid,0.9230307784596927,0.31244112057726314,0.34782608695652173,0.6153846153846154,0.4444444444444444,0.6153846153846154,0.28125,0.6153846153846154,0.38605898123324395
YAHOO,YahooA4Benchmark-TS79_data.out,"1,1,1",n,abs_resid,0.8582786722321606,0.08700144452928846,0.02631578947368421,0.3333333333333333,0.04878048780487805,0.3333333333333333,0.015151515151515152,0.3333333333333333,0.028985507246376812
YAHOO,YahooA4Benchmark-TS7_data.out,"1,1,1",n,abs_resid,0.8992025381581203,0.19082711365660315,0.5,0.5,0.5,0.5,0.5,0.5000000000000001,0.5000000000000001
YAHOO,YahooA4Benchmark-TS80_data.out,"1,1,1",n,abs_resid,0.8845923261390887,0.19487583761042676,0.4117647058823529,0.5833333333333334,0.4827586206896552,0.5833333333333334,0.35,0.5833333333333334,0.4375
YAHOO,YahooA4Benchmark-TS81_data.out,"1,1,1",n,abs_resid,0.996076866812953,0.546817001495364,0.3888888888888889,0.7777777777777778,0.5185185185185185,0.7777777777777778,0.3333333333333333,0.7777777777777779,0.46666666666666673
YAHOO,YahooA4Benchmark-TS82_data.out,"1,1,1",n,abs_resid,0.9935259818213,0.36195310363365574,0.5,1.0,0.6666666666666666,1.0,0.5,1.0000000000000002,0.6666666666666667
YAHOO,YahooA4Benchmark-TS83_data.out,"1,1,1",n,abs_resid,0.996223414828066,0.17632275132275133,0.17647058823529413,1.0,0.3,1.0,0.09090909090909091,1.0000000000000002,0.16666666666666669
YAHOO,YahooA4Benchmark-TS84_data.out,"1,1,1",n,abs_resid,0.9600477042337507,0.1986194863204913,0.25,0.6666666666666666,0.36363636363636365,0.6666666666666666,0.2222222222222222,0.6666666666666666,0.3333333333333333
YAHOO,YahooA4Benchmark-TS85_data.out,"1,1,1",n,abs_resid,0.9671724759615384,0.4117404815150409,0.45,0.5625,0.5,0.5625,0.4090909090909091,0.5625,0.47368421052631576
YAHOO,YahooA4Benchmark-TS86_data.out,"1,1,1",n,abs_resid,0.9947147147147147,0.5018921891125624,0.4782608695652174,0.7333333333333333,0.5789473684210527,0.7333333333333333,0.4583333333333333,0.7333333333333333,0.5641025641025641
YAHOO,YahooA4Benchmark-TS87_data.out,"1,1,1",n,abs_resid,0.9988088147706968,0.16666666666666666,0.2,1.0,0.3333333333333333,1.0,0.125,1.0,0.2222222222222222
YAHOO,YahooA4Benchmark-TS88_data.out,"1,1,1",n,abs_resid,0.9890637257163952,0.3715414913541683,0.45454545454545453,0.7692307692307693,0.5714285714285714,0.7692307692307693,0.4166666666666667,0.7692307692307693,0.5405405405405406
YAHOO,YahooA4Benchmark-TS89_data.out,"1,1,1",n,abs_resid,0.995212447636146,0.3265848621240778,0.47368421052631576,1.0,0.6428571428571429,1.0,0.48148148148148157,1.0,0.65
YAHOO,YahooA4Benchmark-TS8_data.out,"1,1,1",n,abs_resid,0.9551935766692815,0.24086457246418175,0.47058823529411764,0.6153846153846154,0.5333333333333333,0.6153846153846154,0.47916666666666663,0.6153846153846154,0.5387994143484627
YAHOO,YahooA4Benchmark-TS90_data.out,"1,1,1",n,abs_resid,0.9931554756195045,0.3121405290952,0.48,1.0,0.6486486486486487,1.0,0.4861111111111111,1.0000000000000002,0.6542056074766356
YAHOO,YahooA4Benchmark-TS91_data.out,"1,1,1",n,abs_resid,0.9823641087130296,0.19447403095871343,0.22580645161290322,0.5833333333333334,0.32558139534883723,0.5833333333333334,0.17307692307692307,0.5833333333333334,0.2669491525423729
YAHOO,YahooA4Benchmark-TS92_data.out,"1,1,1",n,abs_resid,0.9943543543543544,0.4134492029910644,0.5,1.0,0.6666666666666666,1.0,0.48214285714285715,1.0,0.6506024096385542
YAHOO,YahooA4Benchmark-TS93_data.out,"1,1,1",n,abs_resid,0.9982078853046595,0.6796522921522921,0.3333333333333333,1.0,0.5,1.0,0.25,1.0000000000000002,0.4
YAHOO,YahooA4Benchmark-TS94_data.out,"1,1,1",n,abs_resid,0.9300447602787135,0.27815710809700717,0.3333333333333333,0.5384615384615384,0.4117647058823529,0.5384615384615384,0.25,0.5384615384615385,0.34146341463414637
YAHOO,YahooA4Benchmark-TS95_data.out,"1,1,1",n,abs_resid,0.9968955223880598,0.30428571428571427,0.2857142857142857,0.8,0.42105263157894735,0.8,0.2222222222222222,0.8,0.3478260869565218
YAHOO,YahooA4Benchmark-TS96_data.out,"1,1,1",n,abs_resid,0.99880810488677,0.29166666666666663,0.25,1.0,0.4,1.0,0.16666666666666666,1.0,0.2857142857142857
YAHOO,YahooA4Benchmark-TS97_data.out,"1,1,1",n,abs_resid,0.9911358173076924,0.35896255348684913,0.46153846153846156,0.75,0.5714285714285714,0.75,0.43333333333333335,0.7500000000000001,0.5492957746478874
YAHOO,YahooA4Benchmark-TS98_data.out,"1,1,1",n,abs_resid,0.9940740740740741,0.4597736785687482,0.4827586206896552,0.9333333333333333,0.6363636363636364,0.9333333333333333,0.4666666666666667,0.9333333333333335,0.6222222222222222
YAHOO,YahooA4Benchmark-TS99_data.out,"1,1,1",n,abs_resid,0.8833759014423077,0.22763143427200644,0.16666666666666666,0.3125,0.21739130434782608,0.3125,0.07608695652173914,0.3333333333333333,0.12389380530973453
YAHOO,YahooA4Benchmark-TS9_data.out,"1,1,1",n,abs_resid,0.9535437760571769,0.006329113924050633,0.0,0.0,0.0,0.0,0.0,0.0,0.0
YAHOO,Yahoo_A1real_10_data.out,"1,1,1",n,abs_resid,0.6672240802675585,0.12337149797724105,0.375,0.23076923076923078,0.2857142857142857,0.23076923076923078,0.16666666666666666,0.38461538461538464,0.2325581395348837
YAHOO,Yahoo_A1real_11_data.out,"1,1,1",n,abs_resid,0.9704595997034842,0.7009890414847346,0.75,0.3157894736842105,0.4444444444444444,0.3157894736842105,0.8,0.3263157894736842,0.4635514018691589
YAHOO,Yahoo_A1real_12_data.out,"1,1,1",n,abs_resid,0.9563602599814298,0.6710388536786993,1.0,0.6666666666666666,0.8,0.6666666666666666,1.0,0.8,0.888888888888889
YAHOO,Yahoo_A1real_13_data.out,"1,1,1",n,abs_resid,0.9486101378182666,0.39078769626666765,0.4666666666666667,0.5833333333333334,0.5185185185185185,0.5833333333333334,0.37142857142857144,0.688888888888889,0.48263473053892214
YAHOO,Yahoo_A1real_14_data.out,"1,1,1",n,abs_resid,0.9989561586638831,0.6625,0.09523809523809523,1.0,0.17391304347826086,1.0,0.041666666666666664,1.0,0.07999999999999999
YAHOO,Yahoo_A1real_15_data.out,"1,1,1",n,abs_resid,0.9468159552134359,0.3316697835059408,0.4,0.6,0.48,0.6,0.34285714285714286,0.7155555555555555,0.46358728254349124
YAHOO,Yahoo_A1real_16_data.out,"1,1,1",n,abs_resid,0.9983996342021034,0.7537037037037037,1.0,0.6666666666666666,0.8,0.6666666666666666,1.0,0.4666666666666667,0.6363636363636364
YAHOO,Yahoo_A1real_17_data.out,"1,1,1",n,abs_resid,0.8536797205937016,0.6338938246528132,0.9,0.11894273127753303,0.21011673151750973,0.11894273127753303,0.875,0.21828108733371895,0.34939953435543786
YAHOO,Yahoo_A1real_18_data.out,"1,1,1",n,abs_resid,0.6287151348879744,0.010888044160759554,0.0,0.0,0.0,0.0,0.0,0.0,0.0
YAHOO,Yahoo_A1real_19_data.out,"1,1,1",n,abs_resid,0.8905560523923612,0.6800283105887851,0.9722222222222222,0.15418502202643172,0.2661596958174905,0.15418502202643172,0.9814814814814815,0.21728876898985064,0.3558061318481912
YAHOO,Yahoo_A1real_1_data.out,"1,1,1",n,abs_resid,1.0,1.0,0.125,1.0,0.2222222222222222,1.0,0.125,1.0,0.2222222222222222
YAHOO,Yahoo_A1real_20_data.out,"1,1,1",n,abs_resid,0.8634945567990924,0.13340374980805159,0.3333333333333333,0.06060606060606061,0.10256410256410256,0.06060606060606061,0.16666666666666666,0.3333333333333333,0.2222222222222222
YAHOO,Yahoo_A1real_21_data.out,"1,1,1",n,abs_resid,0.9789014615747289,0.7007121663889619,0.7142857142857143,0.8333333333333334,0.7692307692307693,0.8333333333333334,0.6666666666666666,0.76,0.7102803738317756
YAHOO,Yahoo_A1real_22_data.out,"1,1,1",n,abs_resid,0.9484156226971259,0.6787999685335412,0.92,0.36507936507936506,0.5227272727272727,0.36507936507936506,0.8571428571428571,0.22433862433862434,0.35560525580095054
YAHOO,Yahoo_A1real_23_data.out,"1,1,1",n,abs_resid,0.9812915586611068,0.5141269734235543,0.5172413793103449,0.7894736842105263,0.625,0.7894736842105263,0.4431818181818182,0.7777777777777777,0.5646328852119958
YAHOO,Yahoo_A1real_24_data.out,"1,1,1",n,abs_resid,0.8631487889273357,0.21415873548663916,0.42857142857142855,0.1875,0.2608695652173913,0.1875,0.5,0.7523809523809525,0.6007604562737644
YAHOO,Yahoo_A1real_25_data.out,"1,1,1",n,abs_resid,0.9714815557337609,0.7980781961088278,1.0,0.5581395348837209,0.7164179104477612,0.5581395348837209,1.0,0.23434704830053668,0.37971014492753624
YAHOO,Yahoo_A1real_26_data.out,"1,1,1",n,abs_resid,0.4245098039215687,0.041443058166199094,0.0,0.0,0.0,0.0,0.0,0.0,0.0
YAHOO,Yahoo_A1real_27_data.out,"1,1,1",n,abs_resid,0.999298245614035,0.7083333333333333,0.2222222222222222,1.0,0.36363636363636365,1.0,0.14285714285714285,1.0,0.25
YAHOO,Yahoo_A1real_28_data.out,"1,1,1",n,abs_resid,0.08660421041296507,0.04134193183480958,0.3,0.036585365853658534,0.06521739130434782,0.036585365853658534,0.21428571428571427,0.7500000000000001,0.3333333333333333
YAHOO,Yahoo_A1real_29_data.out,"1,1,1",n,abs_resid,0.8699940227136879,0.3953412996559227,0.35714285714285715,0.7142857142857143,0.47619047619047616,0.7142857142857143,0.24074074074074073,0.8,0.3701067615658363
YAHOO,Yahoo_A1real_2_data.out,"1,1,1",n,abs_resid,0.9971451159522137,0.7392414213645832,0.8181818181818182,0.5625,0.6666666666666666,0.5625,0.8333333333333333,0.441025641025641,0.5767940979208585
YAHOO,Yahoo_A1real_30_data.out,"1,1,1",n,abs_resid,0.9039638812366086,0.12079166082565071,0.18181818181818182,0.2222222222222222,0.2,0.2222222222222222,0.16666666666666666,0.65,0.2653061224489796
YAHOO,Yahoo_A1real_31_data.out,"1,1,1",n,abs_resid,0.9072523164647184,0.233155124503719,0.3333333333333333,0.16666666666666666,0.2222222222222222,0.16666666666666666,0.2777777777777778,0.6260869565217392,0.38482095136290756
YAHOO,Yahoo_A1real_32_data.out,"1,1,1",n,abs_resid,0.45319148936170217,0.1444108916921736,1.0,0.10638297872340426,0.19230769230769232,0.10638297872340426,1.0,0.2597826086956522,0.4124245038826575
YAHOO,Yahoo_A1real_33_data.out,"1,1,1",n,abs_resid,0.9342379958246346,0.5039335905208047,0.5,0.5,0.5,0.5,0.5,0.6000000000000001,0.5454545454545455
YAHOO,Yahoo_A1real_34_data.out,"1,1,1",n,abs_resid,0.8894366197183099,0.2522266717245281,0.2857142857142857,0.5714285714285714,0.38095238095238093,0.5714285714285714,0.18518518518518517,0.65,0.2882483370288248
YAHOO,Yahoo_A1real_36_data.out,"1,1,1",n,abs_resid,0.9898351648351649,0.21799515449161555,0.2222222222222222,0.4,0.2857142857142857,0.4,0.16666666666666666,0.7,0.2692307692307692
YAHOO,Yahoo_A1real_37_data.out,"1,1,1",n,abs_resid,0.7048949579831932,0.09032919034142668,0.07017543859649122,0.11764705882352941,0.08791208791208792,0.11764705882352941,0.0660377358490566,0.34623655913978496,0.11091973820186016
YAHOO,Yahoo_A1real_38_data.out,"1,1,1",n,abs_resid,0.8291803792509012,0.1719169076460662,0.21052631578947367,0.4444444444444444,0.2857142857142857,0.4444444444444444,0.17948717948717946,0.688888888888889,0.2847769028871391
YAHOO,Yahoo_A1real_39_data.out,"1,1,1",n,abs_resid,0.8810162314749471,0.46802668347630183,0.4,0.6,0.48,0.6,0.2708333333333333,0.31333333333333335,0.2905373276271992
YAHOO,Yahoo_A1real_3_data.out,"1,1,1",n,abs_resid,0.8188105117565698,0.5001605965744549,0.6428571428571429,0.6,0.6206896551724138,0.6,0.5833333333333334,0.6761904761904762,0.6263390044108381
YAHOO,Yahoo_A1real_40_data.out,"1,1,1",n,abs_resid,0.21282479584261318,0.034292693628116266,0.03333333333333333,0.0125,0.01818181818181818,0.0125,0.020833333333333332,0.5,0.039999999999999994
YAHOO,Yahoo_A1real_41_data.out,"1,1,1",n,abs_resid,1.0,1.0,0.2,1.0,0.3333333333333333,1.0,0.1212121212121212,1.0000000000000002,0.21621621621621623
YAHOO,Yahoo_A1real_42_data.out,"1,1,1",n,abs_resid,0.9701256837718156,0.7662951113428595,0.8571428571428571,0.5454545454545454,0.6666666666666666,0.5454545454545454,0.5714285714285714,0.5560784313725491,0.5636490112292557
YAHOO,Yahoo_A1real_43_data.out,"1,1,1",n,abs_resid,0.5985440340909091,0.13959688878971643,0.6666666666666666,0.1875,0.2926829268292683,0.1875,0.5714285714285714,0.40666666666666673,0.47517039922103216
YAHOO,Yahoo_A1real_44_data.out,"1,1,1",n,abs_resid,0.9075604530149985,0.3100733763732201,0.5555555555555556,0.5555555555555556,0.5555555555555556,0.5555555555555556,0.5833333333333334,0.777777777777778,0.6666666666666669
YAHOO,Yahoo_A1real_45_data.out,"1,1,1",n,abs_resid,1.0,1.0,0.5,1.0,0.6666666666666666,1.0,0.5,1.0,0.6666666666666666
YAHOO,Yahoo_A1real_46_data.out,"1,1,1",n,abs_resid,0.07086673829793096,0.04587544762865992,0.11764705882352941,0.01834862385321101,0.031746031746031744,0.01834862385321101,0.07142857142857142,0.6666666666666666,0.12903225806451613
YAHOO,Yahoo_A1real_47_data.out,"1,1,1",n,abs_resid,0.749682427664079,0.19856490105826818,0.2857142857142857,0.4,0.3333333333333333,0.4,0.19047619047619047,0.6000000000000001,0.2891566265060241
YAHOO,Yahoo_A1real_48_data.out,"1,1,1",n,abs_resid,0.9115429917550059,0.08100266577716612,0.0,0.0,0.0,0.0,0.0,0.0,0.0
YAHOO,Yahoo_A1real_49_data.out,"1,1,1",n,abs_resid,0.6287151348879744,0.010888044160759554,0.0,0.0,0.0,0.0,0.0,0.0,0.0
YAHOO,Yahoo_A1real_4_data.out,"1,1,1",n,abs_resid,0.999576868829337,0.8599999999999999,0.4166666666666667,1.0,0.5882352941176471,1.0,0.2638888888888889,1.0000000000000002,0.4175824175824176
YAHOO,Yahoo_A1real_50_data.out,"1,1,1",n,abs_resid,0.8991420590582602,0.11026269786111051,0.18181818181818182,0.2857142857142857,0.2222222222222222,0.2857142857142857,0.2,0.3142857142857143,0.2444444444444445
YAHOO,Yahoo_A1real_51_data.out,"1,1,1",n,abs_resid,0.983134223471539,0.22643570536828964,0.1875,0.75,0.3,0.75,0.08333333333333333,0.6666666666666666,0.14814814814814814
YAHOO,Yahoo_A1real_52_data.out,"1,1,1",n,abs_resid,0.9263642761179708,0.2509854078407793,0.5555555555555556,0.45454545454545453,0.5,0.45454545454545453,0.5,0.6666666666666667,0.5714285714285715
YAHOO,Yahoo_A1real_53_data.out,"1,1,1",n,abs_resid,0.8715985008962034,0.26975136289247575,0.5714285714285714,0.23529411764705882,0.3333333333333333,0.23529411764705882,0.7,0.8142857142857143,0.7528301886792452
YAHOO,Yahoo_A1real_54_data.out,"1,1,1",n,abs_resid,0.9888059701492538,0.4208522727272727,0.2857142857142857,0.5,0.36363636363636365,0.5,0.125,0.5,0.2
YAHOO,Yahoo_A1real_55_data.out,"1,1,1",n,abs_resid,0.9915611814345991,0.27242918814149153,0.2727272727272727,0.6,0.375,0.6,0.2222222222222222,0.65,0.33121019108280253
YAHOO,Yahoo_A1real_56_data.out,"1,1,1",n,abs_resid,0.9779184247538677,0.2717471471776755,0.375,0.6,0.46153846153846156,0.6,0.3333333333333333,0.65,0.4406779661016949
YAHOO,Yahoo_A1real_57_data.out,"1,1,1",n,abs_resid,0.9837737598516457,0.4039076664076664,0.058823529411764705,0.6666666666666666,0.10810810810810811,0.6666666666666666,0.030864197530864196,0.6666666666666666,0.05899705014749262
YAHOO,Yahoo_A1real_58_data.out,"1,1,1",n,abs_resid,0.9539060411654637,0.7959339420853018,1.0,0.3953488372093023,0.5666666666666667,0.3953488372093023,1.0,0.2287526427061311,0.37233310392291813
YAHOO,Yahoo_A1real_5_data.out,"1,1,1",n,abs_resid,0.9996520528879611,0.7916666666666666,0.6666666666666666,1.0,0.8,1.0,0.6666666666666666,1.0,0.8
YAHOO,Yahoo_A1real_60_data.out,"1,1,1",n,abs_resid,0.8861591695501729,0.5719643521953517,0.5833333333333334,0.4375,0.5,0.4375,0.4523809523809524,0.6293333333333333,0.5263837530081588
YAHOO,Yahoo_A1real_61_data.out,"1,1,1",n,abs_resid,0.694660079981181,0.04314280812735927,0.03571428571428571,0.041666666666666664,0.038461538461538464,0.041666666666666664,0.04,0.5,0.07407407407407407
YAHOO,Yahoo_A1real_62_data.out,"1,1,1",n,abs_resid,0.9892954456987154,0.717964689863186,0.5555555555555556,0.7142857142857143,0.625,0.7142857142857143,0.6388888888888888,0.8400000000000001,0.725770097670924
YAHOO,Yahoo_A1real_63_data.out,"1,1,1",n,abs_resid,0.8564814814814815,0.0734644491908572,0.1875,0.375,0.25,0.375,0.13333333333333333,0.35000000000000003,0.19310344827586207
YAHOO,Yahoo_A1real_65_data.out,"1,1,1",n,abs_resid,0.8573937037501567,0.3134690986850843,0.36363636363636365,0.23529411764705882,0.2857142857142857,0.23529411764705882,0.4166666666666667,0.48888888888888893,0.4498977505112474
YAHOO,Yahoo_A1real_66_data.out,"1,1,1",n,abs_resid,0.9786851305026644,0.4539686787948296,0.48148148148148145,0.6190476190476191,0.5416666666666666,0.6190476190476191,0.4242424242424242,0.6,0.4970414201183432
YAHOO,Yahoo_A1real_67_data.out,"1,1,1",n,abs_resid,0.9924223602484472,0.7535683574385642,0.8095238095238095,0.7391304347826086,0.7727272727272727,0.7391304347826086,0.7916666666666666,0.728,0.758499670980478
YAHOO,Yahoo_A1real_6_data.out,"1,1,1",n,abs_resid,0.9417365478686233,0.2666842464364434,0.36363636363636365,0.5,0.42105263157894735,0.5,0.2222222222222222,0.4,0.2857142857142857
YAHOO,Yahoo_A1real_7_data.out,"1,1,1",n,abs_resid,0.6930743121253701,0.08471204337104123,0.058823529411764705,0.03278688524590164,0.042105263157894736,0.03278688524590164,0.06896551724137931,0.16270531400966184,0.09687068568798896
YAHOO,Yahoo_A1real_8_data.out,"1,1,1",n,abs_resid,0.9950354609929077,0.603018898337489,0.3888888888888889,0.7,0.5,0.7,0.4166666666666667,0.7841269841269843,0.5441727252698833
YAHOO,Yahoo_A1real_9_data.out,"1,1,1",n,abs_resid,0.9993977976600138,0.8500248015873015,0.75,0.375,0.5,0.375,0.8333333333333334,0.65,0.7303370786516855
YAHOO,Yahoo_A2synthetic_100_data.out,"1,1,1",n,abs_resid,0.9992942836979535,0.7958333333333334,0.6666666666666666,1.0,0.8,1.0,0.6666666666666666,1.0,0.8
YAHOO,Yahoo_A2synthetic_10_data.out,"1,1,1",n,abs_resid,0.9964714184897671,0.5282592203548085,0.2727272727272727,0.75,0.4,0.75,0.21428571428571427,0.8,0.3380281690140845
YAHOO,Yahoo_A2synthetic_11_data.out,"1,1,1",n,abs_resid,0.9926030846710734,0.4509073847962736,0.5,0.3333333333333333,0.4,0.3333333333333333,0.5,0.46666666666666673,0.4827586206896552
YAHOO,Yahoo_A2synthetic_12_data.out,"1,1,1",n,abs_resid,1.0,1.0,0.09090909090909091,1.0,0.16666666666666666,1.0,0.037037037037037035,1.0,0.07142857142857142
YAHOO,Yahoo_A2synthetic_13_data.out,"1,1,1",n,abs_resid,0.9992942836979535,0.7958333333333334,0.6666666666666666,1.0,0.8,1.0,0.6666666666666666,1.0,0.8
YAHOO,Yahoo_A2synthetic_14_data.out,"1,1,1",n,abs_resid,0.9985835694050992,0.7683742183742184,0.75,1.0,0.8571428571428571,1.0,0.75,1.0000000000000002,0.8571428571428573
YAHOO,Yahoo_A2synthetic_15_data.out,"1,1,1",n,abs_resid,1.0,1.0,0.14285714285714285,1.0,0.25,1.0,0.06666666666666667,1.0,0.125
YAHOO,Yahoo_A2synthetic_16_data.out,"1,1,1",n,abs_resid,0.9992942836979535,0.7958333333333334,0.5714285714285714,1.0,0.7272727272727273,1.0,0.5833333333333333,1.0,0.7368421052631579
YAHOO,Yahoo_A2synthetic_17_data.out,"1,1,1",n,abs_resid,0.9960654705697198,0.6269237205037332,0.6666666666666666,0.6666666666666666,0.6666666666666666,0.6666666666666666,0.5,0.7333333333333334,0.5945945945945946
YAHOO,Yahoo_A2synthetic_18_data.out,"1,1,1",n,abs_resid,1.0,1.0,0.2,1.0,0.3333333333333333,1.0,0.125,1.0,0.2222222222222222
YAHOO,Yahoo_A2synthetic_19_data.out,"1,1,1",n,abs_resid,0.9989414255469301,0.7464285714285714,0.4444444444444444,1.0,0.6153846153846154,1.0,0.3333333333333333,1.0,0.5
YAHOO,Yahoo_A2synthetic_1_data.out,"1,1,1",n,abs_resid,0.9992942836979535,0.7958333333333334,0.6666666666666666,1.0,0.8,1.0,0.6666666666666666,1.0,0.8
YAHOO,Yahoo_A2synthetic_20_data.out,"1,1,1",n,abs_resid,0.9896915328926661,0.5462943516960554,0.625,0.5555555555555556,0.5882352941176471,0.5555555555555556,0.5,0.6444444444444445,0.5631067961165049
YAHOO,Yahoo_A2synthetic_21_data.out,"1,1,1",n,abs_resid,1.0,1.0,0.2,1.0,0.3333333333333333,1.0,0.125,1.0,0.2222222222222222
YAHOO,Yahoo_A2synthetic_22_data.out,"1,1,1",n,abs_resid,1.0,1.0,0.36363636363636365,1.0,0.5333333333333333,1.0,0.21428571428571427,1.0,0.35294117647058826
YAHOO,Yahoo_A2synthetic_23_data.out,"1,1,1",n,abs_resid,0.9952785646836638,0.5797746113535587,0.5,0.3333333333333333,0.4,0.3333333333333333,0.5,0.46666666666666673,0.4827586206896552
YAHOO,Yahoo_A2synthetic_24_data.out,"1,1,1",n,abs_resid,0.9992957746478873,0.25,0.07692307692307693,1.0,0.14285714285714285,1.0,0.07692307692307693,1.0,0.14285714285714288
YAHOO,Yahoo_A2synthetic_25_data.out,"1,1,1",n,abs_resid,0.9992942836979535,0.7958333333333334,0.6666666666666666,1.0,0.8,1.0,0.6666666666666666,1.0,0.8
YAHOO,Yahoo_A2synthetic_26_data.out,"1,1,1",n,abs_resid,0.9413755114888258,0.2644614506739107,0.38461538461538464,0.5555555555555556,0.45454545454545453,0.5555555555555556,0.3,0.6444444444444445,0.40941176470588236
YAHOO,Yahoo_A2synthetic_27_data.out,"1,1,1",n,abs_resid,1.0,1.0,0.2,1.0,0.3333333333333333,1.0,0.125,1.0,0.2222222222222222
YAHOO,Yahoo_A2synthetic_28_data.out,"1,1,1",n,abs_resid,0.9992942836979535,0.7958333333333334,0.6666666666666666,1.0,0.8,1.0,0.6666666666666666,1.0,0.8
YAHOO,Yahoo_A2synthetic_29_data.out,"1,1,1",n,abs_resid,0.9986622599937047,0.7792207792207793,0.6923076923076923,1.0,0.8181818181818182,1.0,0.5625,1.0000000000000002,0.7200000000000001
YAHOO,Yahoo_A2synthetic_2_data.out,"1,1,1",n,abs_resid,0.96277935158955,0.19711866788391832,0.5,0.3333333333333333,0.4,0.3333333333333333,0.5,0.46666666666666673,0.4827586206896552
YAHOO,Yahoo_A2synthetic_30_data.out,"1,1,1",n,abs_resid,1.0,1.0,0.2,1.0,0.3333333333333333,1.0,0.125,1.0,0.2222222222222222
YAHOO,Yahoo_A2synthetic_31_data.out,"1,1,1",n,abs_resid,0.9998235709244884,0.94375,0.4444444444444444,1.0,0.6153846153846154,1.0,0.3333333333333333,1.0,0.5
YAHOO,Yahoo_A2synthetic_32_data.out,"1,1,1",n,abs_resid,0.9985835694050992,0.7683742183742184,0.75,1.0,0.8571428571428571,1.0,0.75,1.0000000000000002,0.8571428571428573
YAHOO,Yahoo_A2synthetic_33_data.out,"1,1,1",n,abs_resid,1.0,1.0,0.07142857142857142,1.0,0.13333333333333333,1.0,0.027777777777777776,1.0,0.05405405405405406
YAHOO,Yahoo_A2synthetic_34_data.out,"1,1,1",n,abs_resid,0.9994707127734651,0.8354166666666667,0.5,1.0,0.6666666666666666,1.0,0.5,1.0,0.6666666666666666
YAHOO,Yahoo_A2synthetic_35_data.out,"1,1,1",n,abs_resid,0.9951211835064526,0.5737103052892526,0.5,0.3333333333333333,0.4,0.3333333333333333,0.5,0.46666666666666673,0.4827586206896552
YAHOO,Yahoo_A2synthetic_36_data.out,"1,1,1",n,abs_resid,0.9992957746478873,0.25,0.07692307692307693,1.0,0.14285714285714285,1.0,0.07692307692307693,1.0,0.14285714285714288
YAHOO,Yahoo_A2synthetic_37_data.out,"1,1,1",n,abs_resid,0.9992942836979535,0.7958333333333334,0.6666666666666666,1.0,0.8,1.0,0.6666666666666666,1.0,0.8
YAHOO,Yahoo_A2synthetic_38_data.out,"1,1,1",n,abs_resid,0.997009757632987,0.695591236720269,0.5714285714285714,0.8888888888888888,0.6956521739130435,0.8888888888888888,0.35714285714285715,0.9111111111111111,0.5131414267834794
YAHOO,Yahoo_A2synthetic_39_data.out,"1,1,1",n,abs_resid,1.0,1.0,0.2,1.0,0.3333333333333333,1.0,0.125,1.0,0.2222222222222222
YAHOO,Yahoo_A2synthetic_3_data.out,"1,1,1",n,abs_resid,1.0,1.0,0.3333333333333333,1.0,0.5,1.0,0.3333333333333333,1.0,0.5
YAHOO,Yahoo_A2synthetic_40_data.out,"1,1,1",n,abs_resid,0.9992942836979535,0.7958333333333334,0.3333333333333333,1.0,0.5,1.0,0.1875,1.0,0.3157894736842105
YAHOO,Yahoo_A2synthetic_41_data.out,"1,1,1",n,abs_resid,0.9985835694050992,0.7683742183742184,0.75,1.0,0.8571428571428571,1.0,0.75,1.0000000000000002,0.8571428571428573
YAHOO,Yahoo_A2synthetic_42_data.out,"1,1,1",n,abs_resid,1.0,1.0,0.2,1.0,0.3333333333333333,1.0,0.125,1.0,0.2222222222222222
YAHOO,Yahoo_A2synthetic_43_data.out,"1,1,1",n,abs_resid,1.0,1.0,0.5714285714285714,1.0,0.7272727272727273,1.0,0.5833333333333333,1.0,0.7368421052631579
YAHOO,Yahoo_A2synthetic_44_data.out,"1,1,1",n,abs_resid,0.9985835694050992,0.7683742183742184,0.75,1.0,0.8571428571428571,1.0,0.75,1.0000000000000002,0.8571428571428573
YAHOO,Yahoo_A2synthetic_45_data.out,"1,1,1",n,abs_resid,1.0,1.0,0.08333333333333333,1.0,0.15384615384615385,1.0,0.08333333333333333,1.0,0.15384615384615385
YAHOO,Yahoo_A2synthetic_46_data.out,"1,1,1",n,abs_resid,1.0,1.0,0.5,1.0,0.6666666666666666,1.0,0.5,1.0,0.6666666666666666
YAHOO,Yahoo_A2synthetic_47_data.out,"1,1,1",n,abs_resid,0.9985835694050992,0.7683742183742184,0.75,1.0,0.8571428571428571,1.0,0.75,1.0000000000000002,0.8571428571428573
YAHOO,Yahoo_A2synthetic_48_data.out,"1,1,1",n,abs_resid,1.0,1.0,0.1111111111111111,1.0,0.2,1.0,0.041666666666666664,1.0,0.07999999999999999
YAHOO,Yahoo_A2synthetic_49_data.out,"1,1,1",n,abs_resid,0.9992942836979535,0.7958333333333334,0.6666666666666666,1.0,0.8,1.0,0.6666666666666666,1.0,0.8
YAHOO,Yahoo_A2synthetic_4_data.out,"1,1,1",n,abs_resid,0.9941778405081156,0.5826210826210827,0.5,0.5,0.5,0.5,0.5,0.6000000000000001,0.5454545454545455
YAHOO,Yahoo_A2synthetic_50_data.out,"1,1,1",n,abs_resid,0.9992917847025496,0.8789642456309124,0.6923076923076923,1.0,0.8181818181818182,1.0,0.5,1.0000000000000002,0.6666666666666667
YAHOO,Yahoo_A2synthetic_51_data.out,"1,1,1",n,abs_resid,1.0,1.0,0.2,1.0,0.3333333333333333,1.0,0.125,1.0,0.2222222222222222
YAHOO,Yahoo_A2synthetic_52_data.out,"1,1,1",n,abs_resid,1.0,1.0,0.4444444444444444,1.0,0.6153846153846154,1.0,0.3,1.0,0.4615384615384615
YAHOO,Yahoo_A2synthetic_53_data.out,"1,1,1",n,abs_resid,0.9985835694050992,0.7683742183742184,0.75,1.0,0.8571428571428571,1.0,0.75,1.0000000000000002,0.8571428571428573
YAHOO,Yahoo_A2synthetic_54_data.out,"1,1,1",n,abs_resid,0.9992957746478873,0.25,0.07692307692307693,1.0,0.14285714285714285,1.0,0.07692307692307693,1.0,0.14285714285714288
YAHOO,Yahoo_A2synthetic_55_data.out,"1,1,1",n,abs_resid,0.9996471418489767,0.8708333333333333,0.5,1.0,0.6666666666666666,1.0,0.5,1.0,0.6666666666666666
YAHOO,Yahoo_A2synthetic_56_data.out,"1,1,1",n,abs_resid,0.9985835694050992,0.7683742183742184,0.75,1.0,0.8571428571428571,1.0,0.75,1.0000000000000002,0.8571428571428573
YAHOO,Yahoo_A2synthetic_57_data.out,"1,1,1",n,abs_resid,1.0,1.0,0.125,1.0,0.2222222222222222,1.0,0.125,1.0,0.2222222222222222
YAHOO,Yahoo_A2synthetic_58_data.out,"1,1,1",n,abs_resid,1.0,1.0,0.5714285714285714,1.0,0.7272727272727273,1.0,0.5833333333333333,1.0,0.7368421052631579
YAHOO,Yahoo_A2synthetic_59_data.out,"1,1,1",n,abs_resid,0.9985835694050992,0.7683742183742184,0.75,1.0,0.8571428571428571,1.0,0.75,1.0000000000000002,0.8571428571428573
YAHOO,Yahoo_A2synthetic_5_data.out,"1,1,1",n,abs_resid,0.894003777148253,0.132566119675594,0.5,0.3333333333333333,0.4,0.3333333333333333,0.5,0.46666666666666673,0.4827586206896552
YAHOO,Yahoo_A2synthetic_60_data.out,"1,1,1",n,abs_resid,1.0,1.0,0.2,1.0,0.3333333333333333,1.0,0.2,1.0,0.33333333333333337
YAHOO,Yahoo_A2synthetic_61_data.out,"1,1,1",n,abs_resid,0.9992942836979535,0.7958333333333334,0.6666666666666666,1.0,0.8,1.0,0.6666666666666666,1.0,0.8
YAHOO,Yahoo_A2synthetic_62_data.out,"1,1,1",n,abs_resid,0.9985835694050992,0.7683742183742184,0.5,0.3333333333333333,0.4,0.3333333333333333,0.5,0.46666666666666673,0.4827586206896552
YAHOO,Yahoo_A2synthetic_63_data.out,"1,1,1",n,abs_resid,1.0,1.0,0.3333333333333333,1.0,0.5,1.0,0.5,1.0,0.6666666666666666
YAHOO,Yahoo_A2synthetic_64_data.out,"1,1,1",n,abs_resid,0.9984121383203952,0.6976686507936508,0.5,0.5,0.5,0.5,0.5,0.6000000000000001,0.5454545454545455
YAHOO,Yahoo_A2synthetic_65_data.out,"1,1,1",n,abs_resid,0.9985835694050992,0.7683742183742184,0.75,1.0,0.8571428571428571,1.0,0.75,1.0000000000000002,0.8571428571428573
YAHOO,Yahoo_A2synthetic_66_data.out,"1,1,1",n,abs_resid,1.0,1.0,0.14285714285714285,1.0,0.25,1.0,0.06666666666666667,1.0,0.125
YAHOO,Yahoo_A2synthetic_67_data.out,"1,1,1",n,abs_resid,0.9992942836979535,0.7958333333333334,0.6666666666666666,1.0,0.8,1.0,0.6666666666666666,1.0,0.8
YAHOO,Yahoo_A2synthetic_68_data.out,"1,1,1",n,abs_resid,0.8413597733711048,0.12089697943205512,0.5,0.3333333333333333,0.4,0.3333333333333333,0.5,0.46666666666666673,0.4827586206896552
YAHOO,Yahoo_A2synthetic_69_data.out,"1,1,1",n,abs_resid,1.0,1.0,0.16666666666666666,1.0,0.2857142857142857,1.0,0.16666666666666666,1.0,0.2857142857142857
YAHOO,Yahoo_A2synthetic_6_data.out,"1,1,1",n,abs_resid,1.0,1.0,0.2,1.0,0.3333333333333333,1.0,0.1111111111111111,1.0,0.19999999999999998
YAHOO,Yahoo_A2synthetic_70_data.out,"1,1,1",n,abs_resid,0.9992942836979535,0.7958333333333334,0.6666666666666666,1.0,0.8,1.0,0.6666666666666666,1.0,0.8
YAHOO,Yahoo_A2synthetic_71_data.out,"1,1,1",n,abs_resid,0.9985835694050992,0.7683742183742184,0.6666666666666666,0.6666666666666666,0.6666666666666666,0.6666666666666666,0.5,0.7333333333333334,0.5945945945945946
YAHOO,Yahoo_A2synthetic_72_data.out,"1,1,1",n,abs_resid,1.0,1.0,0.16666666666666666,1.0,0.2857142857142857,1.0,0.16666666666666666,1.0,0.2857142857142857
YAHOO,Yahoo_A2synthetic_73_data.out,"1,1,1",n,abs_resid,0.9992942836979535,0.7958333333333334,0.5,1.0,0.6666666666666666,1.0,0.5,1.0,0.6666666666666666
YAHOO,Yahoo_A2synthetic_74_data.out,"1,1,1",n,abs_resid,0.8360875039345295,0.3124389157880244,0.5,0.3333333333333333,0.4,0.3333333333333333,0.5,0.46666666666666673,0.4827586206896552
YAHOO,Yahoo_A2synthetic_75_data.out,"1,1,1",n,abs_resid,1.0,1.0,0.16666666666666666,1.0,0.2857142857142857,1.0,0.08333333333333333,1.0,0.15384615384615385
YAHOO,Yahoo_A2synthetic_76_data.out,"1,1,1",n,abs_resid,0.9992942836979535,0.7958333333333334,0.6666666666666666,1.0,0.8,1.0,0.6666666666666666,1.0,0.8
YAHOO,Yahoo_A2synthetic_77_data.out,"1,1,1",n,abs_resid,0.9985835694050992,0.7683742183742184,0.75,1.0,0.8571428571428571,1.0,0.75,1.0000000000000002,0.8571428571428573
YAHOO,Yahoo_A2synthetic_78_data.out,"1,1,1",n,abs_resid,1.0,1.0,0.08333333333333333,1.0,0.15384615384615385,1.0,0.08333333333333333,1.0,0.15384615384615385
YAHOO,Yahoo_A2synthetic_79_data.out,"1,1,1",n,abs_resid,0.9992942836979535,0.7958333333333334,0.6666666666666666,1.0,0.8,1.0,0.6666666666666666,1.0,0.8
YAHOO,Yahoo_A2synthetic_7_data.out,"1,1,1",n,abs_resid,0.9992942836979535,0.7958333333333334,0.6666666666666666,1.0,0.8,1.0,0.6666666666666666,1.0,0.8
YAHOO,Yahoo_A2synthetic_80_data.out,"1,1,1",n,abs_resid,0.9974819011646208,0.6988293383030224,0.6666666666666666,0.6666666666666666,0.6666666666666666,0.6666666666666666,0.5,0.7333333333333334,0.5945945945945946
YAHOO,Yahoo_A2synthetic_81_data.out,"1,1,1",n,abs_resid,1.0,1.0,0.16666666666666666,1.0,0.2857142857142857,1.0,0.16666666666666666,1.0,0.2857142857142857
YAHOO,Yahoo_A2synthetic_82_data.out,"1,1,1",n,abs_resid,0.9989414255469301,0.7464285714285714,0.4444444444444444,1.0,0.6153846153846154,1.0,0.3333333333333333,1.0,0.5
YAHOO,Yahoo_A2synthetic_83_data.out,"1,1,1",n,abs_resid,0.8162574756059175,0.24732952809080877,0.5,0.3333333333333333,0.4,0.3333333333333333,0.5,0.46666666666666673,0.4827586206896552
YAHOO,Yahoo_A2synthetic_84_data.out,"1,1,1",n,abs_resid,1.0,1.0,0.25,1.0,0.4,1.0,0.25,1.0,0.4
YAHOO,Yahoo_A2synthetic_85_data.out,"1,1,1",n,abs_resid,0.9994707127734651,0.8354166666666667,0.5714285714285714,1.0,0.7272727272727273,1.0,0.5833333333333333,1.0,0.7368421052631579
YAHOO,Yahoo_A2synthetic_86_data.out,"1,1,1",n,abs_resid,0.7683349071451054,0.2450335201590571,0.5,0.3333333333333333,0.4,0.3333333333333333,0.5,0.46666666666666673,0.4827586206896552
YAHOO,Yahoo_A2synthetic_87_data.out,"1,1,1",n,abs_resid,1.0,1.0,0.1111111111111111,1.0,0.2,1.0,0.041666666666666664,1.0,0.07999999999999999
YAHOO,Yahoo_A2synthetic_88_data.out,"1,1,1",n,abs_resid,0.9992942836979535,0.7958333333333334,0.6666666666666666,1.0,0.8,1.0,0.6666666666666666,1.0,0.8
YAHOO,Yahoo_A2synthetic_89_data.out,"1,1,1",n,abs_resid,0.9985835694050992,0.7683742183742184,0.7272727272727273,0.8888888888888888,0.8,0.8888888888888888,0.625,0.9111111111111111,0.7414104882459314
YAHOO,Yahoo_A2synthetic_8_data.out,"1,1,1",n,abs_resid,0.9231192949323261,0.3237204852118585,0.6,0.6666666666666666,0.631578947368421,0.6666666666666666,0.42857142857142855,0.7333333333333334,0.540983606557377
YAHOO,Yahoo_A2synthetic_90_data.out,"1,1,1",n,abs_resid,1.0,1.0,0.2,1.0,0.3333333333333333,1.0,0.125,1.0,0.2222222222222222
YAHOO,Yahoo_A2synthetic_91_data.out,"1,1,1",n,abs_resid,0.9992942836979535,0.7958333333333334,0.6666666666666666,1.0,0.8,1.0,0.6666666666666666,1.0,0.8
YAHOO,Yahoo_A2synthetic_92_data.out,"1,1,1",n,abs_resid,0.9985835694050992,0.7683742183742184,0.6923076923076923,1.0,0.8181818181818182,1.0,0.5625,1.0000000000000002,0.7200000000000001
YAHOO,Yahoo_A2synthetic_93_data.out,"1,1,1",n,abs_resid,1.0,1.0,0.25,1.0,0.4,1.0,0.25,1.0,0.4
YAHOO,Yahoo_A2synthetic_94_data.out,"1,1,1",n,abs_resid,0.9998235709244884,0.94375,0.5,1.0,0.6666666666666666,1.0,0.5,1.0,0.6666666666666666
YAHOO,Yahoo_A2synthetic_95_data.out,"1,1,1",n,abs_resid,0.9948851117406359,0.5674902095954728,0.5,0.3333333333333333,0.4,0.3333333333333333,0.5,0.46666666666666673,0.4827586206896552
YAHOO,Yahoo_A2synthetic_96_data.out,"1,1,1",n,abs_resid,1.0,1.0,0.08333333333333333,1.0,0.15384615384615385,1.0,0.08333333333333333,1.0,0.15384615384615385
YAHOO,Yahoo_A2synthetic_97_data.out,"1,1,1",n,abs_resid,0.9992942836979535,0.7958333333333334,0.6666666666666666,1.0,0.8,1.0,0.6666666666666666,1.0,0.8
YAHOO,Yahoo_A2synthetic_98_data.out,"1,1,1",n,abs_resid,0.8634718287692792,0.29743333511630327,0.5,0.3333333333333333,0.4,0.3333333333333333,0.5,0.46666666666666673,0.4827586206896552
YAHOO,Yahoo_A2synthetic_99_data.out,"1,1,1",n,abs_resid,1.0,1.0,0.16666666666666666,1.0,0.2857142857142857,1.0,0.2,1.0,0.33333333333333337
YAHOO,Yahoo_A2synthetic_9_data.out,"1,1,1",n,abs_resid,1.0,1.0,0.25,1.0,0.4,1.0,0.25,1.0,0.4
KDD21,001_UCR_Anomaly_DISTORTED1sddb40_35000_52000_52620.txt,"1,1,1",n,abs_resid,0.4358304969366916,0.01687916984188944,0.0,0.0,0.0,0.0,0.0,0.0,0.0
KDD21,002_UCR_Anomaly_DISTORTED2sddb40_35000_56600_56900.txt,"1,1,1",n,abs_resid,0.48040830527497197,0.009501092070297569,0.024844720496894408,0.013333333333333334,0.01735357917570499,0.013333333333333334,0.011904761904761904,0.21066666666666667,0.022536014833832545
KDD21,003_UCR_Anomaly_DISTORTED3sddb40_35000_46600_46900.txt,"1,1,1",n,abs_resid,0.9558447811447811,0.4118441207171109,0.5663430420711975,0.5833333333333334,0.5747126436781609,0.5833333333333334,0.4695121951219512,0.20804597701149427,0.2883298508389019
KDD21,004_UCR_Anomaly_DISTORTEDBIDMC1_2500_5400_5600.txt,"1,1,1",n,abs_resid,0.45001990740740744,0.018604229966248578,0.043795620437956206,0.03,0.03560830860534125,0.03,0.0234375,0.20800000000000002,0.04212800432082096
KDD21,005_UCR_Anomaly_DISTORTEDCIMIS44AirTemperature1_4000_5391_5392.txt,"1,1,1",n,abs_resid,1.0,1.0,0.006329113924050633,1.0,0.012578616352201259,1.0,0.0024875621890547263,1.0,0.004962779156327543
KDD21,006_UCR_Anomaly_DISTORTEDCIMIS44AirTemperature2_4000_5703_5727.txt,"1,1,1",n,abs_resid,0.20575980392156865,0.0016862300661054286,0.0,0.0,0.0,0.0,0.0,0.0,0.0
KDD21,007_UCR_Anomaly_DISTORTEDCIMIS44AirTemperature3_4000_6520_6544.txt,"1,1,1",n,abs_resid,0.44783496732026146,0.009500748056915777,0.006211180124223602,0.041666666666666664,0.010810810810810811,0.041666666666666664,0.0035714285714285713,0.23333333333333334,0.007035175879396984
KDD21,008_UCR_Anomaly_DISTORTEDCIMIS44AirTemperature4_4000_5549_5597.txt,"1,1,1",n,abs_resid,0.8434888151425762,0.35567437658398066,0.1564625850340136,0.4791666666666667,0.2358974358974359,0.4791666666666667,0.08672086720867209,0.23484848484848486,0.12666794356125902
KDD21,009_UCR_Anomaly_DISTORTEDCIMIS44AirTemperature5_4000_4852_4900.txt,"1,1,1",n,abs_resid,0.6646898557849885,0.01793596134576934,0.03550295857988166,0.125,0.055299539170506916,0.125,0.03146853146853147,0.22000000000000003,0.05506117908787543
KDD21,010_UCR_Anomaly_DISTORTEDCIMIS44AirTemperature6_4000_6006_6054.txt,"1,1,1",n,abs_resid,0.4489281178302196,0.0053842140704626305,0.006578947368421052,0.020833333333333332,0.01,0.020833333333333332,0.003787878787878788,0.21666666666666667,0.007445589919816724
KDD21,011_UCR_Anomaly_DISTORTEDECG1_10000_11800_12100.txt,"1,1,1",n,abs_resid,0.543140251572327,0.034139506176404696,0.020316027088036117,0.06,0.03035413153456998,0.06,0.011251758087201125,0.20600000000000002,0.021338029080833324
KDD21,012_UCR_Anomaly_DISTORTEDECG2_15000_16000_16100.txt,"1,1,1",n,abs_resid,0.5333387543252595,0.02713917201474393,0.006256517205422315,0.06,0.0113314447592068,0.06,0.004510309278350515,0.21200000000000002,0.008832702426017188
KDD21,013_UCR_Anomaly_DISTORTEDECG3_15000_16000_16100.txt,"1,1,1",n,abs_resid,0.3983570934256055,0.002669381308110392,0.002717391304347826,0.01,0.004273504273504274,0.01,0.004,0.20800000000000002,0.007849056603773585
KDD21,014_UCR_Anomaly_DISTORTEDECG3_8000_17000_17100.txt,"1,1,1",n,abs_resid,0.3721168458781362,0.0027215658709030593,0.002824858757062147,0.01,0.004405286343612335,0.01,0.004132231404958678,0.20800000000000002,0.008103475144148357
KDD21,015_UCR_Anomaly_DISTORTEDECG4_5000_16800_17100.txt,"1,1,1",n,abs_resid,0.5363337822671156,0.011711514516905863,0.0,0.0,0.0,0.0,0.0,0.0,0.0
KDD21,016_UCR_Anomaly_DISTORTEDECG4_5000_16900_17100.txt,"1,1,1",n,abs_resid,0.46057741935483865,0.006504404932925762,0.00847457627118644,0.015,0.010830324909747292,0.015,0.006944444444444444,0.20600000000000002,0.013435950952256717
KDD21,017_UCR_Anomaly_DISTORTEDECG4_5000_17000_17100.txt,"1,1,1",n,abs_resid,0.4985136200716846,0.003969817429717653,0.008403361344537815,0.03,0.01312910284463895,0.03,0.012345679012345678,0.20800000000000002,0.02330793366203496
KDD21,018_UCR_Anomaly_DISTORTEDECG4_8000_17000_17100.txt,"1,1,1",n,abs_resid,0.3815032258064517,0.0027702624841280925,0.002770083102493075,0.01,0.004338394793926247,0.01,0.0041841004184100415,0.20800000000000002,0.00820318662249566
KDD21,019_UCR_Anomaly_DISTORTEDGP711MarkerLFM5z1_5000_6168_6212.txt,"1,1,1",n,abs_resid,0.45386873080081513,0.0030616998665898834,0.0,0.0,0.0,0.0,0.0,0.0,0.0
KDD21,020_UCR_Anomaly_DISTORTEDGP711MarkerLFM5z2_5000_7175_7388.txt,"1,1,1",n,abs_resid,0.5214971853689372,0.01749032113674044,0.0,0.0,0.0,0.0,0.0,0.0,0.0
KDD21,021_UCR_Anomaly_DISTORTEDGP711MarkerLFM5z3_5000_5948_5993.txt,"1,1,1",n,abs_resid,0.546902737116037,0.014294680077637432,0.06896551724137931,0.044444444444444446,0.05405405405405406,0.044444444444444446,0.038461538461538464,0.23555555555555557,0.06612601372426699
KDD21,022_UCR_Anomaly_DISTORTEDGP711MarkerLFM5z4_4000_6527_6645.txt,"1,1,1",n,abs_resid,0.5337884679575144,0.011549550580349902,0.018867924528301886,0.00847457627118644,0.011695906432748537,0.00847457627118644,0.019230769230769232,0.20677966101694917,0.03518892414190943
KDD21,023_UCR_Anomaly_DISTORTEDGP711MarkerLFM5z5_5000_8612_8716.txt,"1,1,1",n,abs_resid,0.5644188738296001,0.011340072874166017,0.02631578947368421,0.009615384615384616,0.014084507042253521,0.009615384615384616,0.030303030303030304,0.2076923076923077,0.05288932419196866
KDD21,024_UCR_Anomaly_DISTORTEDInternalBleeding10_3200_4526_4556.txt,"1,1,1",n,abs_resid,0.5017088296970508,0.02330729723094794,0.3333333333333333,0.03333333333333333,0.06060606060606061,0.03333333333333333,0.5,0.22666666666666668,0.3119266055045872
KDD21,025_UCR_Anomaly_DISTORTEDInternalBleeding14_2800_5607_5634.txt,"1,1,1",n,abs_resid,0.5934052864745935,0.0587294128569865,0.5,0.07407407407407407,0.12903225806451613,0.07407407407407407,0.5,0.2592592592592593,0.34146341463414637
KDD21,026_UCR_Anomaly_DISTORTEDInternalBleeding15_1700_5684_5854.txt,"1,1,1",n,abs_resid,0.43755729179035363,0.019110554168254967,0.0,0.0,0.0,0.0,0.0,0.0,0.0
KDD21,027_UCR_Anomaly_DISTORTEDInternalBleeding16_1200_4187_4199.txt,"1,1,1",n,abs_resid,0.998008189789469,0.49866820325551103,0.7692307692307693,0.8333333333333334,0.8,0.8333333333333334,0.5,0.5333333333333334,0.5161290322580646
KDD21,028_UCR_Anomaly_DISTORTEDInternalBleeding17_1600_3198_3309.txt,"1,1,1",n,abs_resid,0.9440195371985872,0.7853997521381656,0.9464285714285714,0.4774774774774775,0.6347305389221557,0.4774774774774775,0.9259259259259259,0.21527927927927928,0.3493371132380872
KDD21,029_UCR_Anomaly_DISTORTEDInternalBleeding18_2300_4485_4587.txt,"1,1,1",n,abs_resid,0.9348605081394548,0.660255560479723,0.9090909090909091,0.29411764705882354,0.4444444444444444,0.29411764705882354,0.8888888888888888,0.2147058823529412,0.3458691145987563
KDD21,030_UCR_Anomaly_DISTORTEDInternalBleeding19_3000_4187_4197.txt,"1,1,1",n,abs_resid,0.8860480640854472,0.39658984465929786,0.5,0.2,0.2857142857142857,0.2,0.5,0.36000000000000004,0.4186046511627907
KDD21,031_UCR_Anomaly_DISTORTEDInternalBleeding20_2700_5759_5919.txt,"1,1,1",n,abs_resid,0.46045810626703,0.023406973802726765,0.0,0.0,0.0,0.0,0.0,0.0,0.0
KDD21,032_UCR_Anomaly_DISTORTEDInternalBleeding4_1000_4675_5033.txt,"1,1,1",n,abs_resid,0.5506311493231983,0.0874824872477171,0.3333333333333333,0.002793296089385475,0.00554016620498615,0.002793296089385475,0.5,0.2022346368715084,0.28798727128082735
KDD21,033_UCR_Anomaly_DISTORTEDInternalBleeding5_4000_6200_6370.txt,"1,1,1",n,abs_resid,0.5614874355539317,0.038380715120966434,0.0,0.0,0.0,0.0,0.0,0.0,0.0
KDD21,034_UCR_Anomaly_DISTORTEDInternalBleeding6_1500_3474_3629.txt,"1,1,1",n,abs_resid,0.403953215267412,0.015417675589424987,0.0,0.0,0.0,0.0,0.0,0.0,0.0
KDD21,035_UCR_Anomaly_DISTORTEDInternalBleeding8_2500_5865_5974.txt,"1,1,1",n,abs_resid,0.41457414909249773,0.011338466433126094,0.0,0.0,0.0,0.0,0.0,0.0,0.0
KDD21,036_UCR_Anomaly_DISTORTEDInternalBleeding9_4200_6599_6681.txt,"1,1,1",n,abs_resid,0.4881122628452326,0.009892647672171791,0.0,0.0,0.0,0.0,0.0,0.0,0.0
KDD21,037_UCR_Anomaly_DISTORTEDLab2Cmac011215EPG1_5000_17210_17260.txt,"1,1,1",n,abs_resid,0.7065614073032696,0.06442823010365442,0.03255813953488372,0.28,0.058333333333333334,0.28,0.016587677725118485,0.232,0.030961641119499735
KDD21,038_UCR_Anomaly_DISTORTEDLab2Cmac011215EPG2_5000_27862_27932.txt,"1,1,1",n,abs_resid,0.4895178214663466,0.004036408300348665,0.0,0.0,0.0,0.0,0.0,0.0,0.0
KDD21,039_UCR_Anomaly_DISTORTEDLab2Cmac011215EPG3_5000_16390_16420.txt,"1,1,1",n,abs_resid,0.9363722397476341,0.4621168132553702,0.05121951219512195,0.7,0.09545454545454546,0.7,0.014492753623188404,0.29333333333333333,0.027620841180163207
KDD21,040_UCR_Anomaly_DISTORTEDLab2Cmac011215EPG4_6000_17390_17520.txt,"1,1,1",n,abs_resid,0.206248010321197,0.002684099669611617,0.0,0.0,0.0,0.0,0.0,0.0,0.0
KDD21,041_UCR_Anomaly_DISTORTEDLab2Cmac011215EPG5_7000_17390_17520.txt,"1,1,1",n,abs_resid,0.30056510544315423,0.00626313391114292,0.011764705882352941,0.038461538461538464,0.018018018018018018,0.038461538461538464,0.009501187648456057,0.2076923076923077,0.0181711112980567
KDD21,042_UCR_Anomaly_DISTORTEDLab2Cmac011215EPG6_7000_12190_12420.txt,"1,1,1",n,abs_resid,0.07431492710617985,0.004430394411940068,0.0,0.0,0.0,0.0,0.0,0.0,0.0
KDD21,043_UCR_Anomaly_DISTORTEDMesoplodonDensirostris_10000_19280_19440.txt,"1,1,1",n,abs_resid,0.7268690982350324,0.02053669869530238,0.02122641509433962,0.05625,0.030821917808219176,0.05625,0.01567398119122257,0.20900000000000002,0.02916102747275746
KDD21,044_UCR_Anomaly_DISTORTEDPowerDemand1_9000_18485_18821.txt,"1,1,1",n,abs_resid,0.14173961809925043,0.00699282381397065,0.0,0.0,0.0,0.0,0.0,0.0,0.0
KDD21,045_UCR_Anomaly_DISTORTEDPowerDemand2_14000_23357_23717.txt,"1,1,1",n,abs_resid,0.2548482134439521,0.012674203607852175,0.026881720430107527,0.027777777777777776,0.0273224043715847,0.027777777777777776,0.02881844380403458,0.20222222222222222,0.0504476536297364
KDD21,046_UCR_Anomaly_DISTORTEDPowerDemand3_16000_23405_23477.txt,"1,1,1",n,abs_resid,0.4293125861015299,0.002808829813475354,0.0026595744680851063,0.013888888888888888,0.004464285714285714,0.013888888888888888,0.0028653295128939827,0.2111111111111111,0.005653920547537569
KDD21,047_UCR_Anomaly_DISTORTEDPowerDemand4_18000_24005_24077.txt,"1,1,1",n,abs_resid,0.5574903029528042,0.006449282546271708,0.012658227848101266,0.06944444444444445,0.021413276231263382,0.06944444444444445,0.010869565217391304,0.2138888888888889,0.020687802256851157
KDD21,048_UCR_Anomaly_DISTORTEDTkeepFifthMARS_3500_5988_6085.txt,"1,1,1",n,abs_resid,0.4084123784735443,0.00660528003267135,0.0036900369003690036,0.010309278350515464,0.005434782608695652,0.010309278350515464,0.004629629629629629,0.20824742268041238,0.00905788978072732
KDD21,049_UCR_Anomaly_DISTORTEDTkeepFirstMARS_3500_5365_5380.txt,"1,1,1",n,abs_resid,0.45236882919263743,0.0011653623790105093,0.0,0.0,0.0,0.0,0.0,0.0,0.0
KDD21,050_UCR_Anomaly_DISTORTEDTkeepForthMARS_3500_5988_6085.txt,"1,1,1",n,abs_resid,0.5481030688747337,0.028088045164050134,0.07291666666666667,0.21649484536082475,0.10909090909090909,0.21649484536082475,0.03879310344827586,0.21924398625429553,0.06592195446769918
KDD21,051_UCR_Anomaly_DISTORTEDTkeepSecondMARS_3500_9330_9340.txt,"1,1,1",n,abs_resid,0.6698453155211812,0.20547848550607295,0.011450381679389313,0.3,0.022058823529411766,0.3,0.0045662100456621,0.44,0.009038619556285947
KDD21,052_UCR_Anomaly_DISTORTEDTkeepThirdMARS_3500_4711_4809.txt,"1,1,1",n,abs_resid,0.570278905496186,0.01094513935502217,0.003703703703703704,0.01020408163265306,0.005434782608695652,0.01020408163265306,0.004484304932735426,0.20816326530612245,0.008779480117059734
KDD21,053_UCR_Anomaly_DISTORTEDWalkingAceleration1_1500_2764_2995.txt,"1,1,1",n,abs_resid,0.2722965861041175,0.02161596848419583,0.0,0.0,0.0,0.0,0.0,0.0,0.0
KDD21,054_UCR_Anomaly_DISTORTEDWalkingAceleration5_2700_5920_5979.txt,"1,1,1",n,abs_resid,0.499673808762392,0.05580765808773904,0.045454545454545456,0.06779661016949153,0.05442176870748299,0.06779661016949153,0.014705882352941176,0.2542372881355932,0.027803521779425393
KDD21,055_UCR_Anomaly_DISTORTEDapneaecg2_10000_20950_21100.txt,"1,1,1",n,abs_resid,0.48700011166945845,0.005120134350980265,0.00539568345323741,0.02,0.0084985835694051,0.02,0.002506265664160401,0.21600000000000003,0.004955037621581941
KDD21,056_UCR_Anomaly_DISTORTEDapneaecg3_5000_11111_11211.txt,"1,1,1",n,abs_resid,0.9423378570604743,0.08237360710976958,0.08555133079847908,0.45,0.14376996805111822,0.45,0.029710144927536233,0.23272727272727273,0.05269340830362971
KDD21,057_UCR_Anomaly_DISTORTEDapneaecg4_6000_16000_16100.txt,"1,1,1",n,abs_resid,0.38198193979933104,0.002409768612963017,0.0,0.0,0.0,0.0,0.0,0.0,0.0
KDD21,058_UCR_Anomaly_DISTORTEDapneaecg_10000_12240_12308.txt,"1,1,1",n,abs_resid,0.45248190178470915,0.003538928291920535,0.0019569471624266144,0.014705882352941176,0.0034542314335060447,0.014705882352941176,0.002777777777777778,0.21176470588235297,0.0054836252856054835
KDD21,059_UCR_Anomaly_DISTORTEDgait1_20000_38500_38800.txt,"1,1,1",n,abs_resid,0.49059730639730637,0.009829995402903595,0.006153846153846154,0.006666666666666667,0.0064,0.006666666666666667,0.011111111111111112,0.2026666666666667,0.02106722106722107
KDD21,060_UCR_Anomaly_DISTORTEDgait2_22000_46500_46800.txt,"1,1,1",n,abs_resid,0.5072469135802469,0.009998416840228836,0.014134275618374558,0.013333333333333334,0.0137221269296741,0.013333333333333334,0.006622516556291391,0.21066666666666667,0.012841352405721717
KDD21,061_UCR_Anomaly_DISTORTEDgait3_24500_59900_60500.txt,"1,1,1",n,abs_resid,0.5530652136752137,0.042302219239812436,0.07804878048780488,0.02666666666666667,0.03975155279503106,0.02666666666666667,0.1016949152542373,0.20177777777777778,0.13523308345330887
KDD21,062_UCR_Anomaly_DISTORTEDgaitHunt1_18500_33070_33180.txt,"1,1,1",n,abs_resid,0.5885069497247483,0.011030472403633525,0.03260869565217391,0.10909090909090909,0.0502092050209205,0.10909090909090909,0.025362318840579712,0.21246753246753247,0.04531533171360964
KDD21,063_UCR_Anomaly_DISTORTEDgaitHunt2_18500_31200_31850.txt,"1,1,1",n,abs_resid,0.5004237976674093,0.02610426925937461,0.06868131868131869,0.038461538461538464,0.04930966469428008,0.038461538461538464,0.04296875,0.2027972027972028,0.07091252639768812
KDD21,064_UCR_Anomaly_DISTORTEDgaitHunt3_23400_38400_39200.txt,"1,1,1",n,abs_resid,0.5057252996575343,0.03553278447059758,0.09387755102040816,0.02875,0.04401913875598086,0.02875,0.03977272727272727,0.2032857142857143,0.06652908017418718
KDD21,065_UCR_Anomaly_DISTORTEDinsectEPG1_3000_7000_7030.txt,"1,1,1",n,abs_resid,0.4690870190218299,0.002682266978241606,0.0,0.0,0.0,0.0,0.0,0.0,0.0
KDD21,066_UCR_Anomaly_DISTORTEDinsectEPG2_3700_8000_8025.txt,"1,1,1",n,abs_resid,0.37627995588087837,0.0018534332138768063,0.0,0.0,0.0,0.0,0.0,0.0,0.0
KDD21,067_UCR_Anomaly_DISTORTEDinsectEPG3_5200_7000_7050.txt,"1,1,1",n,abs_resid,0.7698351427422597,0.039182564153160494,0.012853470437017995,0.1,0.022779043280182234,0.1,0.012853470437017995,0.21600000000000003,0.024263120057512584
KDD21,068_UCR_Anomaly_DISTORTEDinsectEPG4_1300_6508_6558.txt,"1,1,1",n,abs_resid,0.5912102935263369,0.0062184396448292404,0.0,0.0,0.0,0.0,0.0,0.0,0.0
KDD21,069_UCR_Anomaly_DISTORTEDinsectEPG5_3200_8500_8501.txt,"1,1,1",n,abs_resid,0.5027425949935175,0.00010026067776218167,0.0,0.0,0.0,0.0,0.0,0.0,0.0
KDD21,070_UCR_Anomaly_DISTORTEDltstdbs30791AI_17555_52600_52800.txt,"1,1,1",n,abs_resid,0.5973855263876003,0.015745784489070498,0.002840909090909091,0.005,0.0036231884057971015,0.005,0.00390625,0.20400000000000001,0.00766571471516609
KDD21,071_UCR_Anomaly_DISTORTEDltstdbs30791AS_23000_52600_52800.txt,"1,1,1",n,abs_resid,0.6209651162790698,0.017758108508265272,0.008522727272727272,0.015,0.010869565217391304,0.015,0.011450381679389313,0.20400000000000001,0.02168367346938776
KDD21,072_UCR_Anomaly_DISTORTEDltstdbs30791ES_20000_52600_52800.txt,"1,1,1",n,abs_resid,0.4963392441860465,0.01114524302426411,0.0,0.0,0.0,0.0,0.0,0.0,0.0
KDD21,073_UCR_Anomaly_DISTORTEDpark3m_60000_72150_72495.txt,"1,1,1",n,abs_resid,0.5077276603647257,0.01198581141736186,0.013888888888888888,0.014492753623188406,0.014184397163120567,0.014492753623188406,0.015723270440251572,0.20231884057971017,0.02917889421187723
KDD21,074_UCR_Anomaly_DISTORTEDqtdbSel1005V_4000_12400_12800.txt,"1,1,1",n,abs_resid,0.495632962962963,0.014100990505573499,0.017897091722595078,0.02,0.018890200708382526,0.02,0.01171875,0.20533333333333334,0.022172097710802897
KDD21,075_UCR_Anomaly_DISTORTEDqtdbSel100MLII_4000_13400_13800.txt,"1,1,1",n,abs_resid,0.4760825,0.013169752079675374,0.011428571428571429,0.015,0.012972972972972972,0.015,0.01607717041800643,0.20240000000000002,0.029788185981891604
KDD21,076_UCR_Anomaly_DISTORTEDresperation10_48000_130700_131880.txt,"1,1,1",n,abs_resid,0.5259840447429398,0.047965051305558115,0.1347517730496454,0.016101694915254237,0.028766086298258896,0.016101694915254237,0.11029411764705882,0.2008587570621469,0.14239649498696408
KDD21,077_UCR_Anomaly_DISTORTEDresperation11_58000_110800_110801.txt,"1,1,1",n,abs_resid,1.0,1.0,0.1,1.0,0.18181818181818182,1.0,0.0625,1.0,0.11764705882352941
KDD21,078_UCR_Anomaly_DISTORTEDresperation1_100000_110260_110412.txt,"1,1,1",n,abs_resid,0.5198261101863477,0.0056302660368453255,0.00684931506849315,0.013157894736842105,0.009009009009009009,0.013157894736842105,0.006896551724137931,0.20526315789473684,0.013344739093242089
KDD21,080_UCR_Anomaly_DISTORTEDresperation2_30000_168250_168251.txt,"1,1,1",n,abs_resid,0.5680856028534285,3.8586201574317025e-05,0.0,0.0,0.0,0.0,0.0,0.0,0.0
KDD21,081_UCR_Anomaly_DISTORTEDresperation3_45000_158250_158251.txt,"1,1,1",n,abs_resid,0.4042468082269409,2.7975158059643037e-05,0.0,0.0,0.0,0.0,0.0,0.0,0.0
KDD21,082_UCR_Anomaly_DISTORTEDresperation4_70000_128430_128431.txt,"1,1,1",n,abs_resid,0.3014767158905297,2.385951517465165e-05,0.0,0.0,0.0,0.0,0.0,0.0,0.0
KDD21,083_UCR_Anomaly_DISTORTEDresperation9_38000_143411_143511.txt,"1,1,1",n,abs_resid,0.9339187290969899,0.6863496416573772,0.8117647058823529,0.69,0.745945945945946,0.69,0.5904761904761904,0.2262857142857143,0.32718550106609806
KDD21,084_UCR_Anomaly_DISTORTEDs20101mML2_12000_35774_35874.txt,"1,1,1",n,abs_resid,0.6122194917912789,0.007937572720045909,0.0031496062992125984,0.02,0.005442176870748299,0.02,0.002890173410404624,0.21600000000000003,0.005704024506179359
KDD21,085_UCR_Anomaly_DISTORTEDs20101m_10000_35774_35874.txt,"1,1,1",n,abs_resid,0.5998175258809998,0.007380760026544621,0.008830022075055188,0.04,0.014466546112115732,0.04,0.003115264797507788,0.232,0.006147975408098367
KDD21,086_UCR_Anomaly_DISTORTEDsddb49_20000_67950_68200.txt,"1,1,1",n,abs_resid,0.4898868656716418,0.008808121195724581,0.0,0.0,0.0,0.0,0.0,0.0,0.0
KDD21,087_UCR_Anomaly_DISTORTEDsel840mECG1_17000_51370_51740.txt,"1,1,1",n,abs_resid,0.5047121842392693,0.02013370122763639,0.02335456475583864,0.02972972972972973,0.026159334126040427,0.02972972972972973,0.012953367875647668,0.20475675675675678,0.02436533073299251
KDD21,088_UCR_Anomaly_DISTORTEDsel840mECG2_20000_49370_49740.txt,"1,1,1",n,abs_resid,0.5273201101914996,0.01698319907001076,0.015250544662309368,0.01891891891891892,0.016887816646562123,0.01891891891891892,0.0165016501650165,0.20302702702702705,0.03052249042718484
KDD21,089_UCR_Anomaly_DISTORTEDtiltAPB1_100000_114283_114350.txt,"1,1,1",n,abs_resid,0.5620592457483404,0.002840377720018038,0.014705882352941176,0.014925373134328358,0.014814814814814815,0.014925373134328358,0.014925373134328358,0.2119402985074627,0.02788688138256088
KDD21,090_UCR_Anomaly_DISTORTEDtiltAPB2_50000_124159_124985.txt,"1,1,1",n,abs_resid,0.5293631556461638,0.049581877665680625,0.2857142857142857,0.002421307506053269,0.004801920768307323,0.002421307506053269,0.2,0.20193704600484264,0.20096385542168677
KDD21,091_UCR_Anomaly_DISTORTEDtiltAPB3_40000_114000_114370.txt,"1,1,1",n,abs_resid,0.43672902737364433,0.009979028941503114,0.0,0.0,0.0,0.0,0.0,0.0,0.0
KDD21,092_UCR_Anomaly_DISTORTEDtiltAPB4_20000_67995_67996.txt,"1,1,1",n,abs_resid,1.0,1.0,0.125,1.0,0.2222222222222222,1.0,0.08333333333333333,1.0,0.15384615384615385
KDD21,093_UCR_Anomaly_NOISE1sddb40_35000_52000_52620.txt,"1,1,1",n,abs_resid,0.4814924021168669,0.01907481449635586,0.00904977375565611,0.0032258064516129032,0.0047562425683709865,0.0032258064516129032,0.01639344262295082,0.20129032258064516,0.03031775337673696
KDD21,094_UCR_Anomaly_NOISEBIDMC1_2500_5400_5600.txt,"1,1,1",n,abs_resid,0.5427444444444445,0.02218541672017144,0.03669724770642202,0.02,0.025889967637540454,0.02,0.03669724770642202,0.20400000000000001,0.0622046043604208
KDD21,095_UCR_Anomaly_NOISECIMIS44AirTemperature4_4000_5549_5597.txt,"1,1,1",n,abs_resid,0.8439830178629958,0.2727400388233313,0.18548387096774194,0.4791666666666667,0.26744186046511625,0.4791666666666667,0.10952380952380952,0.23194444444444445,0.14878946349021888
KDD21,096_UCR_Anomaly_NOISEECG4_5000_16900_17100.txt,"1,1,1",n,abs_resid,0.47817096774193546,0.0067006724582990024,0.010498687664041995,0.02,0.013769363166953529,0.02,0.010638297872340425,0.20533333333333334,0.02022855641665572
KDD21,097_UCR_Anomaly_NOISEGP711MarkerLFM5z3_5000_5948_5993.txt,"1,1,1",n,abs_resid,0.6320126399925646,0.00854775274877855,0.036036036036036036,0.08888888888888889,0.05128205128205128,0.08888888888888889,0.036036036036036036,0.2177777777777778,0.06183940684650576
KDD21,098_UCR_Anomaly_NOISEInternalBleeding16_1200_4187_4199.txt,"1,1,1",n,abs_resid,0.8018538300618685,0.09478239278599347,0.16666666666666666,0.3333333333333333,0.2222222222222222,0.3333333333333333,0.17391304347826086,0.26666666666666666,0.2105263157894737
KDD21,099_UCR_Anomaly_NOISEInternalBleeding6_1500_3474_3629.txt,"1,1,1",n,abs_resid,0.4675290038671823,0.018081881521517403,0.0,0.0,0.0,0.0,0.0,0.0,0.0
KDD21,100_UCR_Anomaly_NOISELab2Cmac011215EPG1_5000_17210_17260.txt,"1,1,1",n,abs_resid,0.6782120327313363,0.05956109329801841,0.026570048309178744,0.22,0.04741379310344827,0.22,0.0171990171990172,0.22514285714285714,0.031956803856136445
KDD21,101_UCR_Anomaly_NOISELab2Cmac011215EPG4_6000_17390_17520.txt,"1,1,1",n,abs_resid,0.2709168998430597,0.002890647531701795,0.0,0.0,0.0,0.0,0.0,0.0,0.0
KDD21,102_UCR_Anomaly_NOISEMesoplodonDensirostris_10000_19280_19440.txt,"1,1,1",n,abs_resid,0.601616960003955,0.011776641282659683,0.014184397163120567,0.0375,0.02058319039451115,0.0375,0.012345679012345678,0.20750000000000002,0.02330478730871824
KDD21,103_UCR_Anomaly_NOISETkeepThirdMARS_3500_4711_4809.txt,"1,1,1",n,abs_resid,0.5250805585392051,0.009050777549542128,0.006134969325153374,0.01020408163265306,0.007662835249042145,0.01020408163265306,0.00641025641025641,0.20816326530612245,0.012437507621021826
KDD21,104_UCR_Anomaly_NOISEapneaecg4_6000_16000_16100.txt,"1,1,1",n,abs_resid,0.5181096989966555,0.0031925673796884854,0.0,0.0,0.0,0.0,0.0,0.0,0.0
KDD21,105_UCR_Anomaly_NOISEgait3_24500_59900_60500.txt,"1,1,1",n,abs_resid,0.5182129914529914,0.03238331796597928,0.03169014084507042,0.015,0.020361990950226245,0.015,0.0425531914893617,0.2015,0.070267207183645
KDD21,106_UCR_Anomaly_NOISEgaitHunt2_18500_31200_31850.txt,"1,1,1",n,abs_resid,0.5027667147162889,0.022051876348470188,0.03488372093023256,0.018461538461538463,0.02414486921529175,0.018461538461538463,0.030927835051546393,0.20164102564102565,0.053629882883538225
KDD21,107_UCR_Anomaly_NOISEinsectEPG3_5200_7000_7050.txt,"1,1,1",n,abs_resid,0.6097647768395656,0.007205560973353539,0.00980392156862745,0.06,0.016853932584269662,0.06,0.00980392156862745,0.216,0.018756512678013197
KDD21,109_UCR_Anomaly_1sddb40_35000_52000_52620.txt,"1,1,1",n,abs_resid,0.30242155075869037,0.013588540676923168,0.006060606060606061,0.0016129032258064516,0.0025477707006369425,0.0016129032258064516,0.011111111111111112,0.20129032258064516,0.021059736753290585
KDD21,110_UCR_Anomaly_2sddb40_35000_56600_56900.txt,"1,1,1",n,abs_resid,0.41232783389450056,0.009735244585727023,0.05389221556886228,0.03,0.03854389721627409,0.03,0.012987012987012988,0.224,0.02455063568610259
KDD21,111_UCR_Anomaly_3sddb40_35000_46600_46900.txt,"1,1,1",n,abs_resid,0.9748606060606062,0.43610680019618564,0.6114864864864865,0.6033333333333334,0.6073825503355704,0.6033333333333334,0.5528301886792453,0.208180790960452,0.3024624585588771
KDD21,112_UCR_Anomaly_BIDMC1_2500_5400_5600.txt,"1,1,1",n,abs_resid,0.45160324074074076,0.021229716767741075,0.03424657534246575,0.025,0.028901734104046242,0.025,0.03597122302158273,0.20400000000000001,0.06115841227964983
KDD21,113_UCR_Anomaly_CIMIS44AirTemperature1_4000_5391_5392.txt,"1,1,1",n,abs_resid,1.0,1.0,0.006289308176100629,1.0,0.0125,1.0,0.0024509803921568627,1.0,0.004889975550122249
KDD21,114_UCR_Anomaly_CIMIS44AirTemperature2_4000_5703_5727.txt,"1,1,1",n,abs_resid,0.11287785947712417,0.0015680250712368342,0.0,0.0,0.0,0.0,0.0,0.0,0.0
KDD21,115_UCR_Anomaly_CIMIS44AirTemperature3_4000_6520_6544.txt,"1,1,1",n,abs_resid,0.41120812908496734,0.009301712246574041,0.006097560975609756,0.041666666666666664,0.010638297872340425,0.041666666666666664,0.0035714285714285713,0.23333333333333334,0.007035175879396984
KDD21,116_UCR_Anomaly_CIMIS44AirTemperature4_4000_5549_5597.txt,"1,1,1",n,abs_resid,0.8728644296951819,0.3843819559508046,0.16901408450704225,0.5,0.25263157894736843,0.5,0.09803921568627451,0.23333333333333334,0.1380670611439842
KDD21,117_UCR_Anomaly_CIMIS44AirTemperature5_4000_4852_4900.txt,"1,1,1",n,abs_resid,0.6617809734513275,0.018623459535879218,0.030864197530864196,0.10416666666666667,0.047619047619047616,0.10416666666666667,0.03214285714285714,0.21666666666666667,0.05598086124401913
KDD21,118_UCR_Anomaly_CIMIS44AirTemperature6_4000_6006_6054.txt,"1,1,1",n,abs_resid,0.46787682317273027,0.005736219195171611,0.006535947712418301,0.020833333333333332,0.009950248756218905,0.020833333333333332,0.003787878787878788,0.21666666666666667,0.007445589919816724
KDD21,119_UCR_Anomaly_ECG1_10000_11800_12100.txt,"1,1,1",n,abs_resid,0.586437106918239,0.03339642055163941,0.02159090909090909,0.06333333333333334,0.03220338983050847,0.06333333333333334,0.012396694214876033,0.20562962962962963,0.023383668495504654
KDD21,120_UCR_Anomaly_ECG2_15000_16000_16100.txt,"1,1,1",n,abs_resid,0.5883107266435986,0.022761457076180033,0.007238883143743537,0.07,0.013120899718837863,0.07,0.004623791509037411,0.21400000000000002,0.009052000938270275
KDD21,121_UCR_Anomaly_ECG3_15000_16000_16100.txt,"1,1,1",n,abs_resid,0.3263273356401384,0.0024513049420988226,0.0026666666666666666,0.01,0.004210526315789474,0.01,0.00392156862745098,0.20800000000000002,0.007698001480384901
KDD21,122_UCR_Anomaly_ECG3_8000_17000_17100.txt,"1,1,1",n,abs_resid,0.26670107526881726,0.0024113869564494315,0.0027472527472527475,0.01,0.004310344827586207,0.01,0.004081632653061225,0.20800000000000002,0.00800615858352579
KDD21,123_UCR_Anomaly_ECG4_5000_16800_17100.txt,"1,1,1",n,abs_resid,0.5504237934904601,0.027784407623026003,0.16666666666666666,0.01,0.018867924528301886,0.01,0.25,0.20800000000000002,0.22707423580786026
KDD21,124_UCR_Anomaly_ECG4_5000_16900_17100.txt,"1,1,1",n,abs_resid,0.4631564516129032,0.006572828785606098,0.008264462809917356,0.015,0.010657193605683837,0.015,0.0067476383265856945,0.20600000000000002,0.013067251944229474
KDD21,125_UCR_Anomaly_ECG4_5000_17000_17100.txt,"1,1,1",n,abs_resid,0.5111924731182795,0.003966705427744755,0.0027472527472527475,0.01,0.004310344827586207,0.01,0.0040650406504065045,0.20800000000000002,0.007974237080202425
KDD21,126_UCR_Anomaly_ECG4_8000_17000_17100.txt,"1,1,1",n,abs_resid,0.28594480286738355,0.0024862772525922096,0.0027472527472527475,0.01,0.004310344827586207,0.01,0.004081632653061225,0.20800000000000002,0.00800615858352579
KDD21,127_UCR_Anomaly_GP711MarkerLFM5z1_5000_6168_6212.txt,"1,1,1",n,abs_resid,0.15334065817086892,0.0020802598559983075,0.0,0.0,0.0,0.0,0.0,0.0,0.0
KDD21,128_UCR_Anomaly_GP711MarkerLFM5z2_5000_7175_7388.txt,"1,1,1",n,abs_resid,0.5127344480331837,0.02328415636638479,0.2,0.004694835680751174,0.009174311926605505,0.004694835680751174,0.3333333333333333,0.20375586854460095,0.2529137529137529
KDD21,129_UCR_Anomaly_GP711MarkerLFM5z3_5000_5948_5993.txt,"1,1,1",n,abs_resid,0.8577331660393142,0.036503277981305586,0.2857142857142857,0.044444444444444446,0.07692307692307693,0.044444444444444446,0.3333333333333333,0.23555555555555557,0.27604166666666663
KDD21,130_UCR_Anomaly_GP711MarkerLFM5z4_4000_6527_6645.txt,"1,1,1",n,abs_resid,0.747123551077117,0.0246656955166562,0.25,0.01694915254237288,0.031746031746031744,0.01694915254237288,0.2222222222222222,0.21355932203389832,0.21780466724286948
KDD21,131_UCR_Anomaly_GP711MarkerLFM5z5_5000_8612_8716.txt,"1,1,1",n,abs_resid,0.7354581048574829,0.020014766411003564,0.16666666666666666,0.009615384615384616,0.01818181818181818,0.009615384615384616,0.3333333333333333,0.2076923076923077,0.2559241706161138
KDD21,132_UCR_Anomaly_InternalBleeding10_3200_4526_4556.txt,"1,1,1",n,abs_resid,0.38179181724891803,0.022491951608163904,0.5,0.06666666666666667,0.11764705882352941,0.06666666666666667,0.5,0.25333333333333335,0.33628318584070793
KDD21,133_UCR_Anomaly_InternalBleeding14_2800_5607_5634.txt,"1,1,1",n,abs_resid,0.5550500996045551,0.05051797174815306,0.5,0.07407407407407407,0.12903225806451613,0.07407407407407407,0.5,0.2592592592592593,0.34146341463414637
KDD21,134_UCR_Anomaly_InternalBleeding15_1700_5684_5854.txt,"1,1,1",n,abs_resid,0.2265390613249741,0.013109105979731778,0.0,0.0,0.0,0.0,0.0,0.0,0.0
KDD21,135_UCR_Anomaly_InternalBleeding16_1200_4187_4199.txt,"1,1,1",n,abs_resid,0.9991765700805626,0.5503647328824215,0.7692307692307693,0.8333333333333334,0.8,0.8333333333333334,0.5,0.5333333333333334,0.5161290322580646
KDD21,136_UCR_Anomaly_InternalBleeding17_1600_3198_3309.txt,"1,1,1",n,abs_resid,0.9787717071517315,0.8507058651214593,0.9491525423728814,0.5045045045045045,0.6588235294117647,0.5045045045045045,0.9285714285714286,0.21552321552321554,0.3498464067840609
KDD21,137_UCR_Anomaly_InternalBleeding18_2300_4485_4587.txt,"1,1,1",n,abs_resid,0.9728424216401889,0.8191106081135456,0.918918918918919,0.3333333333333333,0.4892086330935252,0.3333333333333333,0.9047619047619048,0.21403508771929824,0.3461768219832736
KDD21,138_UCR_Anomaly_InternalBleeding19_3000_4187_4197.txt,"1,1,1",n,abs_resid,0.9986381842456609,0.5433895131086143,0.3333333333333333,0.1,0.15384615384615385,0.1,0.5,0.28,0.358974358974359
KDD21,139_UCR_Anomaly_InternalBleeding20_2700_5759_5919.txt,"1,1,1",n,abs_resid,0.4882825272479564,0.031610681663722925,0.0,0.0,0.0,0.0,0.0,0.0,0.0
KDD21,140_UCR_Anomaly_InternalBleeding4_1000_4675_5033.txt,"1,1,1",n,abs_resid,0.53291419851297,0.09375819808043184,0.0,0.0,0.0,0.0,0.0,0.0,0.0
KDD21,141_UCR_Anomaly_InternalBleeding5_4000_6200_6370.txt,"1,1,1",n,abs_resid,0.528365201152925,0.06973366064047182,0.0,0.0,0.0,0.0,0.0,0.0,0.0
KDD21,142_UCR_Anomaly_InternalBleeding6_1500_3474_3629.txt,"1,1,1",n,abs_resid,0.26135183615879964,0.012341691383345661,0.0,0.0,0.0,0.0,0.0,0.0,0.0
KDD21,143_UCR_Anomaly_InternalBleeding8_2500_5865_5974.txt,"1,1,1",n,abs_resid,0.09401187497517774,0.007597517890686848,0.0,0.0,0.0,0.0,0.0,0.0,0.0
KDD21,144_UCR_Anomaly_InternalBleeding9_4200_6599_6681.txt,"1,1,1",n,abs_resid,0.12233750521896647,0.005821069470020177,0.0,0.0,0.0,0.0,0.0,0.0,0.0
KDD21,145_UCR_Anomaly_Lab2Cmac011215EPG1_5000_17210_17260.txt,"1,1,1",n,abs_resid,0.7087206661619985,0.06719407360421745,0.030373831775700934,0.26,0.05439330543933055,0.26,0.01904761904761905,0.226,0.035134084726000776
KDD21,146_UCR_Anomaly_Lab2Cmac011215EPG2_5000_27862_27932.txt,"1,1,1",n,abs_resid,0.48983932978526934,0.004069635553322561,0.0,0.0,0.0,0.0,0.0,0.0,0.0
KDD21,147_UCR_Anomaly_Lab2Cmac011215EPG3_5000_16390_16420.txt,"1,1,1",n,abs_resid,0.9370802663862601,0.4715438721865919,0.05060240963855422,0.7,0.09438202247191012,0.7,0.014309764309764309,0.29333333333333333,0.027288314910072598
KDD21,148_UCR_Anomaly_Lab2Cmac011215EPG4_6000_17390_17520.txt,"1,1,1",n,abs_resid,0.19701673843473017,0.002662045151774748,0.0,0.0,0.0,0.0,0.0,0.0,0.0
KDD21,149_UCR_Anomaly_Lab2Cmac011215EPG5_7000_17390_17520.txt,"1,1,1",n,abs_resid,0.29205471888398715,0.005903858990789991,0.009324009324009324,0.03076923076923077,0.014311270125223614,0.03076923076923077,0.007058823529411765,0.2082051282051282,0.013654708520179372
KDD21,150_UCR_Anomaly_Lab2Cmac011215EPG6_7000_12190_12420.txt,"1,1,1",n,abs_resid,0.06703360856663657,0.004418402538788005,0.0,0.0,0.0,0.0,0.0,0.0,0.0
KDD21,151_UCR_Anomaly_MesoplodonDensirostris_10000_19280_19440.txt,"1,1,1",n,abs_resid,0.8548805433331685,0.033977366890203115,0.028037383177570093,0.075,0.04081632653061224,0.075,0.024615384615384615,0.20750000000000002,0.044009942004971
KDD21,152_UCR_Anomaly_PowerDemand1_9000_18485_18821.txt,"1,1,1",n,abs_resid,0.10475973901624994,0.006835408634195745,0.0,0.0,0.0,0.0,0.0,0.0,0.0
KDD21,153_UCR_Anomaly_PowerDemand2_14000_23357_23717.txt,"1,1,1",n,abs_resid,0.1958692111079685,0.012333035259739179,0.026246719160104987,0.027777777777777776,0.02699055330634278,0.027777777777777776,0.028011204481792718,0.20222222222222222,0.04920647795171276
KDD21,154_UCR_Anomaly_PowerDemand3_16000_23405_23477.txt,"1,1,1",n,abs_resid,0.42904068653346183,0.0027968509243541106,0.002617801047120419,0.013888888888888888,0.004405286343612335,0.013888888888888888,0.0028011204481792717,0.2111111111111111,0.0055288811290557256
KDD21,155_UCR_Anomaly_PowerDemand4_18000_24005_24077.txt,"1,1,1",n,abs_resid,0.5464812239591659,0.006727019760412443,0.012437810945273632,0.06944444444444445,0.02109704641350211,0.06944444444444445,0.01078167115902965,0.2138888888888889,0.02052854333988736
KDD21,156_UCR_Anomaly_TkeepFifthMARS_3500_5988_6085.txt,"1,1,1",n,abs_resid,0.23211977368578945,0.005147493007954132,0.0,0.0,0.0,0.0,0.0,0.0,0.0
KDD21,157_UCR_Anomaly_TkeepFirstMARS_3500_5365_5380.txt,"1,1,1",n,abs_resid,0.6534281450267755,0.002077454375424048,0.0,0.0,0.0,0.0,0.0,0.0,0.0
KDD21,158_UCR_Anomaly_TkeepForthMARS_3500_5988_6085.txt,"1,1,1",n,abs_resid,0.2997102440809698,0.029674615880692437,0.08389261744966443,0.25773195876288657,0.12658227848101267,0.25773195876288657,0.034334763948497854,0.22577319587628866,0.059605014714137476
KDD21,159_UCR_Anomaly_TkeepSecondMARS_3500_9330_9340.txt,"1,1,1",n,abs_resid,0.6133239585164353,0.20579503290641693,0.011029411764705883,0.3,0.02127659574468085,0.3,0.004366812227074236,0.44,0.008647798742138365
KDD21,160_UCR_Anomaly_TkeepThirdMARS_3500_4711_4809.txt,"1,1,1",n,abs_resid,0.6310145824609952,0.012861202493206606,0.0071174377224199285,0.02040816326530612,0.010554089709762533,0.02040816326530612,0.008733624454148471,0.20816326530612245,0.016763908291560523
KDD21,161_UCR_Anomaly_WalkingAceleration1_1500_2764_2995.txt,"1,1,1",n,abs_resid,0.1472357901925545,0.019136229667389953,0.007874015748031496,0.004329004329004329,0.00558659217877095,0.004329004329004329,0.010526315789473684,0.20346320346320348,0.020017035775127767
KDD21,162_UCR_Anomaly_WalkingAceleration5_2700_5920_5979.txt,"1,1,1",n,abs_resid,0.46832619123760794,0.05582126370602185,0.045454545454545456,0.06779661016949153,0.05442176870748299,0.06779661016949153,0.014492753623188406,0.2542372881355932,0.027422303473491776
KDD21,163_UCR_Anomaly_apneaecg2_10000_20950_21100.txt,"1,1,1",n,abs_resid,0.5470885538805137,0.006080458379379655,0.0055762081784386614,0.02,0.00872093023255814,0.02,0.002583979328165375,0.21600000000000003,0.005106865897484396
KDD21,164_UCR_Anomaly_apneaecg3_5000_11111_11211.txt,"1,1,1",n,abs_resid,0.9534942908769368,0.10204649562202728,0.09003831417624521,0.47,0.15112540192926044,0.47,0.029715762273901807,0.23418181818181819,0.05273933338792892
KDD21,165_UCR_Anomaly_apneaecg4_6000_16000_16100.txt,"1,1,1",n,abs_resid,0.1558066889632107,0.0018050038941280146,0.0,0.0,0.0,0.0,0.0,0.0,0.0
KDD21,166_UCR_Anomaly_apneaecg_10000_12240_12308.txt,"1,1,1",n,abs_resid,0.4540070444488704,0.003725972450445642,0.0020325203252032522,0.014705882352941176,0.0035714285714285713,0.014705882352941176,0.0028169014084507044,0.21176470588235297,0.00555984555984556
KDD21,167_UCR_Anomaly_gait1_20000_38500_38800.txt,"1,1,1",n,abs_resid,0.47043075196408524,0.009459452542543285,0.010080645161290322,0.016666666666666666,0.01256281407035176,0.016666666666666666,0.013559322033898305,0.20333333333333334,0.025423287314404793
KDD21,168_UCR_Anomaly_gait2_22000_46500_46800.txt,"1,1,1",n,abs_resid,0.49875286195286195,0.010031811776762512,0.010554089709762533,0.013333333333333334,0.011782032400589101,0.013333333333333334,0.009345794392523364,0.20533333333333334,0.01787787322962619
KDD21,169_UCR_Anomaly_gait3_24500_59900_60500.txt,"1,1,1",n,abs_resid,0.22215000000000001,0.05012230282226868,0.2602040816326531,0.17,0.2056451612903226,0.17,0.19545454545454546,0.20316279069767443,0.1992341391490671
KDD21,170_UCR_Anomaly_gaitHunt1_18500_33070_33180.txt,"1,1,1",n,abs_resid,0.41432373247361537,0.01732731044485251,0.014842300556586271,0.07272727272727272,0.02465331278890601,0.07272727272727272,0.01990049751243781,0.20727272727272728,0.036314406307238985
KDD21,171_UCR_Anomaly_gaitHunt2_18500_31200_31850.txt,"1,1,1",n,abs_resid,0.2788746429039444,0.020615888568163432,0.03944315545243619,0.026153846153846153,0.03145235892691952,0.026153846153846153,0.04100946372239748,0.2016094674556213,0.06815540816678238
KDD21,172_UCR_Anomaly_gaitHunt3_23400_38400_39200.txt,"1,1,1",n,abs_resid,0.30425753424657537,0.025790077018652723,0.041666666666666664,0.01625,0.023381294964028777,0.01625,0.046413502109704644,0.20118181818181818,0.07542592268401394
KDD21,173_UCR_Anomaly_insectEPG1_3000_7000_7030.txt,"1,1,1",n,abs_resid,0.48988733995252903,0.0027928274317805426,0.0,0.0,0.0,0.0,0.0,0.0,0.0
KDD21,174_UCR_Anomaly_insectEPG2_3700_8000_8025.txt,"1,1,1",n,abs_resid,0.39572846686052343,0.001892678911057197,0.0,0.0,0.0,0.0,0.0,0.0,0.0
KDD21,175_UCR_Anomaly_insectEPG3_5200_7000_7050.txt,"1,1,1",n,abs_resid,0.7873703256936067,0.04364210346808801,0.012755102040816327,0.1,0.02262443438914027,0.1,0.012755102040816327,0.21600000000000003,0.02408778660005353
KDD21,176_UCR_Anomaly_insectEPG4_1300_6508_6558.txt,"1,1,1",n,abs_resid,0.6068777643747487,0.006304825255222444,0.0,0.0,0.0,0.0,0.0,0.0,0.0
KDD21,177_UCR_Anomaly_insectEPG5_3200_8500_8501.txt,"1,1,1",n,abs_resid,0.6159369701805126,0.00012980269989615784,0.0,0.0,0.0,0.0,0.0,0.0,0.0
KDD21,178_UCR_Anomaly_ltstdbs30791AI_17555_52600_52800.txt,"1,1,1",n,abs_resid,0.6415461441903618,0.01805451974358526,0.002881844380403458,0.005,0.003656307129798903,0.005,0.0038461538461538464,0.20400000000000001,0.007549962990377499
KDD21,179_UCR_Anomaly_ltstdbs30791AS_23000_52600_52800.txt,"1,1,1",n,abs_resid,0.6416043604651163,0.020367698644277336,0.011428571428571429,0.02,0.014545454545454545,0.02,0.015151515151515152,0.20400000000000001,0.028207964601769914
KDD21,180_UCR_Anomaly_ltstdbs30791ES_20000_52600_52800.txt,"1,1,1",n,abs_resid,0.5061770348837209,0.011140983725278077,0.0,0.0,0.0,0.0,0.0,0.0,0.0
KDD21,181_UCR_Anomaly_park3m_60000_72150_72495.txt,"1,1,1",n,abs_resid,0.4823676140348305,0.01098220244883483,0.01277139208173691,0.028985507246376812,0.01773049645390071,0.028985507246376812,0.011570247933884297,0.20331262939958594,0.02189450885463116
KDD21,182_UCR_Anomaly_qtdbSel1005V_4000_12400_12800.txt,"1,1,1",n,abs_resid,0.4949063888888889,0.014222473113212947,0.017897091722595078,0.02,0.018890200708382526,0.02,0.011811023622047244,0.20533333333333334,0.0223371851278828
KDD21,183_UCR_Anomaly_qtdbSel100MLII_4000_13400_13800.txt,"1,1,1",n,abs_resid,0.4717101785714286,0.013132579755878039,0.011131725417439703,0.015,0.012779552715654952,0.015,0.0134185303514377,0.20240000000000002,0.025168464808915315
KDD21,184_UCR_Anomaly_resperation10_48000_130700_131880.txt,"1,1,1",n,abs_resid,0.5951455556993144,0.18842962333542163,0.0,0.0,0.0,0.0,0.0,0.0,0.0
KDD21,185_UCR_Anomaly_resperation11_58000_110800_110801.txt,"1,1,1",n,abs_resid,1.0,1.0,0.25,1.0,0.4,1.0,0.25,1.0,0.4
KDD21,186_UCR_Anomaly_resperation1_100000_110260_110412.txt,"1,1,1",n,abs_resid,0.03894446775945491,0.004322666039979535,0.013953488372093023,0.019736842105263157,0.01634877384196185,0.019736842105263157,0.003947368421052632,0.21578947368421053,0.007752915222187204
KDD21,188_UCR_Anomaly_resperation2_30000_168250_168251.txt,"1,1,1",n,abs_resid,0.09280309343644788,1.8371546149323927e-05,0.0,0.0,0.0,0.0,0.0,0.0,0.0
KDD21,189_UCR_Anomaly_resperation3_45000_158250_158251.txt,"1,1,1",n,abs_resid,0.09243641454715157,1.836412384765123e-05,0.0,0.0,0.0,0.0,0.0,0.0,0.0
KDD21,190_UCR_Anomaly_resperation4_70000_128430_128431.txt,"1,1,1",n,abs_resid,0.9480316010533685,0.0003205128205128205,0.0,0.0,0.0,0.0,0.0,0.0,0.0
KDD21,191_UCR_Anomaly_resperation9_38000_143411_143511.txt,"1,1,1",n,abs_resid,0.9955645484949833,0.8711317726871617,0.9555555555555556,0.86,0.9052631578947369,0.86,0.878698224852071,0.25733333333333336,0.3980846158119896
KDD21,192_UCR_Anomaly_s20101mML2_12000_35774_35874.txt,"1,1,1",n,abs_resid,0.6213348321656382,0.008795527191263818,0.00315955766192733,0.02,0.005457025920873124,0.02,0.002890173410404624,0.21600000000000003,0.005704024506179359
KDD21,193_UCR_Anomaly_s20101m_10000_35774_35874.txt,"1,1,1",n,abs_resid,0.5743610791592597,0.006693659896894533,0.008771929824561403,0.04,0.014388489208633094,0.04,0.0030864197530864196,0.232,0.006091797080138641
KDD21,194_UCR_Anomaly_sddb49_20000_67950_68200.txt,"1,1,1",n,abs_resid,0.5404767164179104,0.010245966233305672,0.0,0.0,0.0,0.0,0.0,0.0,0.0
KDD21,195_UCR_Anomaly_sel840mECG1_17000_51370_51740.txt,"1,1,1",n,abs_resid,0.4911076898050243,0.017776641400473157,0.023305084745762712,0.02972972972972973,0.026128266033254157,0.02972972972972973,0.012953367875647668,0.20475675675675678,0.02436533073299251
KDD21,196_UCR_Anomaly_sel840mECG2_20000_49370_49740.txt,"1,1,1",n,abs_resid,0.5199702060445064,0.01672289667124282,0.014957264957264958,0.01891891891891892,0.016706443914081145,0.01891891891891892,0.016339869281045753,0.20302702702702705,0.030245539668684113
KDD21,197_UCR_Anomaly_tiltAPB1_100000_114283_114350.txt,"1,1,1",n,abs_resid,0.6549682350283793,0.008310111060316594,0.2,0.014925373134328358,0.027777777777777776,0.014925373134328358,0.16666666666666666,0.2119402985074627,0.18659658344283836
KDD21,198_UCR_Anomaly_tiltAPB2_50000_124159_124985.txt,"1,1,1",n,abs_resid,0.5267908870555833,0.04918572688173637,0.4,0.002421307506053269,0.0048134777376654635,0.002421307506053269,0.3333333333333333,0.20193704600484264,0.2515078407720145
KDD21,199_UCR_Anomaly_tiltAPB3_40000_114000_114370.txt,"1,1,1",n,abs_resid,0.13716777188933788,0.006773931981742008,0.0,0.0,0.0,0.0,0.0,0.0,0.0
KDD21,200_UCR_Anomaly_tiltAPB4_20000_67995_67996.txt,"1,1,1",n,abs_resid,1.0,1.0,0.125,1.0,0.2222222222222222,1.0,0.08333333333333333,1.0,0.15384615384615385
KDD21,201_UCR_Anomaly_CHARISfive_10000_17001_17016.txt,"1,1,1",n,abs_resid,0.5871024401089433,0.0006849065601141275,0.0,0.0,0.0,0.0,0.0,0.0,0.0
KDD21,202_UCR_Anomaly_CHARISfive_10411_10998_11028.txt,"1,1,1",n,abs_resid,0.4097787019921955,0.0008954102974421743,0.0,0.0,0.0,0.0,0.0,0.0,0.0
KDD21,203_UCR_Anomaly_CHARISfive_11812_10995_11028.txt,"1,1,1",n,abs_resid,0.39639052881484127,0.0010528647088098434,0.0013333333333333333,0.030303030303030304,0.002554278416347382,0.030303030303030304,0.0013404825737265416,0.22424242424242424,0.0026650340332048834
KDD21,204_UCR_Anomaly_CHARISfive_12412_15000_15070.txt,"1,1,1",n,abs_resid,0.5329989022003723,0.0025989370193981913,0.0,0.0,0.0,0.0,0.0,0.0,0.0
KDD21,205_UCR_Anomaly_CHARISfive_9812_28995_29085.txt,"1,1,1",n,abs_resid,0.2347032081528882,0.0021148253362292284,0.0,0.0,0.0,0.0,0.0,0.0,0.0
KDD21,206_UCR_Anomaly_CHARISten_25130_29080_29140.txt,"1,1,1",n,abs_resid,0.5612084230677195,0.0024615866829481685,0.0,0.0,0.0,0.0,0.0,0.0,0.0
KDD21,207_UCR_Anomaly_CHARISten_3165_26929_26989.txt,"1,1,1",n,abs_resid,0.5336071159571034,0.002737064242610642,0.0,0.0,0.0,0.0,0.0,0.0,0.0
KDD21,208_UCR_Anomaly_CHARISten_5130_27929_27989.txt,"1,1,1",n,abs_resid,0.5181443755006396,0.002387550355896821,0.003003003003003003,0.03333333333333333,0.005509641873278237,0.03333333333333333,0.003003003003003003,0.21333333333333335,0.005922635572829909
KDD21,209_UCR_Anomaly_Fantasia_19000_26970_27270.txt,"1,1,1",n,abs_resid,0.5386338945005612,0.013099544398098902,0.01639344262295082,0.02,0.018018018018018018,0.02,0.018656716417910446,0.20320000000000002,0.034175614219208304
KDD21,210_UCR_Anomaly_Italianpowerdemand_36123_74900_74996.txt,"1,1,1",n,abs_resid,0.5850677027599429,0.004570017655252484,0.007366482504604052,0.041666666666666664,0.012519561815336464,0.041666666666666664,0.007766990291262136,0.20833333333333334,0.01497566454511419
KDD21,211_UCR_Anomaly_Italianpowerdemand_38113_39240_39336.txt,"1,1,1",n,abs_resid,0.6052534777956126,0.004673679797091721,0.0036496350364963502,0.020833333333333332,0.006211180124223602,0.020833333333333332,0.003929273084479371,0.20833333333333334,0.0077130736598534505
KDD21,212_UCR_Anomaly_Italianpowerdemand_8913_29480_29504.txt,"1,1,1",n,abs_resid,0.4033944815366997,0.001233729700631148,0.0,0.0,0.0,0.0,0.0,0.0,0.0
KDD21,213_UCR_Anomaly_STAFFIIIDatabase_33211_126920_127370.txt,"1,1,1",n,abs_resid,0.5537194209437863,0.030663769975038477,0.2830188679245283,0.03333333333333333,0.05964214711729622,0.03333333333333333,0.21825396825396826,0.20333333333333334,0.21052961847389556
KDD21,214_UCR_Anomaly_STAFFIIIDatabase_34211_125720_126370.txt,"1,1,1",n,abs_resid,0.4189531123050714,0.01780186148255529,0.009900990099009901,0.006153846153846154,0.007590132827324478,0.006153846153846154,0.012269938650306749,0.20123076923076924,0.023129564463935208
KDD21,215_UCR_Anomaly_STAFFIIIDatabase_36276_106720_107370.txt,"1,1,1",n,abs_resid,0.5262557462979951,0.02347118608718478,0.02158273381294964,0.018461538461538463,0.01990049751243781,0.018461538461538463,0.019519519519519517,0.20164102564102565,0.03559347290520337
KDD21,216_UCR_Anomaly_STAFFIIIDatabase_37216_160720_161370.txt,"1,1,1",n,abs_resid,0.5002380290918622,0.022819975804408536,0.027522935779816515,0.018461538461538463,0.022099447513812154,0.018461538461538463,0.02247191011235955,0.20246153846153847,0.040453721066060065
KDD21,217_UCR_Anomaly_STAFFIIIDatabase_38211_150720_151370.txt,"1,1,1",n,abs_resid,0.604496029353951,0.046167550740246914,0.09336609336609336,0.05846153846153846,0.07190160832544938,0.05846153846153846,0.08922558922558922,0.20161273209549072,0.12370457053175943
KDD21,218_UCR_Anomaly_STAFFIIIDatabase_41117_210720_211370.txt,"1,1,1",n,abs_resid,0.3848525750229328,0.022129355678862248,0.04411764705882353,0.027692307692307693,0.034026465028355386,0.027692307692307693,0.024012158054711248,0.20276923076923078,0.04293938619136776
KDD21,219_UCR_Anomaly_STAFFIIIDatabase_41612_64632_64852.txt,"1,1,1",n,abs_resid,0.5801479028023689,0.017444924523004175,0.05060240963855422,0.09545454545454546,0.06614173228346457,0.09545454545454546,0.03436853002070393,0.20636363636363636,0.05892369879828929
KDD21,220_UCR_Anomaly_STAFFIIIDatabase_43217_250720_251370.txt,"1,1,1",n,abs_resid,0.591794417507535,0.03586077486211246,0.05037783375314862,0.03076923076923077,0.038204393505253106,0.03076923076923077,0.041637751561415685,0.20223776223776224,0.0690575742452499
KDD21,221_UCR_Anomaly_STAFFIIIDatabase_45616_163632_164852.txt,"1,1,1",n,abs_resid,0.5607359960810673,0.05059466316430553,0.04744525547445255,0.021311475409836064,0.029411764705882353,0.021311475409836064,0.05747126436781609,0.20068196721311476,0.0893534922722251
KDD21,222_UCR_Anomaly_mit14046longtermecg_56123_91200_91700.txt,"1,1,1",n,abs_resid,0.3033062372881356,0.01106858959051476,0.007547169811320755,0.012,0.009266409266409266,0.012,0.007233273056057866,0.20240000000000002,0.013967386428724235
KDD21,223_UCR_Anomaly_mit14046longtermecg_74123_131200_131700.txt,"1,1,1",n,abs_resid,0.14984237288135593,0.009129418857804127,0.0,0.0,0.0,0.0,0.0,0.0,0.0
KDD21,224_UCR_Anomaly_mit14046longtermecg_76123_191200_191700.txt,"1,1,1",n,abs_resid,0.5662564525224482,0.037214253162971396,0.03003003003003003,0.04,0.03430531732418525,0.04,0.022026431718061675,0.20320000000000002,0.03974463290980785
KDD21,225_UCR_Anomaly_mit14046longtermecg_81214_143000_143300.txt,"1,1,1",n,abs_resid,0.5556021324354656,0.013261462810269253,0.021791767554479417,0.03,0.025245441795231416,0.03,0.02586206896551724,0.2026666666666667,0.04587063675686551
KDD21,226_UCR_Anomaly_mit14046longtermecg_96123_123000_123300.txt,"1,1,1",n,abs_resid,0.6917204264870931,0.032041400545110184,0.043478260869565216,0.06,0.05042016806722689,0.06,0.020289855072463767,0.20685714285714288,0.03695493656117836
KDD21,227_UCR_Anomaly_mit14134longtermecg_11231_29000_29100.txt,"1,1,1",n,abs_resid,0.2758926421404682,0.0021970470551071924,0.0,0.0,0.0,0.0,0.0,0.0,0.0
KDD21,228_UCR_Anomaly_mit14134longtermecg_11361_47830_47850.txt,"1,1,1",n,abs_resid,0.7166156787762906,0.0026420757777611964,0.0046801872074883,0.15,0.009077155824508321,0.15,0.006564551422319475,0.24000000000000002,0.012779552715654952
KDD21,229_UCR_Anomaly_mit14134longtermecg_16363_57960_57970.txt,"1,1,1",n,abs_resid,0.8754210854647535,0.004802383992127148,0.0047169811320754715,0.2,0.009216589861751152,0.2,0.006944444444444444,0.28,0.013552758954501453
KDD21,230_UCR_Anomaly_mit14134longtermecg_19363_19510_19610.txt,"1,1,1",n,abs_resid,0.5053929765886288,0.003578208597553895,0.0049261083743842365,0.04,0.008771929824561403,0.04,0.005964214711729622,0.21066666666666667,0.011600019578092114
KDD21,231_UCR_Anomaly_mit14134longtermecg_8763_47530_47790.txt,"1,1,1",n,abs_resid,0.38406773691779417,0.007219722423428331,0.003389830508474576,0.007692307692307693,0.004705882352941176,0.007692307692307693,0.004545454545454545,0.2030769230769231,0.008891882788817784
KDD21,232_UCR_Anomaly_mit14134longtermecg_8763_57530_57790.txt,"1,1,1",n,abs_resid,0.3940108195321027,0.011980704198064594,0.007894736842105263,0.011538461538461539,0.009375,0.011538461538461539,0.01079136690647482,0.2030769230769231,0.020493712156497437
KDD21,233_UCR_Anomaly_mit14157longtermecg_18913_24500_24501.txt,"1,1,1",n,abs_resid,0.999933331111037,0.16666666666666666,0.0013089005235602095,1.0,0.00261437908496732,1.0,0.0001885369532428356,1.0,0.00037700282752120643
KDD21,234_UCR_Anomaly_mit14157longtermecg_18913_24600_24601.txt,"1,1,1",n,abs_resid,0.9840994699823328,0.0010460251046025104,0.0012437810945273632,1.0,0.002484472049689441,1.0,0.00037593984962406017,1.0,0.000751597143930853
KDD21,235_UCR_Anomaly_mit14157longtermecg_18913_75450_75451.txt,"1,1,1",n,abs_resid,1.0,1.0,0.0014925373134328358,1.0,0.0029806259314456036,1.0,0.0001971608832807571,1.0,0.0003942440370589395
KDD21,236_UCR_Anomaly_mit14157longtermecg_19313_46350_46390.txt,"1,1,1",n,abs_resid,0.258142523364486,0.04551464953708065,0.004694835680751174,0.1,0.008968609865470852,0.1,0.001078167115902965,0.28,0.0021480629075565786
KDD21,237_UCR_Anomaly_mit14157longtermecg_19313_89560_90370.txt,"1,1,1",n,abs_resid,0.4855891166247153,0.033879222068578414,0.02710843373493976,0.022222222222222223,0.024423337856173677,0.022222222222222223,0.022530329289428077,0.20136752136752137,0.0405263074325576
KDD21,238_UCR_Anomaly_mit14157longtermecg_21311_72600_72780.txt,"1,1,1",n,abs_resid,0.4721942767717416,0.0055632819338721235,0.006858710562414266,0.027777777777777776,0.011001100110011002,0.027777777777777776,0.005454545454545455,0.20740740740740743,0.010629547611515343
KDD21,239_UCR_Anomaly_taichidbS0715Master_190037_593450_593514.txt,"1,1,1",n,abs_resid,0.6990499002037681,0.008829434872629903,0.0,0.0,0.0,0.0,0.0,0.0,0.0
KDD21,240_UCR_Anomaly_taichidbS0715Master_240030_884100_884200.txt,"1,1,1",n,abs_resid,0.6074376254180602,0.00854323643287314,0.0,0.0,0.0,0.0,0.0,0.0,0.0
KDD21,241_UCR_Anomaly_taichidbS0715Master_250000_837400_839100.txt,"1,1,1",n,abs_resid,0.5041859280814799,0.06315906041470731,0.0,0.0,0.0,0.0,0.0,0.0,0.0
KDD21,242_UCR_Anomaly_tilt12744mtable_100000_104630_104890.txt,"1,1,1",n,abs_resid,0.3205284258444985,0.005721160470017952,0.0,0.0,0.0,0.0,0.0,0.0,0.0
KDD21,243_UCR_Anomaly_tilt12744mtable_100000_203355_203400.txt,"1,1,1",n,abs_resid,0.6617018119772251,0.0078072826912935185,0.0,0.0,0.0,0.0,0.0,0.0,0.0
KDD21,244_UCR_Anomaly_tilt12754table_100013_104630_104890.txt,"1,1,1",n,abs_resid,0.3311601831255496,0.006350835420552686,0.0,0.0,0.0,0.0,0.0,0.0,0.0
KDD21,245_UCR_Anomaly_tilt12754table_100211_270800_271070.txt,"1,1,1",n,abs_resid,0.4406866738921902,0.02138253689552974,0.3888888888888889,0.025925925925925925,0.04861111111111111,0.025925925925925925,0.2222222222222222,0.21037037037037037,0.21613394216133944
KDD21,246_UCR_Anomaly_tilt12755mtable_100211_270800_271070.txt,"1,1,1",n,abs_resid,0.457394326718242,0.032995332237733314,0.0,0.0,0.0,0.0,0.0,0.0,0.0
KDD21,247_UCR_Anomaly_tilt12755mtable_50211_121900_121980.txt,"1,1,1",n,abs_resid,0.348512491644385,0.002217918627128692,0.0,0.0,0.0,0.0,0.0,0.0,0.0
KDD21,248_UCR_Anomaly_weallwalk_2000_4702_4707.txt,"1,1,1",n,abs_resid,0.30065266405601043,0.00038509921826591545,0.0,0.0,0.0,0.0,0.0,0.0,0.0
KDD21,249_UCR_Anomaly_weallwalk_2753_8285_8315.txt,"1,1,1",n,abs_resid,0.48093196112064035,0.00271847437993011,0.0,0.0,0.0,0.0,0.0,0.0,0.0
KDD21,250_UCR_Anomaly_weallwalk_2951_7290_7296.txt,"1,1,1",n,abs_resid,0.8190753839291403,0.002203333866015421,0.0,0.0,0.0,0.0,0.0,0.0,0.0
Daphnet,S09R01E4.test.csv@3.out,"1,1,1",n,abs_resid,0.7630996858826314,0.07270972525507288,0.05741626794258373,0.04477611940298507,0.050314465408805034,0.04477611940298507,0.08403361344537816,0.2035820895522388,0.11896247972230459
Daphnet,S09R01E4.test.csv@2.out,"1,1,1",n,abs_resid,0.7950887973335209,0.08756301116848096,0.11971830985915492,0.06343283582089553,0.08292682926829269,0.06343283582089553,0.1188118811881188,0.20422885572139304,0.1502275828943055
Daphnet,S03R02E0.test.csv@6.out,"1,1,1",n,abs_resid,0.8338738999735101,0.4222474712680145,0.4837837837837838,0.07762359063313096,0.13378176382660686,0.07762359063313096,0.4663677130044843,0.20760784134028867,0.28731485450328087
Daphnet,S03R02E0.test.csv@1.out,"1,1,1",n,abs_resid,0.8111023336093648,0.36167240096408876,0.4253731343283582,0.049436253252385085,0.08857808857808858,0.049436253252385085,0.3875968992248062,0.2102058136159275,0.27258197330485384
Daphnet,S09R01E0.test.csv@8.out,"1,1,1",n,abs_resid,0.5329032051369762,0.03738122142983003,0.03225806451612903,0.021671826625386997,0.025925925925925925,0.021671826625386997,0.025139664804469275,0.10488095238095238,0.04055775221356631
Daphnet,S08R01E0.test.csv@4.out,"1,1,1",n,abs_resid,0.4292185661185552,0.12984237973298046,0.14726027397260275,0.01947463768115942,0.0344,0.01947463768115942,0.1179245283018868,0.2013938631963988,0.14874981806650844
Daphnet,S03R02E0.test.csv@2.out,"1,1,1",n,abs_resid,0.8231267344994906,0.4103539937133589,0.5298245614035088,0.06548135299219428,0.11655731377846391,0.06548135299219428,0.49375,0.20583312073819834,0.29054475544591646
Daphnet,S09R01E4.test.csv@4.out,"1,1,1",n,abs_resid,0.7776691979451221,0.0707051186896921,0.07228915662650602,0.04477611940298507,0.055299539170506916,0.04477611940298507,0.09259259259259259,0.2035820895522388,0.12729105229758483
Daphnet,S09R01E2.test.csv@4.out,"1,1,1",n,abs_resid,0.5277765067038843,0.4307129749154641,0.2677966101694915,0.010847178360565701,0.020849828450778568,0.010847178360565701,0.24489795918367346,0.20151180850855827,0.22109655400363185
Daphnet,S02R01E0.test.csv@4.out,"1,1,1",n,abs_resid,0.7049604820575043,0.24550136533544414,0.31758957654723124,0.0551314673452078,0.093953264273669,0.0551314673452078,0.328537170263789,0.135720465551125,0.19208824695272037
Daphnet,S03R02E0.test.csv@9.out,"1,1,1",n,abs_resid,0.7706750100531842,0.36386988788954705,0.5719063545150501,0.07415437987857762,0.13128598848368522,0.07415437987857762,0.5483870967741935,0.20717195352774942,0.3007320899212806
Daphnet,S03R01E1.test.csv@7.out,"1,1,1",n,abs_resid,0.7230506018670362,0.4725311056758598,0.5848375451263538,0.03885823938594387,0.0728744939271255,0.03885823938594387,0.5721925133689839,0.1408492580424412,0.22605377187351036
Daphnet,S03R01E1.test.csv@4.out,"1,1,1",n,abs_resid,0.7839696504651272,0.4803451052083973,0.4774193548387097,0.03550011993283761,0.0660861799508819,0.03550011993283761,0.48325358851674644,0.15707014309265846,0.2370822961928503
Daphnet,S03R01E0.test.csv@8.out,"1,1,1",n,abs_resid,0.5869170837628418,0.3064779815776134,0.4025974025974026,0.03120281831907398,0.05791686127977581,0.03120281831907398,0.37662337662337664,0.20227310744989752,0.26319310213064223
Daphnet,S09R01E0.test.csv@1.out,"1,1,1",n,abs_resid,0.47312922434423693,0.03489380424901726,0.05188679245283019,0.034055727554179564,0.041121495327102804,0.034055727554179564,0.04419889502762431,0.15957521645021647,0.06922418348182097
Daphnet,S06R01E2.test.csv@5.out,"1,1,1",n,abs_resid,0.5208605837063758,0.005030032867961016,0.0,0.0,0.0,0.0,0.0,0.0,0.0
Daphnet,S03R01E1.test.csv@8.out,"1,1,1",n,abs_resid,0.6988236995445817,0.4415431018399207,0.5684210526315789,0.03885823938594387,0.07274360125729681,0.03885823938594387,0.5518867924528302,0.1563420703104166,0.24365887425826133
Daphnet,S01R02E0.test.csv@4.out,"1,1,1",n,abs_resid,0.643592940112913,0.08071759937531597,0.07692307692307693,0.030381383322559793,0.04355885078776645,0.030381383322559793,0.07517084282460136,0.1654603191837522,0.10337640015750271
Daphnet,S09R01E0.test.csv@7.out,"1,1,1",n,abs_resid,0.4951951812648946,0.03249060656734095,0.0273972602739726,0.018575851393188854,0.02214022140221402,0.018575851393188854,0.027624309392265192,0.15780913978494626,0.04701814609704536
Daphnet,S03R01E1.test.csv@1.out,"1,1,1",n,abs_resid,0.7212962577691187,0.4166136571094554,0.4253968253968254,0.03214200047973135,0.05976806422836753,0.03214200047973135,0.4551282051282051,0.20650733068826865,0.2841059939321
Daphnet,S03R02E0.test.csv@4.out,"1,1,1",n,abs_resid,0.8469029537059793,0.4089799463376996,0.49375,0.06851691240242845,0.12033511043412033,0.06851691240242845,0.43523316062176165,0.20709934211733447,0.2806537139193369
Daphnet,S03R03E4.test.csv@4.out,"1,1,1",n,abs_resid,0.7776691979451221,0.0707051186896921,0.07228915662650602,0.04477611940298507,0.055299539170506916,0.04477611940298507,0.09259259259259259,0.2035820895522388,0.12729105229758483
Daphnet,S03R01E0.test.csv@6.out,"1,1,1",n,abs_resid,0.6388490638957657,0.3178738608493932,0.28939828080229224,0.025415198792148968,0.04672681008558871,0.025415198792148968,0.3105022831050228,0.20236832605202532,0.24503578932149075
Daphnet,S03R02E0.test.csv@8.out,"1,1,1",n,abs_resid,0.7809858013824807,0.3917521170479302,0.5652173913043478,0.07328707718993929,0.12975047984644913,0.07328707718993929,0.5362318840579711,0.20639871236196025,0.2980689751554727
Daphnet,S03R03E4.test.csv@3.out,"1,1,1",n,abs_resid,0.7630996858826314,0.07270972525507288,0.05741626794258373,0.04477611940298507,0.050314465408805034,0.04477611940298507,0.08403361344537816,0.2035820895522388,0.11896247972230459
Daphnet,S09R01E4.test.csv@6.out,"1,1,1",n,abs_resid,0.7585954443385302,0.07246102940454514,0.06857142857142857,0.04477611940298507,0.05417607223476298,0.04477611940298507,0.06766917293233082,0.20398009950248758,0.10162489672266593
Daphnet,S02R01E0.test.csv@6.out,"1,1,1",n,abs_resid,0.6575342609696696,0.20348115210615714,0.2513464991023339,0.03958156629912355,0.06839276990718124,0.03958156629912355,0.2556053811659193,0.15886451311471164,0.19594486831861402
Daphnet,S01R02E0.test.csv@1.out,"1,1,1",n,abs_resid,0.5483746106624106,0.05699460696027634,0.04258943781942078,0.01616031027795734,0.023430178069353328,0.01616031027795734,0.04178272980501393,0.1645380692978798,0.06664233293012238
Daphnet,S09R01E0.test.csv@5.out,"1,1,1",n,abs_resid,0.5451129011427109,0.03751502773532047,0.028169014084507043,0.018575851393188854,0.022388059701492536,0.018575851393188854,0.027472527472527472,0.15751152073732722,0.046785002518560694
Daphnet,S03R01E1.test.csv@2.out,"1,1,1",n,abs_resid,0.7579678849232184,0.4667434835372913,0.5192307692307693,0.032381866154953226,0.06096184240234816,0.032381866154953226,0.5128205128205128,0.14178365944459867,0.22214819894701499
Daphnet,S03R02E0.test.csv@3.out,"1,1,1",n,abs_resid,0.8202974423465167,0.36389261616119883,0.397212543554007,0.049436253252385085,0.08792903972232935,0.049436253252385085,0.3858267716535433,0.21135545139568765,0.2731045511267771
Daphnet,S09R01E4.test.csv@1.out,"1,1,1",n,abs_resid,0.7413833639347199,0.0770462462397836,0.16279069767441862,0.1044776119402985,0.12727272727272726,0.1044776119402985,0.11009174311926606,0.20696517412935325,0.14372912587815273
Daphnet,S09R01E2.test.csv@8.out,"1,1,1",n,abs_resid,0.5239933196265871,0.43759393724359685,0.15517241379310345,0.0074145269806398465,0.014152797798453676,0.0074145269806398465,0.18725099601593626,0.201313383677651,0.19402772654922595
Daphnet,S03R03E4.test.csv@1.out,"1,1,1",n,abs_resid,0.7413833639347199,0.0770462462397836,0.16279069767441862,0.1044776119402985,0.12727272727272726,0.1044776119402985,0.11009174311926606,0.20696517412935325,0.14372912587815273
Daphnet,S09R01E0.test.csv@6.out,"1,1,1",n,abs_resid,0.5266551887203313,0.041379844523130815,0.023346303501945526,0.018575851393188854,0.020689655172413793,0.018575851393188854,0.01834862385321101,0.1587019969278034,0.032894132011922
Daphnet,S02R01E0.test.csv@3.out,"1,1,1",n,abs_resid,0.6780964106551175,0.2381968161239647,0.3128390596745027,0.0489115069267741,0.08459657701711491,0.0489115069267741,0.3197969543147208,0.18325165813984176,0.2329926798139697
Daphnet,S03R02E0.test.csv@7.out,"1,1,1",n,abs_resid,0.785926625248637,0.4214382944489393,0.6147058823529412,0.09063313096270599,0.15797430083144368,0.09063313096270599,0.5965346534653465,0.20653697141014302,0.30683803748397687
Daphnet,S03R01E0.test.csv@4.out,"1,1,1",n,abs_resid,0.6193259773928186,0.29957500630430484,0.2982456140350877,0.025666834423754403,0.047265987025023166,0.025666834423754403,0.3302752293577982,0.2023135540973811,0.25092212813125125
Daphnet,S09R01E0.test.csv@2.out,"1,1,1",n,abs_resid,0.4921182284093522,0.04155385798243223,0.043478260869565216,0.02476780185758514,0.03155818540433925,0.02476780185758514,0.013888888888888888,0.11476190476190477,0.024778943039276167
Daphnet,S03R03E4.test.csv@6.out,"1,1,1",n,abs_resid,0.7585954443385302,0.07246102940454514,0.06857142857142857,0.04477611940298507,0.05417607223476298,0.04477611940298507,0.06766917293233082,0.20398009950248758,0.10162489672266593
Daphnet,S01R02E0.test.csv@6.out,"1,1,1",n,abs_resid,0.6254641471422786,0.07888845600459993,0.09428129829984544,0.0394311570782159,0.05560619872379216,0.0394311570782159,0.08966861598440545,0.20522332319721454,0.12480565870931423
Daphnet,S09R01E0.test.csv@4.out,"1,1,1",n,abs_resid,0.530765356981596,0.0377651295257331,0.05291005291005291,0.030959752321981424,0.0390625,0.030959752321981424,0.04316546762589928,0.16180735930735934,0.06815040251250766
Daphnet,S03R01E0.test.csv@3.out,"1,1,1",n,abs_resid,0.6105595144514967,0.3002808728043874,0.23323615160349853,0.020130850528434826,0.037062775075283765,0.020130850528434826,0.2590909090909091,0.20230691401200065,0.22720472287557728
Daphnet,S09R01E0.test.csv@9.out,"1,1,1",n,abs_resid,0.4918005213466107,0.03235706669606013,0.03482587064676617,0.021671826625386997,0.026717557251908396,0.021671826625386997,0.03636363636363636,0.15751152073732722,0.05908639094170015
Daphnet,S03R03E4.test.csv@2.out,"1,1,1",n,abs_resid,0.7950887973335209,0.08756301116848096,0.11971830985915492,0.06343283582089553,0.08292682926829269,0.06343283582089553,0.1188118811881188,0.20422885572139304,0.1502275828943055
Genesis,genesis-anomalies.test.csv@5.out,"1,1,1",n,abs_resid,0.5550780450358239,0.0033761981774439167,0.0,0.0,0.0,0.0,0.0,0.0,0.0
Genesis,genesis-anomalies.test.csv@3.out,"1,1,1",n,abs_resid,0.5752072671443194,0.10258939309273012,0.03125,0.16,0.05228758169934641,0.16,0.02217741935483871,0.3648795648795649,0.04181341484045968
Genesis,genesis-anomalies.test.csv@17.out,"1,1,1",n,abs_resid,0.4422978505629478,0.0015941844152531565,0.0,0.0,0.0,0.0,0.0,0.0,0.0
Genesis,genesis-anomalies.test.csv@6.out,"1,1,1",n,abs_resid,0.4422978505629478,0.0015941844152531565,0.0,0.0,0.0,0.0,0.0,0.0,0.0
Genesis,genesis-anomalies.test.csv@13.out,"1,1,1",n,abs_resid,0.4422338792221085,0.0015941844152531565,0.0,0.0,0.0,0.0,0.0,0.0,0.0
Genesis,genesis-anomalies.test.csv@1.out,"1,1,1",n,abs_resid,0.5552904298874105,0.0036026547104103823,0.004032258064516129,0.02,0.006711409395973154,0.02,0.004149377593360996,0.07692307692307693,0.007874015748031496
GHL,14_Lev_fault_Temp_corr_seed_47_vars_23.test.csv@2.out,"1,1,1",n,abs_resid,0.8663380522805764,0.017418153183050514,0.0,0.0,0.0,0.0,0.0,0.0,0.0
GHL,26_Lev_corr_Temp_fault_seed_113_vars_23.test.csv@7.out,"1,1,1",n,abs_resid,0.4997606673960613,0.012533333333333334,0.0,0.0,0.0,0.0,0.0,0.0,0.0
GHL,06_Lev_fault_Temp_corr_seed_29_vars_23.test.csv@8.out,"1,1,1",n,abs_resid,0.49824155948553056,0.0024,0.0,0.0,0.0,0.0,0.0,0.0,0.0
GHL,39_Lev_corr_Temp_fault_seed_170_vars_23.test.csv@3.out,"1,1,1",n,abs_resid,0.08719446641790643,0.015792727916092788,0.0,0.0,0.0,0.0,0.0,0.0,0.0
GHL,36_Lev_corr_Temp_fault_seed_159_vars_23.test.csv@13.out,"1,1,1",n,abs_resid,0.13651334999833983,0.039713736603597574,0.0,0.0,0.0,0.0,0.0,0.0,0.0
GHL,11_Lev_fault_Temp_corr_seed_41_vars_23.test.csv@13.out,"1,1,1",n,abs_resid,0.004561245831844705,0.002414559758181823,0.0,0.0,0.0,0.0,0.0,0.0,0.0
GHL,09_Lev_fault_Temp_corr_seed_37_vars_23.test.csv@13.out,"1,1,1",n,abs_resid,0.0027369800970584754,0.0024099857804995373,0.0,0.0,0.0,0.0,0.0,0.0,0.0
GHL,09_Lev_fault_Temp_corr_seed_37_vars_23.test.csv@10.out,"1,1,1",n,abs_resid,0.49738745980707394,0.0024,0.0,0.0,0.0,0.0,0.0,0.0,0.0
GHL,07_Lev_fault_Temp_corr_seed_31_vars_23.test.csv@13.out,"1,1,1",n,abs_resid,0.005944505850303679,0.002416811380206008,0.0,0.0,0.0,0.0,0.0,0.0,0.0
GHL,10_Lev_fault_Temp_corr_seed_39_vars_23.test.csv@8.out,"1,1,1",n,abs_resid,0.4976553341148886,0.002416666666666667,0.0,0.0,0.0,0.0,0.0,0.0,0.0
GHL,02_Lev_fault_Temp_corr_seed_17_vars_23.test.csv@8.out,"1,1,1",n,abs_resid,0.49824150058616645,0.002416666666666667,0.0,0.0,0.0,0.0,0.0,0.0,0.0
GHL,41_Lev_corr_Temp_fault_seed_181_vars_23.test.csv@3.out,"1,1,1",n,abs_resid,0.13025407092132196,0.06756740777214475,0.0,0.0,0.0,0.0,0.0,0.0,0.0
GHL,03_Lev_fault_Temp_corr_seed_19_vars_23.test.csv@4.out,"1,1,1",n,abs_resid,0.8492092238924919,0.014552077083540563,0.0,0.0,0.0,0.0,0.0,0.0,0.0
GHL,13_Lev_fault_Temp_corr_seed_666_vars_23.test.csv@4.out,"1,1,1",n,abs_resid,0.8415274978487979,0.013744170145092688,0.0,0.0,0.0,0.0,0.0,0.0,0.0
GHL,15_Lev_fault_Temp_corr_seed_49_vars_23.test.csv@8.out,"1,1,1",n,abs_resid,0.49765541264737406,0.0024,0.0,0.0,0.0,0.0,0.0,0.0,0.0
GHL,28_Lev_corr_Temp_fault_seed_119_vars_23.test.csv@13.out,"1,1,1",n,abs_resid,0.10418802674749736,0.0160399871699751,0.0,0.0,0.0,0.0,0.0,0.0,0.0
GHL,06_Lev_fault_Temp_corr_seed_29_vars_23.test.csv@13.out,"1,1,1",n,abs_resid,0.00556002143622723,0.0024168281843967086,0.0,0.0,0.0,0.0,0.0,0.0,0.0
GHL,03_Lev_fault_Temp_corr_seed_19_vars_23.test.csv@1.out,"1,1,1",n,abs_resid,0.49986601909227935,0.002416666666666667,0.0,0.0,0.0,0.0,0.0,0.0,0.0
GHL,08_Lev_fault_Temp_corr_seed_33_vars_23.test.csv@2.out,"1,1,1",n,abs_resid,0.8435692713915686,0.014814625652748175,0.0,0.0,0.0,0.0,0.0,0.0,0.0
GHL,08_Lev_fault_Temp_corr_seed_33_vars_23.test.csv@10.out,"1,1,1",n,abs_resid,0.49644962486602356,0.0024,0.0,0.0,0.0,0.0,0.0,0.0,0.0
GHL,16_Lev_fault_Temp_corr_seed_53_vars_23.test.csv@2.out,"1,1,1",n,abs_resid,0.863998349484935,0.017056638221244546,0.0,0.0,0.0,0.0,0.0,0.0,0.0
GHL,16_Lev_fault_Temp_corr_seed_53_vars_23.test.csv@4.out,"1,1,1",n,abs_resid,0.8497024141806597,0.0144272530062627,0.0,0.0,0.0,0.0,0.0,0.0,0.0
GHL,14_Lev_fault_Temp_corr_seed_47_vars_23.test.csv@8.out,"1,1,1",n,abs_resid,0.49824155948553056,0.0024,0.0,0.0,0.0,0.0,0.0,0.0,0.0
GHL,09_Lev_fault_Temp_corr_seed_37_vars_23.test.csv@2.out,"1,1,1",n,abs_resid,0.8715754603578659,0.018070656061534223,0.0,0.0,0.0,0.0,0.0,0.0,0.0
GHL,15_Lev_fault_Temp_corr_seed_49_vars_23.test.csv@1.out,"1,1,1",n,abs_resid,0.49983252947481244,0.0024,0.0,0.0,0.0,0.0,0.0,0.0,0.0
GHL,16_Lev_fault_Temp_corr_seed_53_vars_23.test.csv@8.out,"1,1,1",n,abs_resid,0.49765541264737406,0.0024,0.0,0.0,0.0,0.0,0.0,0.0,0.0
GHL,30_Lev_corr_Temp_fault_seed_130_vars_23.test.csv@13.out,"1,1,1",n,abs_resid,0.12956224981089481,0.022115580966354798,0.0,0.0,0.0,0.0,0.0,0.0,0.0
GHL,22_Lev_fault_Temp_corr_seed_777_vars_23.test.csv@4.out,"1,1,1",n,abs_resid,0.8445953141332532,0.014122984619538363,0.0,0.0,0.0,0.0,0.0,0.0,0.0
GHL,20_Lev_fault_Temp_corr_seed_67_vars_23.test.csv@2.out,"1,1,1",n,abs_resid,0.879935263338097,0.01933473406741617,0.0,0.0,0.0,0.0,0.0,0.0,0.0
GHL,07_Lev_fault_Temp_corr_seed_31_vars_23.test.csv@10.out,"1,1,1",n,abs_resid,0.49738745980707394,0.0024,0.0,0.0,0.0,0.0,0.0,0.0,0.0
GHL,48_Lev_corr_Temp_fault_seed_199_vars_23.test.csv@3.out,"1,1,1",n,abs_resid,0.14290711567502168,0.051911704494982044,0.0,0.0,0.0,0.0,0.0,0.0,0.0
GHL,47_Lev_corr_Temp_fault_seed_197_vars_23.test.csv@7.out,"1,1,1",n,abs_resid,0.4998284027730112,0.014366666666666666,0.0,0.0,0.0,0.0,0.0,0.0,0.0
GHL,48_Lev_corr_Temp_fault_seed_199_vars_23.test.csv@16.out,"1,1,1",n,abs_resid,0.49799020682598844,0.0439,0.0,0.0,0.0,0.0,0.0,0.0,0.0
GHL,05_Lev_fault_Temp_corr_seed_27_vars_23.test.csv@2.out,"1,1,1",n,abs_resid,0.8714980052399667,0.018098692711612817,0.0,0.0,0.0,0.0,0.0,0.0,0.0
GHL,02_Lev_fault_Temp_corr_seed_17_vars_23.test.csv@1.out,"1,1,1",n,abs_resid,0.49986601909227935,0.002416666666666667,0.0,0.0,0.0,0.0,0.0,0.0,0.0
GHL,02_Lev_fault_Temp_corr_seed_17_vars_23.test.csv@13.out,"1,1,1",n,abs_resid,0.005971390456170338,0.0024345255164547144,0.0,0.0,0.0,0.0,0.0,0.0,0.0
GHL,15_Lev_fault_Temp_corr_seed_49_vars_23.test.csv@10.out,"1,1,1",n,abs_resid,0.4965333601286174,0.0024,0.0,0.0,0.0,0.0,0.0,0.0,0.0
GHL,03_Lev_fault_Temp_corr_seed_19_vars_23.test.csv@8.out,"1,1,1",n,abs_resid,0.49824150058616645,0.002416666666666667,0.0,0.0,0.0,0.0,0.0,0.0,0.0
GHL,11_Lev_fault_Temp_corr_seed_41_vars_23.test.csv@4.out,"1,1,1",n,abs_resid,0.8373340181017028,0.013350900384715038,0.0,0.0,0.0,0.0,0.0,0.0,0.0
GHL,05_Lev_fault_Temp_corr_seed_27_vars_23.test.csv@10.out,"1,1,1",n,abs_resid,0.4965333601286174,0.0024,0.0,0.0,0.0,0.0,0.0,0.0,0.0
GHL,10_Lev_fault_Temp_corr_seed_39_vars_23.test.csv@16.out,"1,1,1",n,abs_resid,0.49790654831686487,0.002416666666666667,0.0,0.0,0.0,0.0,0.0,0.0,0.0
GHL,09_Lev_fault_Temp_corr_seed_37_vars_23.test.csv@8.out,"1,1,1",n,abs_resid,0.49824155948553056,0.0024,0.0,0.0,0.0,0.0,0.0,0.0,0.0
GHL,22_Lev_fault_Temp_corr_seed_777_vars_23.test.csv@16.out,"1,1,1",n,abs_resid,0.4978563054764696,0.002416666666666667,0.0,0.0,0.0,0.0,0.0,0.0,0.0
GHL,20_Lev_fault_Temp_corr_seed_67_vars_23.test.csv@10.out,"1,1,1",n,abs_resid,0.4965333601286174,0.0024,0.0,0.0,0.0,0.0,0.0,0.0,0.0
GHL,13_Lev_fault_Temp_corr_seed_666_vars_23.test.csv@13.out,"1,1,1",n,abs_resid,0.005418834712605175,0.002431939502639051,0.0,0.0,0.0,0.0,0.0,0.0,0.0
GHL,14_Lev_fault_Temp_corr_seed_47_vars_23.test.csv@13.out,"1,1,1",n,abs_resid,0.004756628111230201,0.002414896193000079,0.0,0.0,0.0,0.0,0.0,0.0,0.0
GHL,16_Lev_fault_Temp_corr_seed_53_vars_23.test.csv@10.out,"1,1,1",n,abs_resid,0.4965333601286174,0.0024,0.0,0.0,0.0,0.0,0.0,0.0,0.0
GHL,01_Lev_fault_Temp_corr_seed_11_vars_23.test.csv@10.out,"1,1,1",n,abs_resid,0.49738745980707394,0.0024,0.0,0.0,0.0,0.0,0.0,0.0,0.0
GHL,03_Lev_fault_Temp_corr_seed_19_vars_23.test.csv@2.out,"1,1,1",n,abs_resid,0.8696023885561824,0.017947013668631735,0.0,0.0,0.0,0.0,0.0,0.0,0.0
GHL,01_Lev_fault_Temp_corr_seed_11_vars_23.test.csv@13.out,"1,1,1",n,abs_resid,0.005750053962724787,0.0024170249201752015,0.0,0.0,0.0,0.0,0.0,0.0,0.0
GHL,02_Lev_fault_Temp_corr_seed_17_vars_23.test.csv@2.out,"1,1,1",n,abs_resid,0.8687250446121771,0.017850175473708714,0.0,0.0,0.0,0.0,0.0,0.0,0.0
GHL,08_Lev_fault_Temp_corr_seed_33_vars_23.test.csv@4.out,"1,1,1",n,abs_resid,0.8306241486914969,0.012775028732459856,0.0,0.0,0.0,0.0,0.0,0.0,0.0
GHL,11_Lev_fault_Temp_corr_seed_41_vars_23.test.csv@8.out,"1,1,1",n,abs_resid,0.49765541264737406,0.0024,0.0,0.0,0.0,0.0,0.0,0.0,0.0
GHL,34_Lev_corr_Temp_fault_seed_151_vars_23.test.csv@13.out,"1,1,1",n,abs_resid,0.10803324131707519,0.022550718627650162,0.0,0.0,0.0,0.0,0.0,0.0,0.0
GHL,31_Lev_corr_Temp_fault_seed_132_vars_23.test.csv@13.out,"1,1,1",n,abs_resid,0.13237376136716592,0.01967664422916806,0.0,0.0,0.0,0.0,0.0,0.0,0.0
GHL,13_Lev_fault_Temp_corr_seed_666_vars_23.test.csv@2.out,"1,1,1",n,abs_resid,0.8539166892855699,0.01601405962007447,0.0,0.0,0.0,0.0,0.0,0.0,0.0
GHL,07_Lev_fault_Temp_corr_seed_31_vars_23.test.csv@2.out,"1,1,1",n,abs_resid,0.8552656919882099,0.01605145969141009,0.0,0.0,0.0,0.0,0.0,0.0,0.0
GHL,11_Lev_fault_Temp_corr_seed_41_vars_23.test.csv@10.out,"1,1,1",n,abs_resid,0.49644962486602356,0.0024,0.0,0.0,0.0,0.0,0.0,0.0,0.0
GHL,10_Lev_fault_Temp_corr_seed_39_vars_23.test.csv@13.out,"1,1,1",n,abs_resid,0.011747700090668113,0.002446563650036906,0.0,0.0,0.0,0.0,0.0,0.0,0.0
GHL,22_Lev_fault_Temp_corr_seed_777_vars_23.test.csv@2.out,"1,1,1",n,abs_resid,0.8676252461610428,0.017602635427145307,0.0,0.0,0.0,0.0,0.0,0.0,0.0
GHL,45_Lev_corr_Temp_fault_seed_193_vars_23.test.csv@3.out,"1,1,1",n,abs_resid,0.09010487598473901,0.042566736232405845,0.0,0.0,0.0,0.0,0.0,0.0,0.0
GHL,03_Lev_fault_Temp_corr_seed_19_vars_23.test.csv@13.out,"1,1,1",n,abs_resid,0.004781732396236983,0.0024318015837741717,0.0,0.0,0.0,0.0,0.0,0.0,0.0
GHL,12_Lev_fault_Temp_corr_seed_43_vars_23.test.csv@8.out,"1,1,1",n,abs_resid,0.49824155948553056,0.0024,0.0,0.0,0.0,0.0,0.0,0.0,0.0
GHL,08_Lev_fault_Temp_corr_seed_33_vars_23.test.csv@8.out,"1,1,1",n,abs_resid,0.49765541264737406,0.0024,0.0,0.0,0.0,0.0,0.0,0.0,0.0
GHL,12_Lev_fault_Temp_corr_seed_43_vars_23.test.csv@10.out,"1,1,1",n,abs_resid,0.49738745980707394,0.0024,0.0,0.0,0.0,0.0,0.0,0.0,0.0
GHL,35_Lev_corr_Temp_fault_seed_153_vars_23.test.csv@13.out,"1,1,1",n,abs_resid,0.11006088311688311,0.021099478619329624,0.0,0.0,0.0,0.0,0.0,0.0,0.0
GHL,20_Lev_fault_Temp_corr_seed_67_vars_23.test.csv@4.out,"1,1,1",n,abs_resid,0.8593396451113491,0.01547611702650168,0.0,0.0,0.0,0.0,0.0,0.0,0.0
GHL,19_Lev_fault_Temp_corr_seed_62_vars_23.test.csv@7.out,"1,1,1",n,abs_resid,0.49986602357984994,0.0024,0.0,0.0,0.0,0.0,0.0,0.0,0.0
GHL,04_Lev_fault_Temp_corr_seed_23_vars_23.test.csv@4.out,"1,1,1",n,abs_resid,0.8543603277912207,0.015063883512373468,0.0,0.0,0.0,0.0,0.0,0.0,0.0
GHL,10_Lev_fault_Temp_corr_seed_39_vars_23.test.csv@1.out,"1,1,1",n,abs_resid,0.499799028638419,0.002416666666666667,0.0,0.0,0.0,0.0,0.0,0.0,0.0
GHL,34_Lev_corr_Temp_fault_seed_151_vars_23.test.csv@1.out,"1,1,1",n,abs_resid,0.49982637080251413,0.02005,0.0,0.0,0.0,0.0,0.0,0.0,0.0
GHL,26_Lev_corr_Temp_fault_seed_113_vars_23.test.csv@13.out,"1,1,1",n,abs_resid,0.12086551108059033,0.014253341079777012,0.0,0.0,0.0,0.0,0.0,0.0,0.0
GHL,35_Lev_corr_Temp_fault_seed_153_vars_23.test.csv@4.out,"1,1,1",n,abs_resid,0.4942510822510823,0.03475440222428174,0.0,0.0,0.0,0.0,0.0,0.0,0.0
GHL,15_Lev_fault_Temp_corr_seed_49_vars_23.test.csv@4.out,"1,1,1",n,abs_resid,0.8455891520036919,0.01404344814133415,0.0,0.0,0.0,0.0,0.0,0.0,0.0
GHL,02_Lev_fault_Temp_corr_seed_17_vars_23.test.csv@10.out,"1,1,1",n,abs_resid,0.49738737229944735,0.002416666666666667,0.0,0.0,0.0,0.0,0.0,0.0,0.0
GHL,05_Lev_fault_Temp_corr_seed_27_vars_23.test.csv@13.out,"1,1,1",n,abs_resid,0.005831230647850421,0.002417094178276587,0.0,0.0,0.0,0.0,0.0,0.0,0.0
GHL,47_Lev_corr_Temp_fault_seed_197_vars_23.test.csv@3.out,"1,1,1",n,abs_resid,0.12152909771391088,0.016354101241853693,0.0,0.0,0.0,0.0,0.0,0.0,0.0
GHL,06_Lev_fault_Temp_corr_seed_29_vars_23.test.csv@10.out,"1,1,1",n,abs_resid,0.49738745980707394,0.0024,0.0,0.0,0.0,0.0,0.0,0.0,0.0
GHL,04_Lev_fault_Temp_corr_seed_23_vars_23.test.csv@13.out,"1,1,1",n,abs_resid,0.005591623883251808,0.0024338559724000697,0.0,0.0,0.0,0.0,0.0,0.0,0.0
GHL,09_Lev_fault_Temp_corr_seed_37_vars_23.test.csv@4.out,"1,1,1",n,abs_resid,0.8541522455936645,0.014894651859924979,0.0,0.0,0.0,0.0,0.0,0.0,0.0
GHL,16_Lev_fault_Temp_corr_seed_53_vars_23.test.csv@1.out,"1,1,1",n,abs_resid,0.49979903536977494,0.0024,0.0,0.0,0.0,0.0,0.0,0.0,0.0
GHL,15_Lev_fault_Temp_corr_seed_49_vars_23.test.csv@13.out,"1,1,1",n,abs_resid,0.00421444228593546,0.0024135891729999033,0.0,0.0,0.0,0.0,0.0,0.0,0.0
GHL,04_Lev_fault_Temp_corr_seed_23_vars_23.test.csv@8.out,"1,1,1",n,abs_resid,0.49824150058616645,0.002416666666666667,0.0,0.0,0.0,0.0,0.0,0.0,0.0
GHL,07_Lev_fault_Temp_corr_seed_31_vars_23.test.csv@8.out,"1,1,1",n,abs_resid,0.49824155948553056,0.0024,0.0,0.0,0.0,0.0,0.0,0.0,0.0
GHL,16_Lev_fault_Temp_corr_seed_53_vars_23.test.csv@13.out,"1,1,1",n,abs_resid,0.005457910935453135,0.0024166409640101034,0.0,0.0,0.0,0.0,0.0,0.0,0.0
GHL,14_Lev_fault_Temp_corr_seed_47_vars_23.test.csv@10.out,"1,1,1",n,abs_resid,0.49738745980707394,0.0024,0.0,0.0,0.0,0.0,0.0,0.0,0.0
GHL,47_Lev_corr_Temp_fault_seed_197_vars_23.test.csv@1.out,"1,1,1",n,abs_resid,0.4998284027730112,0.014366666666666666,0.0,0.0,0.0,0.0,0.0,0.0,0.0
GHL,40_Lev_corr_Temp_fault_seed_180_vars_23.test.csv@3.out,"1,1,1",n,abs_resid,0.1365744222383986,0.033524986815848964,0.0,0.0,0.0,0.0,0.0,0.0,0.0
GHL,01_Lev_fault_Temp_corr_seed_11_vars_23.test.csv@8.out,"1,1,1",n,abs_resid,0.49824155948553056,0.0024,0.0,0.0,0.0,0.0,0.0,0.0,0.0
GHL,04_Lev_fault_Temp_corr_seed_23_vars_23.test.csv@2.out,"1,1,1",n,abs_resid,0.8738197841290374,0.01867271299134462,0.0,0.0,0.0,0.0,0.0,0.0,0.0
GHL,13_Lev_fault_Temp_corr_seed_666_vars_23.test.csv@8.out,"1,1,1",n,abs_resid,0.4976553341148886,0.002416666666666667,0.0,0.0,0.0,0.0,0.0,0.0,0.0
GHL,22_Lev_fault_Temp_corr_seed_777_vars_23.test.csv@10.out,"1,1,1",n,abs_resid,0.49738737229944735,0.002416666666666667,0.0,0.0,0.0,0.0,0.0,0.0,0.0
GHL,12_Lev_fault_Temp_corr_seed_43_vars_23.test.csv@4.out,"1,1,1",n,abs_resid,0.8571454323344647,0.015210454343111642,0.0,0.0,0.0,0.0,0.0,0.0,0.0
GHL,22_Lev_fault_Temp_corr_seed_777_vars_23.test.csv@13.out,"1,1,1",n,abs_resid,0.0046087122240253235,0.002431420375712694,0.0,0.0,0.0,0.0,0.0,0.0,0.0
GHL,11_Lev_fault_Temp_corr_seed_41_vars_23.test.csv@1.out,"1,1,1",n,abs_resid,0.49983252947481244,0.0024,0.0,0.0,0.0,0.0,0.0,0.0,0.0
GHL,12_Lev_fault_Temp_corr_seed_43_vars_23.test.csv@13.out,"1,1,1",n,abs_resid,0.005039699818387524,0.0024147521958637597,0.0,0.0,0.0,0.0,0.0,0.0,0.0
GHL,35_Lev_corr_Temp_fault_seed_153_vars_23.test.csv@12.out,"1,1,1",n,abs_resid,0.614060606060606,0.02512282268870031,0.0,0.0,0.0,0.0,0.0,0.0,0.0
GHL,35_Lev_corr_Temp_fault_seed_153_vars_23.test.csv@1.out,"1,1,1",n,abs_resid,0.49975757575757573,0.01875,0.0,0.0,0.0,0.0,0.0,0.0,0.0
GHL,07_Lev_fault_Temp_corr_seed_31_vars_23.test.csv@4.out,"1,1,1",n,abs_resid,0.8378572471939383,0.013418066220121521,0.0,0.0,0.0,0.0,0.0,0.0,0.0
GHL,19_Lev_fault_Temp_corr_seed_62_vars_23.test.csv@10.out,"1,1,1",n,abs_resid,0.49738745980707394,0.0024,0.0,0.0,0.0,0.0,0.0,0.0,0.0
GHL,13_Lev_fault_Temp_corr_seed_666_vars_23.test.csv@10.out,"1,1,1",n,abs_resid,0.4965332440127282,0.002416666666666667,0.0,0.0,0.0,0.0,0.0,0.0,0.0
GHL,20_Lev_fault_Temp_corr_seed_67_vars_23.test.csv@13.out,"1,1,1",n,abs_resid,0.0030742471269501245,0.002410804845288526,0.0,0.0,0.0,0.0,0.0,0.0,0.0
GHL,05_Lev_fault_Temp_corr_seed_27_vars_23.test.csv@8.out,"1,1,1",n,abs_resid,0.4976051714898178,0.0024,0.0,0.0,0.0,0.0,0.0,0.0,0.0
GHL,04_Lev_fault_Temp_corr_seed_23_vars_23.test.csv@10.out,"1,1,1",n,abs_resid,0.49738737229944735,0.002416666666666667,0.0,0.0,0.0,0.0,0.0,0.0,0.0
GHL,01_Lev_fault_Temp_corr_seed_11_vars_23.test.csv@4.out,"1,1,1",n,abs_resid,0.8496062349276527,0.014563490902933764,0.0,0.0,0.0,0.0,0.0,0.0,0.0
GHL,22_Lev_fault_Temp_corr_seed_777_vars_23.test.csv@8.out,"1,1,1",n,abs_resid,0.49824150058616645,0.002416666666666667,0.0,0.0,0.0,0.0,0.0,0.0,0.0
GHL,02_Lev_fault_Temp_corr_seed_17_vars_23.test.csv@4.out,"1,1,1",n,abs_resid,0.8477295433676564,0.014398837188475434,0.0,0.0,0.0,0.0,0.0,0.0,0.0
GHL,19_Lev_fault_Temp_corr_seed_62_vars_23.test.csv@4.out,"1,1,1",n,abs_resid,0.8340201950845539,0.013136429243563577,0.0,0.0,0.0,0.0,0.0,0.0,0.0
GHL,10_Lev_fault_Temp_corr_seed_39_vars_23.test.csv@10.out,"1,1,1",n,abs_resid,0.49644950594540277,0.002416666666666667,0.0,0.0,0.0,0.0,0.0,0.0,0.0
GHL,20_Lev_fault_Temp_corr_seed_67_vars_23.test.csv@8.out,"1,1,1",n,abs_resid,0.49765541264737406,0.0024,0.0,0.0,0.0,0.0,0.0,0.0,0.0
GHL,10_Lev_fault_Temp_corr_seed_39_vars_23.test.csv@4.out,"1,1,1",n,abs_resid,0.8365979244509383,0.013387814057471949,0.0,0.0,0.0,0.0,0.0,0.0,0.0
GHL,06_Lev_fault_Temp_corr_seed_29_vars_23.test.csv@4.out,"1,1,1",n,abs_resid,0.8545353344200308,0.01507152754110745,0.0,0.0,0.0,0.0,0.0,0.0,0.0
GHL,06_Lev_fault_Temp_corr_seed_29_vars_23.test.csv@2.out,"1,1,1",n,abs_resid,0.8821270338364894,0.019788105403246672,0.0,0.0,0.0,0.0,0.0,0.0,0.0
GHL,37_Lev_corr_Temp_fault_seed_163_vars_23.test.csv@13.out,"1,1,1",n,abs_resid,0.12098781194595552,0.02020786051217128,0.0,0.0,0.0,0.0,0.0,0.0,0.0
GHL,19_Lev_fault_Temp_corr_seed_62_vars_23.test.csv@8.out,"1,1,1",n,abs_resid,0.49824155948553056,0.0024,0.0,0.0,0.0,0.0,0.0,0.0,0.0
GHL,03_Lev_fault_Temp_corr_seed_19_vars_23.test.csv@10.out,"1,1,1",n,abs_resid,0.49738737229944735,0.002416666666666667,0.0,0.0,0.0,0.0,0.0,0.0,0.0
GHL,08_Lev_fault_Temp_corr_seed_33_vars_23.test.csv@13.out,"1,1,1",n,abs_resid,0.004640329135405507,0.0024146450930504016,0.0,0.0,0.0,0.0,0.0,0.0,0.0
GHL,19_Lev_fault_Temp_corr_seed_62_vars_23.test.csv@13.out,"1,1,1",n,abs_resid,0.007988344051446949,0.0024219039429568224,0.0,0.0,0.0,0.0,0.0,0.0,0.0
GHL,14_Lev_fault_Temp_corr_seed_47_vars_23.test.csv@4.out,"1,1,1",n,abs_resid,0.8459470039523045,0.014150200413987787,0.0,0.0,0.0,0.0,0.0,0.0,0.0
GHL,20_Lev_fault_Temp_corr_seed_67_vars_23.test.csv@1.out,"1,1,1",n,abs_resid,0.4998157824222937,0.0024,0.0,0.0,0.0,0.0,0.0,0.0,0.0
GHL,31_Lev_corr_Temp_fault_seed_132_vars_23.test.csv@7.out,"1,1,1",n,abs_resid,0.4997929320817228,0.017066666666666667,0.0,0.0,0.0,0.0,0.0,0.0,0.0
GHL,37_Lev_corr_Temp_fault_seed_163_vars_23.test.csv@7.out,"1,1,1",n,abs_resid,0.4997062279670975,0.017766666666666667,0.0,0.0,0.0,0.0,0.0,0.0,0.0
GHL,05_Lev_fault_Temp_corr_seed_27_vars_23.test.csv@4.out,"1,1,1",n,abs_resid,0.8525068476836966,0.014757830637540402,0.0,0.0,0.0,0.0,0.0,0.0,0.0
GHL,38_Lev_corr_Temp_fault_seed_166_vars_23.test.csv@13.out,"1,1,1",n,abs_resid,0.10095834872226865,0.016004551195373008,0.0,0.0,0.0,0.0,0.0,0.0,0.0
GHL,12_Lev_fault_Temp_corr_seed_43_vars_23.test.csv@2.out,"1,1,1",n,abs_resid,0.8715605740889604,0.018195304998113636,0.0,0.0,0.0,0.0,0.0,0.0,0.0
MITDB,118.test.csv@1.out,"1,1,1",n,abs_resid,0.5168531302291334,0.012981632788024734,0.002531645569620253,0.0029585798816568047,0.002728512960436562,0.0029585798816568047,0.0058823529411764705,0.20236686390532546,0.011432391776700652
MITDB,210.test.csv@1.out,"1,1,1",n,abs_resid,0.5001880674550717,0.11304733833887934,0.08914728682170543,0.013075611142694713,0.022806147744174516,0.013075611142694713,0.06720430107526881,0.20481079373756514,0.10120148850764955
MITDB,219.test.csv@2.out,"1,1,1",n,abs_resid,0.5019773015696876,0.04119405009362367,0.017241379310344827,0.009306260575296108,0.012087912087912088,0.009306260575296108,0.028708133971291867,0.20445310328574495,0.05034685138081543
MITDB,223.test.csv@2.out,"1,1,1",n,abs_resid,0.48941302562759137,0.037051597178457504,0.02425876010781671,0.009988901220865706,0.014150943396226415,0.009988901220865706,0.028169014084507043,0.20358013971241387,0.04949016407550818
MITDB,233.test.csv@2.out,"1,1,1",n,abs_resid,0.48706742010975174,0.3509582937664697,0.2197452229299363,0.012033484478549007,0.022817460317460316,0.012033484478549007,0.25821596244131456,0.16281975070641994,0.1997106531357878
MITDB,215.test.csv@2.out,"1,1,1",n,abs_resid,0.4936905585111906,0.09634386116801405,0.15503875968992248,0.020080321285140562,0.035555555555555556,0.020080321285140562,0.13675213675213677,0.17455263454517891,0.1533574037448355
MITDB,109.test.csv@2.out,"1,1,1",n,abs_resid,0.488301139028525,0.03614191114084333,0.022813688212927757,0.007471980074719801,0.01125703564727955,0.007471980074719801,0.031088082901554404,0.20299794900793922,0.0539187837576257
MITDB,201.test.csv@2.out,"1,1,1",n,abs_resid,0.49676376933232613,0.00979260972915438,0.013582342954159592,0.0299625468164794,0.018691588785046728,0.0299625468164794,0.013605442176870748,0.20399500624219727,0.025509527043377125
MITDB,100.test.csv@1.out,"1,1,1",n,abs_resid,0.5072212573447719,0.021906848224098413,0.020710059171597635,0.019498607242339833,0.020086083213773313,0.019498607242339833,0.024390243902439025,0.203899721448468,0.043568835188381644
MITDB,213.test.csv@1.out,"1,1,1",n,abs_resid,0.509294390073989,0.014711214597513338,0.02021772939346812,0.03044496487119438,0.024299065420560748,0.03044496487119438,0.019305019305019305,0.2102848588913838,0.03536352118257297
MITDB,122.test.csv@1.out,"1,1,1",n,abs_resid,0.5164427114904677,0.01782404740765428,0.02092050209205021,0.021505376344086023,0.021208907741251327,0.021505376344086023,0.024615384615384615,0.2021505376344086,0.043886781441494015
MITDB,234.test.csv@2.out,"1,1,1",n,abs_resid,0.5097041789730571,0.33105502586661056,0.4725897920604915,0.026729391639046297,0.05059704513256426,0.026729391639046297,0.4064516129032258,0.20016971042310508,0.2682375265337503
MITDB,215.test.csv@1.out,"1,1,1",n,abs_resid,0.49132385280522295,0.0913527949820227,0.07777777777777778,0.017570281124497992,0.028665028665028666,0.017570281124497992,0.06229508196721312,0.20638287241551145,0.09570296143790968
MITDB,109.test.csv@1.out,"1,1,1",n,abs_resid,0.5144171698711493,0.04572658591508334,0.07756232686980609,0.034869240348692404,0.048109965635738834,0.034869240348692404,0.05102040816326531,0.20627628788602495,0.08180672790553108
MITDB,212.test.csv@1.out,"1,1,1",n,abs_resid,0.5299547153879928,0.008603158424328875,0.001644736842105263,0.004219409282700422,0.002366863905325444,0.004219409282700422,0.0035714285714285713,0.20337552742616036,0.007019587854074128
MITDB,105.test.csv@1.out,"1,1,1",n,abs_resid,0.5125396060876505,0.05635373315983753,0.038461538461538464,0.011872146118721462,0.018143754361479414,0.011872146118721462,0.02643171806167401,0.20475113291077818,0.046819426225961004
MITDB,223.test.csv@1.out,"1,1,1",n,abs_resid,0.4913285198602334,0.037090615804605556,0.023474178403755867,0.011098779134295227,0.015071590052750565,0.011098779134295227,0.016666666666666666,0.13930622777705107,0.029771460884040386
MITDB,201.test.csv@1.out,"1,1,1",n,abs_resid,0.5207825300606106,0.00991401434191891,0.012433392539964476,0.026217228464419477,0.016867469879518072,0.026217228464419477,0.013114754098360656,0.2052434456928839,0.024654144640647843
MITDB,117.test.csv@1.out,"1,1,1",n,abs_resid,0.48432726368653967,0.01386050943412466,0.014056224899598393,0.01647058823529412,0.015167930660888408,0.01647058823529412,0.016,0.20329411764705885,0.029665236051502144
MITDB,212.test.csv@2.out,"1,1,1",n,abs_resid,0.6110471033400148,0.07347749588248792,0.08708708708708708,0.12236286919831224,0.10175438596491228,0.12236286919831224,0.05190311418685121,0.20652601969057666,0.0829577023435758
MITDB,100.test.csv@2.out,"1,1,1",n,abs_resid,0.48525707669411766,0.02009877951167815,0.019455252918287938,0.013927576601671309,0.016233766233766232,0.013927576601671309,0.02857142857142857,0.2027855153203343,0.050085999312005504
MITDB,234.test.csv@1.out,"1,1,1",n,abs_resid,0.5052184777644733,0.3151174406704958,0.3165137614678899,0.022131936277130334,0.04137104027180973,0.022131936277130334,0.32867132867132864,0.20018835690448622,0.24882279758832326
MITDB,117.test.csv@2.out,"1,1,1",n,abs_resid,0.4877472428024464,0.014706834949151232,0.021346469622331693,0.03058823529411765,0.025145067698259187,0.03058823529411765,0.0199203187250996,0.20489411764705884,0.0363104451323655
MITDB,111.test.csv@2.out,"1,1,1",n,abs_resid,0.5093251908675466,0.013651487304319598,0.0215633423180593,0.021621621621621623,0.021592442645074223,0.021621621621621623,0.019169329073482427,0.2028828828828829,0.035028957478910557
MITDB,233.test.csv@1.out,"1,1,1",n,abs_resid,0.4984731175016249,0.37611278376885227,0.4255952380952381,0.024938960585978373,0.047116968698517295,0.024938960585978373,0.27461139896373055,0.20852116395611114,0.23704586667255426
MITDB,221.test.csv@2.out,"1,1,1",n,abs_resid,0.5322995705735147,0.24693137674843918,0.4019138755980861,0.025210084033613446,0.04744422479525558,0.025210084033613446,0.39204545454545453,0.2029409509423345,0.2674416646304608
MITDB,213.test.csv@2.out,"1,1,1",n,abs_resid,0.4953507261948779,0.015500531671598608,0.014844804318488529,0.02576112412177986,0.018835616438356163,0.02576112412177986,0.013574660633484163,0.20818253863426234,0.02548740082494671
MITDB,119.test.csv@1.out,"1,1,1",n,abs_resid,0.4856351152649382,0.37208201812431996,0.0594059405940594,0.002957121734844751,0.005633802816901409,0.002957121734844751,0.12949640287769784,0.17067340571016237,0.1472605936641545
MITDB,105.test.csv@2.out,"1,1,1",n,abs_resid,0.5064117710945211,0.06044531852461578,0.10377358490566038,0.030136986301369864,0.04670912951167728,0.030136986301369864,0.053061224489795916,0.2056544752775352,0.08435729482088747
MITDB,219.test.csv@1.out,"1,1,1",n,abs_resid,0.48616506414332994,0.03804189416667183,0.025518341307814992,0.01353637901861252,0.017689331122166942,0.01353637901861252,0.02120141342756184,0.20745255691215433,0.038471122274104874
MITDB,221.test.csv@1.out,"1,1,1",n,abs_resid,0.4865108359081094,0.2013179518993011,0.046762589928057555,0.0039015606242496998,0.007202216066481994,0.0039015606242496998,0.06944444444444445,0.16255534035180869,0.0973153083924003
MITDB,118.test.csv@2.out,"1,1,1",n,abs_resid,0.5163743270772961,0.013135923886150635,0.011695906432748537,0.01775147928994083,0.01410105757931845,0.01775147928994083,0.023715415019762844,0.20236686390532546,0.0424554652101049
Occupancy,room-occupancy.train.csv@4.out,"1,1,1",n,abs_resid,0.7463049398700031,0.5001294684778197,0.3076923076923077,0.002313475997686524,0.004592422502870264,0.002313475997686524,0.6,0.02395061728395062,0.04606252473288485
Occupancy,room-occupancy-0.test.csv@5.out,"1,1,1",n,abs_resid,0.6616387011149759,0.5262840753507039,1.0,0.00205761316872428,0.004106776180698152,0.00205761316872428,1.0,0.014871794871794871,0.029307731177362302
Occupancy,room-occupancy.train.csv@5.out,"1,1,1",n,abs_resid,0.6744902480710663,0.374593407617978,1.0,0.000578368999421631,0.0011560693641618498,0.000578368999421631,1.0,0.011904761904761904,0.023529411764705882
Occupancy,room-occupancy-1.test.csv@4.out,"1,1,1",n,abs_resid,0.6468486890094414,0.3218433909981142,0.15517241379310345,0.004392386530014641,0.00854295206454675,0.004392386530014641,0.16666666666666666,0.05166263822684449,0.07887571216034213
Occupancy,room-occupancy-0.test.csv@2.out,"1,1,1",n,abs_resid,0.6830285197581909,0.559944507534922,1.0,0.00205761316872428,0.004106776180698152,0.00205761316872428,1.0,0.014871794871794871,0.029307731177362302
Occupancy,room-occupancy-0.test.csv@1.out,"1,1,1",n,abs_resid,0.5949121169472945,0.43669606129915406,1.0,0.00205761316872428,0.004106776180698152,0.00205761316872428,1.0,0.014871794871794871,0.029307731177362302
Occupancy,room-occupancy-1.test.csv@3.out,"1,1,1",n,abs_resid,0.8330496817330205,0.43623855314888516,0.3815789473684211,0.014153245485602733,0.027294117647058823,0.014153245485602733,0.3188405797101449,0.2952314853252549,0.3065821856734842
Occupancy,room-occupancy-0.test.csv@4.out,"1,1,1",n,abs_resid,0.6472955695079472,0.5622293326811603,1.0,0.00205761316872428,0.004106776180698152,0.00205761316872428,1.0,0.014871794871794871,0.029307731177362302
Occupancy,room-occupancy-0.test.csv@3.out,"1,1,1",n,abs_resid,0.9664297920024113,0.8763634952028012,0.6111111111111112,0.01131687242798354,0.022222222222222223,0.01131687242798354,0.6481481481481481,0.19603306603306603,0.3010217867697318
Occupancy,room-occupancy.train.csv@3.out,"1,1,1",n,abs_resid,0.8689303491873529,0.4814614806521506,0.37662337662337664,0.0167727009832273,0.03211517165005537,0.0167727009832273,0.38461538461538464,0.26428432047134975,0.3132928394606594
OPPORTUNITY,S1-ADL3.test.csv@127.out,"1,1,1",n,abs_resid,0.2597710854786974,0.02447693621897989,0.0,0.0,0.0,0.0,0.0,0.0,0.0
OPPORTUNITY,S1-ADL4.test.csv@89.out,"1,1,1",n,abs_resid,0.12306100645338561,0.022978453120928003,0.0,0.0,0.0,0.0,0.0,0.0,0.0
OPPORTUNITY,S3-ADL4.test.csv@16.out,"1,1,1",n,abs_resid,0.30929806568174734,0.06672140164045513,0.003105590062111801,0.0005844535359438924,0.000983767830791933,0.0005844535359438924,0.0040650406504065045,0.20046756282875514,0.007968497717478425
OPPORTUNITY,S1-ADL5.test.csv@115.out,"1,1,1",n,abs_resid,0.23010868160050257,0.023138782403644084,0.0,0.0,0.0,0.0,0.0,0.0,0.0
OPPORTUNITY,S4-ADL2.test.csv@119.out,"1,1,1",n,abs_resid,0.35951639540768754,0.008693492348131755,0.0,0.0,0.0,0.0,0.0,0.0,0.0
OPPORTUNITY,S3-ADL3.test.csv@108.out,"1,1,1",n,abs_resid,0.3284891047250379,0.04870135998331885,0.0025380710659898475,0.0008756567425569177,0.0013020833333333333,0.0008756567425569177,0.003745318352059925,0.20070052539404554,0.007353412984613015
OPPORTUNITY,S2-ADL1.test.csv@103.out,"1,1,1",n,abs_resid,0.2993584061985069,0.027608394068838433,0.0,0.0,0.0,0.0,0.0,0.0,0.0
OPPORTUNITY,S4-ADL2.test.csv@31.out,"1,1,1",n,abs_resid,0.33126661516741696,0.010245023712786407,0.014018691588785047,0.013824884792626729,0.013921113689095127,0.013824884792626729,0.014184397163120567,0.2055299539170507,0.026537351619908965
OPPORTUNITY,S1-ADL4.test.csv@18.out,"1,1,1",n,abs_resid,0.3178444954031229,0.02811230987416285,0.0,0.0,0.0,0.0,0.0,0.0,0.0
OPPORTUNITY,S1-ADL5.test.csv@93.out,"1,1,1",n,abs_resid,0.19290039079261678,0.022182880254685365,0.0,0.0,0.0,0.0,0.0,0.0,0.0
OPPORTUNITY,S2-ADL3.test.csv@76.out,"1,1,1",n,abs_resid,0.14974575371131899,0.019057915439949225,0.0,0.0,0.0,0.0,0.0,0.0,0.0
OPPORTUNITY,S1-ADL2.test.csv@115.out,"1,1,1",n,abs_resid,0.3173221746489448,0.029504421109000614,0.0021551724137931034,0.0013157894736842105,0.0016339869281045752,0.0013157894736842105,0.002857142857142857,0.20105263157894737,0.005634218289085545
OPPORTUNITY,S2-ADL2.test.csv@68.out,"1,1,1",n,abs_resid,0.32495484216139364,0.01903998228380697,0.014285714285714285,0.0021321961620469083,0.0037105751391465678,0.0021321961620469083,0.022222222222222223,0.20170575692963755,0.040033855268726194
OPPORTUNITY,S3-ADL1.test.csv@80.out,"1,1,1",n,abs_resid,0.33475152840861644,0.07640281779968107,0.0,0.0,0.0,0.0,0.0,0.0,0.0
OPPORTUNITY,S1-ADL2.test.csv@54.out,"1,1,1",n,abs_resid,0.2375899280575539,0.02685082658887858,0.0,0.0,0.0,0.0,0.0,0.0,0.0
OPPORTUNITY,S2-ADL3.test.csv@78.out,"1,1,1",n,abs_resid,0.193279218422794,0.019856460207400586,0.0,0.0,0.0,0.0,0.0,0.0,0.0
OPPORTUNITY,S3-ADL2.test.csv@54.out,"1,1,1",n,abs_resid,0.3009414080112005,0.03519133054160734,0.0,0.0,0.0,0.0,0.0,0.0,0.0
OPPORTUNITY,S3-ADL4.test.csv@56.out,"1,1,1",n,abs_resid,0.22732018741826,0.061243490005624054,0.0,0.0,0.0,0.0,0.0,0.0,0.0
OPPORTUNITY,S4-ADL2.test.csv@125.out,"1,1,1",n,abs_resid,0.5100037292560134,0.011470639461785191,0.0,0.0,0.0,0.0,0.0,0.0,0.0
OPPORTUNITY,S3-ADL4.test.csv@40.out,"1,1,1",n,abs_resid,0.27166079529812237,0.063840309303234,0.020066889632107024,0.0035067212156633548,0.005970149253731343,0.0035067212156633548,0.020833333333333332,0.20056107539450616,0.03774581084856578
OPPORTUNITY,S1-ADL4.test.csv@109.out,"1,1,1",n,abs_resid,0.3736081667371855,0.030566542537456887,0.0,0.0,0.0,0.0,0.0,0.0,0.0
OPPORTUNITY,S3-ADL3.test.csv@57.out,"1,1,1",n,abs_resid,0.28126854740387514,0.0452239452797584,0.0,0.0,0.0,0.0,0.0,0.0,0.0
OPPORTUNITY,S2-ADL4.test.csv@55.out,"1,1,1",n,abs_resid,0.2524432051618813,0.017070294853448843,0.0,0.0,0.0,0.0,0.0,0.0,0.0
OPPORTUNITY,S3-ADL4.test.csv@54.out,"1,1,1",n,abs_resid,0.2518409636267065,0.06260843663210335,0.046296296296296294,0.0029222676797194622,0.005497526113249038,0.0029222676797194622,0.031746031746031744,0.2011689070718878,0.054838170042936916
OPPORTUNITY,S4-ADL1.test.csv@38.out,"1,1,1",n,abs_resid,0.17830341634284363,0.02255524499981317,0.0,0.0,0.0,0.0,0.0,0.0,0.0
OPPORTUNITY,S3-ADL4.test.csv@120.out,"1,1,1",n,abs_resid,0.14931814582718034,0.055827117384891,0.0,0.0,0.0,0.0,0.0,0.0,0.0
OPPORTUNITY,S1-ADL4.test.csv@82.out,"1,1,1",n,abs_resid,0.30920484365648493,0.027914257803162472,0.0,0.0,0.0,0.0,0.0,0.0,0.0
OPPORTUNITY,S3-ADL1.test.csv@67.out,"1,1,1",n,abs_resid,0.31192866938881614,0.07410177663775976,0.0,0.0,0.0,0.0,0.0,0.0,0.0
OPPORTUNITY,S3-ADL5.test.csv@63.out,"1,1,1",n,abs_resid,0.19901201249948053,0.03671613831105886,0.025974025974025976,0.003770028275212064,0.006584362139917695,0.003770028275212064,0.019230769230769232,0.20150801131008483,0.035110768068579316
OPPORTUNITY,S1-ADL3.test.csv@76.out,"1,1,1",n,abs_resid,0.11489794009030062,0.02131848114259164,0.0,0.0,0.0,0.0,0.0,0.0,0.0
OPPORTUNITY,S4-ADL5.test.csv@94.out,"1,1,1",n,abs_resid,0.26813328116849244,0.018077694244389913,0.0,0.0,0.0,0.0,0.0,0.0,0.0
OPPORTUNITY,S4-ADL4.test.csv@94.out,"1,1,1",n,abs_resid,0.31386378313107866,0.01734685152193094,0.09859154929577464,0.019662921348314606,0.03278688524590164,0.019662921348314606,0.10416666666666667,0.20314606741573035,0.13771670576764877
OPPORTUNITY,S3-ADL4.test.csv@42.out,"1,1,1",n,abs_resid,0.40343409187878815,0.07700075608432969,0.015822784810126583,0.0029222676797194622,0.00493339911198816,0.0029222676797194622,0.01556420233463035,0.2005844535359439,0.02888694364015891
OPPORTUNITY,S1-ADL5.test.csv@112.out,"1,1,1",n,abs_resid,0.23881954020627905,0.02331310206588393,0.0,0.0,0.0,0.0,0.0,0.0,0.0
OPPORTUNITY,S3-ADL3.test.csv@42.out,"1,1,1",n,abs_resid,0.37904423309134605,0.05176417812237914,0.02142857142857143,0.005253940455341506,0.008438818565400843,0.005253940455341506,0.021551724137931036,0.20084063047285466,0.03892635492091854
OPPORTUNITY,S4-ADL5.test.csv@65.out,"1,1,1",n,abs_resid,0.16640910276473658,0.016175813877663186,0.0,0.0,0.0,0.0,0.0,0.0,0.0
OPPORTUNITY,S3-ADL4.test.csv@84.out,"1,1,1",n,abs_resid,0.383924173932118,0.07446645973169015,0.0,0.0,0.0,0.0,0.0,0.0,0.0
OPPORTUNITY,S1-ADL3.test.csv@124.out,"1,1,1",n,abs_resid,0.41166525351741073,0.030795509456570613,0.0,0.0,0.0,0.0,0.0,0.0,0.0
OPPORTUNITY,S3-ADL2.test.csv@26.out,"1,1,1",n,abs_resid,0.29449556251631426,0.03510586654687927,0.016853932584269662,0.003409090909090909,0.005671077504725898,0.003409090909090909,0.014814814814814815,0.20136363636363638,0.027599096643563584
OPPORTUNITY,S3-ADL4.test.csv@51.out,"1,1,1",n,abs_resid,0.14132861283435183,0.05594560576384743,0.0,0.0,0.0,0.0,0.0,0.0,0.0
OPPORTUNITY,S1-ADL5.test.csv@68.out,"1,1,1",n,abs_resid,0.269473678571014,0.023932604389485072,0.004329004329004329,0.001579778830963665,0.0023148148148148147,0.001579778830963665,0.005917159763313609,0.20126382306477095,0.0114963273114476
OPPORTUNITY,S3-ADL5.test.csv@66.out,"1,1,1",n,abs_resid,0.19230175430450758,0.036497998571513104,0.0,0.0,0.0,0.0,0.0,0.0,0.0
OPPORTUNITY,S4-ADL4.test.csv@42.out,"1,1,1",n,abs_resid,0.41587374574326663,0.016914935352755404,0.010443864229765013,0.011235955056179775,0.010825439783491205,0.011235955056179775,0.006153846153846154,0.20449438202247192,0.01194813720663056
OPPORTUNITY,S3-ADL3.test.csv@52.out,"1,1,1",n,abs_resid,0.13685716708232343,0.038852971386644924,0.0053475935828877,0.0008756567425569177,0.0015048908954100827,0.0008756567425569177,0.00847457627118644,0.20070052539404554,0.0162624700222793
OPPORTUNITY,S4-ADL4.test.csv@104.out,"1,1,1",n,abs_resid,0.5316271262654633,0.02079895335438331,0.010121457489878543,0.014044943820224719,0.011764705882352941,0.014044943820224719,0.004962779156327543,0.2056179775280899,0.009691641621099182
OPPORTUNITY,S3-ADL4.test.csv@55.out,"1,1,1",n,abs_resid,0.24349845633977588,0.06194103306190401,0.010416666666666666,0.0011689070718877848,0.0021019442984760903,0.0011689070718877848,0.015503875968992248,0.20046756282875514,0.028781807883530176
OPPORTUNITY,S1-ADL4.test.csv@98.out,"1,1,1",n,abs_resid,0.25616290651542756,0.025895462871839043,0.0,0.0,0.0,0.0,0.0,0.0,0.0
OPPORTUNITY,S3-ADL1.test.csv@58.out,"1,1,1",n,abs_resid,0.3656351123585624,0.07998008568581938,0.0,0.0,0.0,0.0,0.0,0.0,0.0
OPPORTUNITY,S2-ADL5.test.csv@40.out,"1,1,1",n,abs_resid,0.293518267475277,0.024371280220376306,0.0,0.0,0.0,0.0,0.0,0.0,0.0
OPPORTUNITY,S1-ADL5.test.csv@127.out,"1,1,1",n,abs_resid,0.2773658261981362,0.024413548100006312,0.0,0.0,0.0,0.0,0.0,0.0,0.0
OPPORTUNITY,S1-ADL5.test.csv@79.out,"1,1,1",n,abs_resid,0.13675578730539617,0.021189534806957785,0.0,0.0,0.0,0.0,0.0,0.0,0.0
OPPORTUNITY,S3-ADL4.test.csv@80.out,"1,1,1",n,abs_resid,0.3171223546957226,0.0673860270263644,0.0,0.0,0.0,0.0,0.0,0.0,0.0
OPPORTUNITY,S1-ADL3.test.csv@38.out,"1,1,1",n,abs_resid,0.10382380181775619,0.021103134729236056,0.0,0.0,0.0,0.0,0.0,0.0,0.0
OPPORTUNITY,S2-ADL4.test.csv@78.out,"1,1,1",n,abs_resid,0.19726158202450633,0.016103906042125783,0.0,0.0,0.0,0.0,0.0,0.0,0.0
OPPORTUNITY,S3-ADL3.test.csv@109.out,"1,1,1",n,abs_resid,0.32411514813071407,0.04796780285668531,0.0,0.0,0.0,0.0,0.0,0.0,0.0
OPPORTUNITY,S3-ADL5.test.csv@93.out,"1,1,1",n,abs_resid,0.35216330662585893,0.04446236346345439,0.0,0.0,0.0,0.0,0.0,0.0,0.0
OPPORTUNITY,S1-ADL4.test.csv@80.out,"1,1,1",n,abs_resid,0.24064474664012528,0.02579498763057315,0.0,0.0,0.0,0.0,0.0,0.0,0.0
OPPORTUNITY,S1-ADL5.test.csv@103.out,"1,1,1",n,abs_resid,0.09641904231253509,0.019915766573713786,0.0,0.0,0.0,0.0,0.0,0.0,0.0
OPPORTUNITY,S1-ADL5.test.csv@89.out,"1,1,1",n,abs_resid,0.08082717191809438,0.020245773711731606,0.0,0.0,0.0,0.0,0.0,0.0,0.0
OPPORTUNITY,S4-ADL4.test.csv@118.out,"1,1,1",n,abs_resid,0.4972678810818231,0.019227883798948377,0.0,0.0,0.0,0.0,0.0,0.0,0.0
OPPORTUNITY,S3-ADL3.test.csv@81.out,"1,1,1",n,abs_resid,0.26453838709583105,0.04465099636903666,0.0546875,0.006129597197898424,0.011023622047244094,0.006129597197898424,0.03225806451612903,0.20163455925277293,0.05561817654825931
OPPORTUNITY,S1-ADL2.test.csv@104.out,"1,1,1",n,abs_resid,0.20910025016424108,0.025809447313583343,0.0,0.0,0.0,0.0,0.0,0.0,0.0
OPPORTUNITY,S1-ADL5.test.csv@128.out,"1,1,1",n,abs_resid,0.23452726038689947,0.023094786448453367,0.0,0.0,0.0,0.0,0.0,0.0,0.0
OPPORTUNITY,S1-ADL2.test.csv@68.out,"1,1,1",n,abs_resid,0.27775196846571326,0.028157482125042158,0.0,0.0,0.0,0.0,0.0,0.0,0.0
OPPORTUNITY,S2-ADL5.test.csv@80.out,"1,1,1",n,abs_resid,0.2044081153493486,0.022299368347673664,0.0,0.0,0.0,0.0,0.0,0.0,0.0
OPPORTUNITY,S1-ADL1.test.csv@90.out,"1,1,1",n,abs_resid,0.16696074597527938,0.017074808784231715,0.027522935779816515,0.008733624454148471,0.013259668508287293,0.008733624454148471,0.027210884353741496,0.2017467248908297,0.047953914419908136
OPPORTUNITY,S2-ADL2.test.csv@66.out,"1,1,1",n,abs_resid,0.2502015827641597,0.017498223639070252,0.03167420814479638,0.014925373134328358,0.020289855072463767,0.014925373134328358,0.0273972602739726,0.20298507462686569,0.04827831025914093
OPPORTUNITY,S1-ADL3.test.csv@49.out,"1,1,1",n,abs_resid,0.17667776243277755,0.02198714223174133,0.0,0.0,0.0,0.0,0.0,0.0,0.0
OPPORTUNITY,S3-ADL4.test.csv@45.out,"1,1,1",n,abs_resid,0.3476867162311921,0.07029279662913306,0.0,0.0,0.0,0.0,0.0,0.0,0.0
OPPORTUNITY,S4-ADL2.test.csv@38.out,"1,1,1",n,abs_resid,0.25741056444953514,0.007525119311319882,0.0,0.0,0.0,0.0,0.0,0.0,0.0
OPPORTUNITY,S3-ADL1.test.csv@53.out,"1,1,1",n,abs_resid,0.22926400807473502,0.06788094292166966,0.0045662100456621,0.0004967709885742673,0.0008960573476702509,0.0004967709885742673,0.008403361344537815,0.20039741679085943,0.016130322126611432
OPPORTUNITY,S1-ADL1.test.csv@93.out,"1,1,1",n,abs_resid,0.31459747230869073,0.02068543035667986,0.043795620437956206,0.008733624454148471,0.014563106796116505,0.008733624454148471,0.029545454545454545,0.20232896652110627,0.0515615414247193
OPPORTUNITY,S1-ADL4.test.csv@120.out,"1,1,1",n,abs_resid,0.24443805634051896,0.025571079596591613,0.0,0.0,0.0,0.0,0.0,0.0,0.0
OPPORTUNITY,S1-ADL3.test.csv@55.out,"1,1,1",n,abs_resid,0.22355297039276156,0.02343791188074024,0.0,0.0,0.0,0.0,0.0,0.0,0.0
OPPORTUNITY,S2-ADL4.test.csv@96.out,"1,1,1",n,abs_resid,0.3229806473929762,0.0186489771375806,0.0,0.0,0.0,0.0,0.0,0.0,0.0
OPPORTUNITY,S1-ADL3.test.csv@40.out,"1,1,1",n,abs_resid,0.17255433187007796,0.022376870223930912,0.0,0.0,0.0,0.0,0.0,0.0,0.0
OPPORTUNITY,S1-ADL1.test.csv@38.out,"1,1,1",n,abs_resid,0.2163629090385895,0.016838368707093338,0.0017123287671232876,0.001455604075691412,0.0015735641227380016,0.001455604075691412,0.0021598272138228943,0.20116448326055314,0.004273768585636179
OPPORTUNITY,S1-ADL5.test.csv@54.out,"1,1,1",n,abs_resid,0.23245796144339578,0.02292922221089623,0.0,0.0,0.0,0.0,0.0,0.0,0.0
OPPORTUNITY,S2-ADL1.test.csv@119.out,"1,1,1",n,abs_resid,0.3235940503585937,0.028951128285529003,0.002079002079002079,0.0011210762331838565,0.0014566642388929353,0.0011210762331838565,0.002577319587628866,0.2008968609865471,0.005089347586535949
OPPORTUNITY,S4-ADL5.test.csv@68.out,"1,1,1",n,abs_resid,0.2277935576421492,0.017231685927733154,0.0,0.0,0.0,0.0,0.0,0.0,0.0
OPPORTUNITY,S1-ADL5.test.csv@92.out,"1,1,1",n,abs_resid,0.2210871850797762,0.022689575310993318,0.0,0.0,0.0,0.0,0.0,0.0,0.0
OPPORTUNITY,S2-ADL1.test.csv@102.out,"1,1,1",n,abs_resid,0.5801503408850297,0.04677357005856283,0.025839793281653745,0.011210762331838564,0.01563721657544957,0.011210762331838564,0.020618556701030927,0.20224215246636773,0.037421951168917375
OPPORTUNITY,S1-ADL5.test.csv@110.out,"1,1,1",n,abs_resid,0.4114143708381737,0.0295097778880982,0.0,0.0,0.0,0.0,0.0,0.0,0.0
OPPORTUNITY,S1-ADL1.test.csv@77.out,"1,1,1",n,abs_resid,0.14846074262484873,0.01586628821120715,0.00851063829787234,0.002911208151382824,0.004338394793926247,0.002911208151382824,0.01092896174863388,0.20116448326055314,0.020731606699519213
OPPORTUNITY,S2-ADL2.test.csv@92.out,"1,1,1",n,abs_resid,0.2501372437893854,0.01695273565190963,0.018867924528301886,0.006396588486140725,0.009554140127388535,0.006396588486140725,0.029411764705882353,0.20170575692963755,0.05133771096760189
OPPORTUNITY,S4-ADL1.test.csv@40.out,"1,1,1",n,abs_resid,0.30323375323923396,0.026062019977075544,0.0,0.0,0.0,0.0,0.0,0.0,0.0
OPPORTUNITY,S2-ADL2.test.csv@119.out,"1,1,1",n,abs_resid,0.2067238543284394,0.015718733684177838,0.0022624434389140274,0.0021321961620469083,0.0021953896816684962,0.0021321961620469083,0.0026595744680851063,0.20170575692963755,0.005249926467731821
OPPORTUNITY,S3-ADL5.test.csv@104.out,"1,1,1",n,abs_resid,0.21316170735296852,0.036916644973071816,0.0,0.0,0.0,0.0,0.0,0.0,0.0
OPPORTUNITY,S2-ADL2.test.csv@79.out,"1,1,1",n,abs_resid,0.212363539826333,0.015751677097567564,0.0,0.0,0.0,0.0,0.0,0.0,0.0
OPPORTUNITY,S1-ADL2.test.csv@81.out,"1,1,1",n,abs_resid,0.257104842441836,0.027604504021387647,0.0,0.0,0.0,0.0,0.0,0.0,0.0
OPPORTUNITY,S3-ADL3.test.csv@50.out,"1,1,1",n,abs_resid,0.12786161407366042,0.03866692482427183,0.003968253968253968,0.0008756567425569177,0.0014347202295552368,0.0008756567425569177,0.004830917874396135,0.20070052539404554,0.009434738939291653
OPPORTUNITY,S2-ADL2.test.csv@96.out,"1,1,1",n,abs_resid,0.2819437933701161,0.0170811922461376,0.0,0.0,0.0,0.0,0.0,0.0,0.0
OPPORTUNITY,S2-ADL3.test.csv@54.out,"1,1,1",n,abs_resid,0.3200486250948994,0.02359462874668635,0.006920415224913495,0.003430531732418525,0.0045871559633027525,0.003430531732418525,0.00904977375565611,0.20137221269296743,0.017321126906024772
OPPORTUNITY,S1-ADL5.test.csv@122.out,"1,1,1",n,abs_resid,0.17897704583243668,0.021929832738062028,0.0,0.0,0.0,0.0,0.0,0.0,0.0
OPPORTUNITY,S3-ADL4.test.csv@66.out,"1,1,1",n,abs_resid,0.18441120962225516,0.05834977234208226,0.017167381974248927,0.0023378141437755697,0.00411522633744856,0.0023378141437755697,0.028368794326241134,0.20046756282875514,0.04970384190410636
OPPORTUNITY,S4-ADL5.test.csv@39.out,"1,1,1",n,abs_resid,0.2610100417318727,0.017896178170563843,0.0,0.0,0.0,0.0,0.0,0.0,0.0
OPPORTUNITY,S1-ADL2.test.csv@111.out,"1,1,1",n,abs_resid,0.3173221746489448,0.029504421109000614,0.0021551724137931034,0.0013157894736842105,0.0016339869281045752,0.0013157894736842105,0.002857142857142857,0.20105263157894737,0.005634218289085545
OPPORTUNITY,S2-ADL3.test.csv@94.out,"1,1,1",n,abs_resid,0.27501592564442723,0.021744387680951285,0.0,0.0,0.0,0.0,0.0,0.0,0.0
OPPORTUNITY,S2-ADL3.test.csv@91.out,"1,1,1",n,abs_resid,0.2817446035318003,0.022164442799649027,0.011538461538461539,0.005145797598627788,0.0071174377224199285,0.005145797598627788,0.011428571428571429,0.20205831903945112,0.021633533813874478
OPPORTUNITY,S2-ADL3.test.csv@55.out,"1,1,1",n,abs_resid,0.2671780396590582,0.021569081327717513,0.0,0.0,0.0,0.0,0.0,0.0,0.0
OPPORTUNITY,S3-ADL3.test.csv@68.out,"1,1,1",n,abs_resid,0.3018224770414205,0.0461969104479682,0.010582010582010581,0.0017513134851138354,0.003005259203606311,0.0017513134851138354,0.007042253521126761,0.2014010507880911,0.013608662209336726
OPPORTUNITY,S1-ADL3.test.csv@110.out,"1,1,1",n,abs_resid,0.5520405914401517,0.040125117767639024,0.0,0.0,0.0,0.0,0.0,0.0,0.0
OPPORTUNITY,S4-ADL2.test.csv@32.out,"1,1,1",n,abs_resid,0.3303092618736848,0.008812073255043254,0.018518518518518517,0.013824884792626729,0.0158311345646438,0.013824884792626729,0.02631578947368421,0.20368663594470046,0.04660972266160497
OPPORTUNITY,S3-ADL4.test.csv@109.out,"1,1,1",n,abs_resid,0.2854673676029944,0.06487475332236589,0.0,0.0,0.0,0.0,0.0,0.0,0.0
OPPORTUNITY,S2-ADL2.test.csv@77.out,"1,1,1",n,abs_resid,0.16357924188637304,0.016264672783601553,0.06666666666666667,0.01279317697228145,0.02146690518783542,0.01279317697228145,0.07352941176470588,0.20204690831556504,0.10782051457101635
OPPORTUNITY,S4-ADL5.test.csv@52.out,"1,1,1",n,abs_resid,0.16938667188315076,0.016230601782136977,0.0,0.0,0.0,0.0,0.0,0.0,0.0
OPPORTUNITY,S1-ADL3.test.csv@122.out,"1,1,1",n,abs_resid,0.3780699786814104,0.028800632399345397,0.0,0.0,0.0,0.0,0.0,0.0,0.0
OPPORTUNITY,S3-ADL4.test.csv@17.out,"1,1,1",n,abs_resid,0.26047246622680387,0.0629445954107265,0.0,0.0,0.0,0.0,0.0,0.0,0.0
OPPORTUNITY,S1-ADL5.test.csv@41.out,"1,1,1",n,abs_resid,0.21779616934141688,0.022537895990173935,0.0,0.0,0.0,0.0,0.0,0.0,0.0
OPPORTUNITY,S1-ADL5.test.csv@67.out,"1,1,1",n,abs_resid,0.19926554124663332,0.022183853761736632,0.0,0.0,0.0,0.0,0.0,0.0,0.0
OPPORTUNITY,S1-ADL5.test.csv@109.out,"1,1,1",n,abs_resid,0.3660550840096479,0.02710775784175973,0.0,0.0,0.0,0.0,0.0,0.0,0.0
OPPORTUNITY,S2-ADL4.test.csv@68.out,"1,1,1",n,abs_resid,0.3062870588629989,0.01830884877420554,0.007575757575757576,0.0020964360587002098,0.003284072249589491,0.0020964360587002098,0.010638297872340425,0.20167714884696017,0.02021050862413076
OPPORTUNITY,S4-ADL5.test.csv@17.out,"1,1,1",n,abs_resid,0.2524186228482003,0.017688641075718953,0.0,0.0,0.0,0.0,0.0,0.0,0.0
OPPORTUNITY,S2-ADL3.test.csv@77.out,"1,1,1",n,abs_resid,0.15286766954772021,0.019162859658766566,0.023076923076923078,0.005145797598627788,0.008415147265077139,0.005145797598627788,0.031578947368421054,0.20137221269296743,0.05459618663773058
OPPORTUNITY,S2-ADL2.test.csv@126.out,"1,1,1",n,abs_resid,0.6956552029926379,0.0402499414429244,0.0,0.0,0.0,0.0,0.0,0.0,0.0
OPPORTUNITY,S1-ADL3.test.csv@129.out,"1,1,1",n,abs_resid,0.34531437286315003,0.02733613508898309,0.0,0.0,0.0,0.0,0.0,0.0,0.0
OPPORTUNITY,S1-ADL1.test.csv@95.out,"1,1,1",n,abs_resid,0.35100672854975284,0.02002119869787618,0.0029411764705882353,0.001455604075691412,0.0019474196689386564,0.001455604075691412,0.00390625,0.20116448326055314,0.007663685112376685
OPPORTUNITY,S1-ADL5.test.csv@104.out,"1,1,1",n,abs_resid,0.16204276524692934,0.02096605181939827,0.0,0.0,0.0,0.0,0.0,0.0,0.0
OPPORTUNITY,S4-ADL5.test.csv@120.out,"1,1,1",n,abs_resid,0.2655220396452791,0.017987866235976556,0.0,0.0,0.0,0.0,0.0,0.0,0.0
OPPORTUNITY,S3-ADL4.test.csv@79.out,"1,1,1",n,abs_resid,0.2753950185804827,0.06390394049977503,0.0,0.0,0.0,0.0,0.0,0.0,0.0
OPPORTUNITY,S1-ADL3.test.csv@104.out,"1,1,1",n,abs_resid,0.21760864221018109,0.023012727353474163,0.0,0.0,0.0,0.0,0.0,0.0,0.0
OPPORTUNITY,S1-ADL4.test.csv@53.out,"1,1,1",n,abs_resid,0.17379363489081276,0.0240173205686124,0.0,0.0,0.0,0.0,0.0,0.0,0.0
OPPORTUNITY,S1-ADL4.test.csv@104.out,"1,1,1",n,abs_resid,0.16400019657578144,0.02343268936087157,0.0,0.0,0.0,0.0,0.0,0.0,0.0
OPPORTUNITY,S1-ADL4.test.csv@17.out,"1,1,1",n,abs_resid,0.28275617514682894,0.026978894015409958,0.0,0.0,0.0,0.0,0.0,0.0,0.0
OPPORTUNITY,S1-ADL4.test.csv@115.out,"1,1,1",n,abs_resid,0.3030946435657239,0.027571660705093086,0.0,0.0,0.0,0.0,0.0,0.0,0.0
OPPORTUNITY,S1-ADL5.test.csv@38.out,"1,1,1",n,abs_resid,0.11502849564635653,0.020700602999405602,0.0,0.0,0.0,0.0,0.0,0.0,0.0
OPPORTUNITY,S2-ADL3.test.csv@96.out,"1,1,1",n,abs_resid,0.24573317239901182,0.021091603479846267,0.0,0.0,0.0,0.0,0.0,0.0,0.0
OPPORTUNITY,S1-ADL2.test.csv@77.out,"1,1,1",n,abs_resid,0.10448491409301709,0.023845010479662653,0.0,0.0,0.0,0.0,0.0,0.0,0.0
OPPORTUNITY,S4-ADL5.test.csv@128.out,"1,1,1",n,abs_resid,0.2747849504434011,0.018191064459782604,0.002702702702702703,0.0020833333333333333,0.002352941176470588,0.0020833333333333333,0.0038314176245210726,0.2016666666666667,0.007519965196855287
OPPORTUNITY,S1-ADL4.test.csv@93.out,"1,1,1",n,abs_resid,0.1936791203635702,0.024676279885110126,0.0,0.0,0.0,0.0,0.0,0.0,0.0
OPPORTUNITY,S4-ADL3.test.csv@120.out,"1,1,1",n,abs_resid,0.4171010827592743,0.03483250879084373,0.01,0.003911342894393742,0.005623242736644799,0.003911342894393742,0.006993006993006993,0.203129074315515,0.013520549847264649
OPPORTUNITY,S1-ADL5.test.csv@126.out,"1,1,1",n,abs_resid,0.6008957602934898,0.04307522705269591,0.0,0.0,0.0,0.0,0.0,0.0,0.0
OPPORTUNITY,S3-ADL5.test.csv@53.out,"1,1,1",n,abs_resid,0.19325659076831436,0.03663370511034662,0.00975609756097561,0.001885014137606032,0.00315955766192733,0.001885014137606032,0.006289308176100629,0.20150801131008483,0.012197905018371027
OPPORTUNITY,S1-ADL3.test.csv@67.out,"1,1,1",n,abs_resid,0.2013165188144578,0.02292457749295255,0.0,0.0,0.0,0.0,0.0,0.0,0.0
OPPORTUNITY,S2-ADL5.test.csv@66.out,"1,1,1",n,abs_resid,0.20273436298718867,0.022144099841372708,0.009708737864077669,0.0028129395218002813,0.004362050163576881,0.0028129395218002813,0.006896551724137931,0.20225035161744023,0.01333828030794917
OPPORTUNITY,S3-ADL4.test.csv@110.out,"1,1,1",n,abs_resid,0.2686755811733225,0.06333857272761784,0.0,0.0,0.0,0.0,0.0,0.0,0.0
OPPORTUNITY,S3-ADL4.test.csv@69.out,"1,1,1",n,abs_resid,0.3150492521514892,0.06742894783959383,0.0,0.0,0.0,0.0,0.0,0.0,0.0
OPPORTUNITY,S4-ADL5.test.csv@55.out,"1,1,1",n,abs_resid,0.20724126238914972,0.016926545031164714,0.0,0.0,0.0,0.0,0.0,0.0,0.0
OPPORTUNITY,S1-ADL1.test.csv@66.out,"1,1,1",n,abs_resid,0.30313128719373117,0.019197962876523745,0.014814814814814815,0.008733624454148471,0.01098901098901099,0.008733624454148471,0.014598540145985401,0.2017467248908297,0.02722692047028317
OPPORTUNITY,S3-ADL3.test.csv@54.out,"1,1,1",n,abs_resid,0.2527337740367045,0.0437456702184726,0.0,0.0,0.0,0.0,0.0,0.0,0.0
OPPORTUNITY,S1-ADL4.test.csv@111.out,"1,1,1",n,abs_resid,0.3031376673543165,0.02757326313633384,0.0,0.0,0.0,0.0,0.0,0.0,0.0
OPPORTUNITY,S1-ADL5.test.csv@94.out,"1,1,1",n,abs_resid,0.24644986303060573,0.02331318889525699,0.0,0.0,0.0,0.0,0.0,0.0,0.0
OPPORTUNITY,S2-ADL5.test.csv@89.out,"1,1,1",n,abs_resid,0.15555211940118657,0.021096382902104808,0.0,0.0,0.0,0.0,0.0,0.0,0.0
OPPORTUNITY,S4-ADL5.test.csv@130.out,"1,1,1",n,abs_resid,0.2748042514345331,0.018191650162704215,0.002702702702702703,0.0020833333333333333,0.002352941176470588,0.0020833333333333333,0.0038314176245210726,0.2016666666666667,0.007519965196855287
OPPORTUNITY,S3-ADL2.test.csv@27.out,"1,1,1",n,abs_resid,0.2943945623027455,0.03512401416745765,0.0,0.0,0.0,0.0,0.0,0.0,0.0
OPPORTUNITY,S1-ADL3.test.csv@112.out,"1,1,1",n,abs_resid,0.2623319781192823,0.024449026164109666,0.0,0.0,0.0,0.0,0.0,0.0,0.0
OPPORTUNITY,S3-ADL1.test.csv@68.out,"1,1,1",n,abs_resid,0.3235787483234982,0.07535442763364221,0.005813953488372093,0.0004967709885742673,0.0009153318077803204,0.0004967709885742673,0.008547008547008548,0.20039741679085943,0.016394775130662377
OPPORTUNITY,S1-ADL5.test.csv@76.out,"1,1,1",n,abs_resid,0.10706521183749719,0.020661813722437996,0.0,0.0,0.0,0.0,0.0,0.0,0.0
OPPORTUNITY,S3-ADL3.test.csv@53.out,"1,1,1",n,abs_resid,0.19010399702949166,0.04110317021166096,0.0,0.0,0.0,0.0,0.0,0.0,0.0
OPPORTUNITY,S1-ADL4.test.csv@63.out,"1,1,1",n,abs_resid,0.13612096425901526,0.02321525081062884,0.0,0.0,0.0,0.0,0.0,0.0,0.0
OPPORTUNITY,S2-ADL2.test.csv@103.out,"1,1,1",n,abs_resid,0.19860083668585501,0.015357655417937746,0.0,0.0,0.0,0.0,0.0,0.0,0.0
OPPORTUNITY,S1-ADL5.test.csv@116.out,"1,1,1",n,abs_resid,0.34747961134841365,0.026780041772500936,0.0,0.0,0.0,0.0,0.0,0.0,0.0
OPPORTUNITY,S3-ADL4.test.csv@132.out,"1,1,1",n,abs_resid,0.26684080320122827,0.06323009539403382,0.0,0.0,0.0,0.0,0.0,0.0,0.0
OPPORTUNITY,S1-ADL2.test.csv@126.out,"1,1,1",n,abs_resid,0.2786579643168057,0.02799166351365149,0.0,0.0,0.0,0.0,0.0,0.0,0.0
OPPORTUNITY,S2-ADL2.test.csv@76.out,"1,1,1",n,abs_resid,0.21865657682644646,0.016214029053380808,0.007905138339920948,0.0042643923240938165,0.00554016620498615,0.0042643923240938165,0.00966183574879227,0.20170575692963755,0.018440366078303332
OPPORTUNITY,S4-ADL5.test.csv@124.out,"1,1,1",n,abs_resid,0.42216784037558686,0.02393204513515636,0.0,0.0,0.0,0.0,0.0,0.0,0.0
OPPORTUNITY,S1-ADL5.test.csv@106.out,"1,1,1",n,abs_resid,0.18029053524668828,0.021927405873810767,0.0,0.0,0.0,0.0,0.0,0.0,0.0
OPPORTUNITY,S1-ADL3.test.csv@103.out,"1,1,1",n,abs_resid,0.1470349016549896,0.021555281138925752,0.0,0.0,0.0,0.0,0.0,0.0,0.0
OPPORTUNITY,S3-ADL4.test.csv@38.out,"1,1,1",n,abs_resid,0.2742004510804971,0.0637161797158961,0.002638522427440633,0.0005844535359438924,0.0009569377990430622,0.0005844535359438924,0.0033222591362126247,0.20046756282875514,0.0065361968100310615
OPPORTUNITY,S4-ADL1.test.csv@68.out,"1,1,1",n,abs_resid,0.33936325714960264,0.027258089594657888,0.008333333333333333,0.003289473684210526,0.0047169811320754715,0.003289473684210526,0.008438818565400843,0.20131578947368423,0.016198618353140466
OPPORTUNITY,S4-ADL3.test.csv@108.out,"1,1,1",n,abs_resid,0.5071662970608227,0.042006885542144365,0.014634146341463415,0.007822685788787484,0.010195412064570943,0.007822685788787484,0.017543859649122806,0.201251629726206,0.032274251687310254
OPPORTUNITY,S2-ADL1.test.csv@124.out,"1,1,1",n,abs_resid,0.49811595738864,0.039384315756162074,0.004434589800443459,0.002242152466367713,0.0029784065524944155,0.002242152466367713,0.003194888178913738,0.20179372197309417,0.006290187307799831
OPPORTUNITY,S2-ADL3.test.csv@66.out,"1,1,1",n,abs_resid,0.23006080584505736,0.021833208064196315,0.026785714285714284,0.010291595197255575,0.01486988847583643,0.010291595197255575,0.04081632653061224,0.20137221269296743,0.06787500361344781
OPPORTUNITY,S2-ADL4.test.csv@76.out,"1,1,1",n,abs_resid,0.14993196780966084,0.015374390603428392,0.0,0.0,0.0,0.0,0.0,0.0,0.0
OPPORTUNITY,S2-ADL3.test.csv@67.out,"1,1,1",n,abs_resid,0.284711147227448,0.022711978570182412,0.014814814814814815,0.003430531732418525,0.005571030640668524,0.003430531732418525,0.011363636363636364,0.20274442538593482,0.02152103854487191
OPPORTUNITY,S3-ADL3.test.csv@66.out,"1,1,1",n,abs_resid,0.17732285858801447,0.0405590066371246,0.009433962264150943,0.0017513134851138354,0.0029542097488921715,0.0017513134851138354,0.007462686567164179,0.2014010507880911,0.01439209060759652
OPPORTUNITY,S1-ADL4.test.csv@66.out,"1,1,1",n,abs_resid,0.178387406288525,0.02412512790044023,0.004524886877828055,0.0014326647564469914,0.002176278563656148,0.0014326647564469914,0.006944444444444444,0.2011461318051576,0.013425385836409186
OPPORTUNITY,S2-ADL4.test.csv@101.out,"1,1,1",n,abs_resid,0.3064175698548329,0.01826117260836256,0.006535947712418301,0.0041928721174004195,0.005108556832694764,0.0041928721174004195,0.0047169811320754715,0.20335429769392036,0.00922009410199135
OPPORTUNITY,S1-ADL5.test.csv@53.out,"1,1,1",n,abs_resid,0.1605976193289606,0.02145668942033205,0.0,0.0,0.0,0.0,0.0,0.0,0.0
OPPORTUNITY,S2-ADL3.test.csv@93.out,"1,1,1",n,abs_resid,0.2553332551506397,0.021226409559784498,0.0,0.0,0.0,0.0,0.0,0.0,0.0
OPPORTUNITY,S2-ADL1.test.csv@104.out,"1,1,1",n,abs_resid,0.6795643593051296,0.06352658740410393,0.0,0.0,0.0,0.0,0.0,0.0,0.0
OPPORTUNITY,S2-ADL2.test.csv@124.out,"1,1,1",n,abs_resid,0.46862631085902307,0.023518641934927254,0.005037783375314861,0.0042643923240938165,0.004618937644341801,0.0042643923240938165,0.006968641114982578,0.20170575692963755,0.013471849388711273
OPPORTUNITY,S4-ADL5.test.csv@96.out,"1,1,1",n,abs_resid,0.2978869327073552,0.01870768303817486,0.0,0.0,0.0,0.0,0.0,0.0,0.0
OPPORTUNITY,S1-ADL1.test.csv@79.out,"1,1,1",n,abs_resid,0.2129767615394837,0.01693141483609521,0.00851063829787234,0.002911208151382824,0.004338394793926247,0.002911208151382824,0.010256410256410256,0.20116448326055314,0.01951770645764926
OPPORTUNITY,S2-ADL3.test.csv@53.out,"1,1,1",n,abs_resid,0.2061215772102698,0.020085302011476003,0.0,0.0,0.0,0.0,0.0,0.0,0.0
OPPORTUNITY,S1-ADL3.test.csv@119.out,"1,1,1",n,abs_resid,0.07576784697903137,0.02033934756609874,0.0,0.0,0.0,0.0,0.0,0.0,0.0
OPPORTUNITY,S1-ADL5.test.csv@47.out,"1,1,1",n,abs_resid,0.16773931496353053,0.021149809975610577,0.0,0.0,0.0,0.0,0.0,0.0,0.0
OPPORTUNITY,S2-ADL4.test.csv@79.out,"1,1,1",n,abs_resid,0.17783781029242468,0.015957150900137378,0.017391304347826087,0.0041928721174004195,0.006756756756756757,0.0041928721174004195,0.023529411764705882,0.20167714884696017,0.042142153104807796
OPPORTUNITY,S2-ADL5.test.csv@81.out,"1,1,1",n,abs_resid,0.2241401141368098,0.022743885318634503,0.0,0.0,0.0,0.0,0.0,0.0,0.0
OPPORTUNITY,S2-ADL5.test.csv@90.out,"1,1,1",n,abs_resid,0.1323249710829566,0.0206047635564655,0.0,0.0,0.0,0.0,0.0,0.0,0.0
OPPORTUNITY,S1-ADL2.test.csv@55.out,"1,1,1",n,abs_resid,0.2513987999883494,0.02731396823453926,0.0,0.0,0.0,0.0,0.0,0.0,0.0
OPPORTUNITY,S4-ADL5.test.csv@31.out,"1,1,1",n,abs_resid,0.3035190401669275,0.022480853132059123,0.04430379746835443,0.014583333333333334,0.0219435736677116,0.014583333333333334,0.030637254901960783,0.2029166666666667,0.053236611046979396
OPPORTUNITY,S1-ADL4.test.csv@54.out,"1,1,1",n,abs_resid,0.24006150483510655,0.025584724477818645,0.0,0.0,0.0,0.0,0.0,0.0,0.0
OPPORTUNITY,S3-ADL2.test.csv@51.out,"1,1,1",n,abs_resid,0.15803226074369378,0.030448253683784843,0.026143790849673203,0.004545454545454545,0.007744433688286544,0.004545454545454545,0.041666666666666664,0.20090909090909093,0.06901936289818864
OPPORTUNITY,S3-ADL3.test.csv@38.out,"1,1,1",n,abs_resid,0.15425680278572867,0.039377659994470446,0.002840909090909091,0.0008756567425569177,0.0013386880856760374,0.0008756567425569177,0.0034965034965034965,0.20070052539404554,0.006873264440752581
OPPORTUNITY,S1-ADL2.test.csv@52.out,"1,1,1",n,abs_resid,0.1644219846794629,0.024911753345168056,0.0,0.0,0.0,0.0,0.0,0.0,0.0
OPPORTUNITY,S3-ADL5.test.csv@108.out,"1,1,1",n,abs_resid,0.5289443974958458,0.061217959607525296,0.0024449877750611247,0.000942507068803016,0.0013605442176870747,0.000942507068803016,0.003787878787878788,0.20075400565504242,0.007435463320126369
OPPORTUNITY,S2-ADL3.test.csv@38.out,"1,1,1",n,abs_resid,0.20526234798804782,0.02004720328511587,0.00273224043715847,0.0017152658662092624,0.002107481559536354,0.0017152658662092624,0.003257328990228013,0.20137221269296743,0.006410956510342719
OPPORTUNITY,S1-ADL5.test.csv@124.out,"1,1,1",n,abs_resid,0.3475639429446153,0.02647407877872229,0.0,0.0,0.0,0.0,0.0,0.0,0.0
OPPORTUNITY,S3-ADL1.test.csv@50.out,"1,1,1",n,abs_resid,0.13321115569027436,0.06184983732180552,0.013333333333333334,0.001987083954297069,0.0034587116299178555,0.001987083954297069,0.0125,0.20052988905447922,0.02353306969558585
OPPORTUNITY,S1-ADL4.test.csv@127.out,"1,1,1",n,abs_resid,0.3136554764624252,0.027974840647890326,0.0,0.0,0.0,0.0,0.0,0.0,0.0
OPPORTUNITY,S1-ADL4.test.csv@124.out,"1,1,1",n,abs_resid,0.39469037122130557,0.03223379455350136,0.0025252525252525255,0.0014326647564469914,0.0018281535648994515,0.0014326647564469914,0.003861003861003861,0.2011461318051576,0.007576575215317202
OPPORTUNITY,S1-ADL5.test.csv@119.out,"1,1,1",n,abs_resid,0.11455346072563469,0.02015333184587232,0.0,0.0,0.0,0.0,0.0,0.0,0.0
OPPORTUNITY,S3-ADL1.test.csv@38.out,"1,1,1",n,abs_resid,0.1858010520139407,0.0645414167875912,0.0051813471502590676,0.0009935419771485345,0.0016673614005835765,0.0009935419771485345,0.007142857142857143,0.20039741679085943,0.013794046743832172
OPPORTUNITY,S1-ADL4.test.csv@79.out,"1,1,1",n,abs_resid,0.161539619519902,0.02382726828193406,0.0,0.0,0.0,0.0,0.0,0.0,0.0
OPPORTUNITY,S1-ADL2.test.csv@110.out,"1,1,1",n,abs_resid,0.3092077754800208,0.02914955847624963,0.0,0.0,0.0,0.0,0.0,0.0,0.0
OPPORTUNITY,S1-ADL3.test.csv@109.out,"1,1,1",n,abs_resid,0.3335003863651844,0.02661486301157792,0.0,0.0,0.0,0.0,0.0,0.0,0.0
OPPORTUNITY,S4-ADL5.test.csv@92.out,"1,1,1",n,abs_resid,0.21517696922274387,0.017151321146879193,0.012422360248447204,0.004166666666666667,0.0062402496099844,0.004166666666666667,0.017241379310344827,0.2016666666666667,0.031766867944342345
OPPORTUNITY,S3-ADL4.test.csv@52.out,"1,1,1",n,abs_resid,0.17223906509155745,0.057689406037561876,0.03684210526315789,0.004091174751607247,0.007364544976328248,0.004091174751607247,0.032520325203252036,0.20081823495032147,0.05597595445030017
OPPORTUNITY,S1-ADL2.test.csv@109.out,"1,1,1",n,abs_resid,0.3422610899134943,0.030568255909931417,0.0,0.0,0.0,0.0,0.0,0.0,0.0
OPPORTUNITY,S1-ADL5.test.csv@81.out,"1,1,1",n,abs_resid,0.2476906288448387,0.023532727148730326,0.0,0.0,0.0,0.0,0.0,0.0,0.0
OPPORTUNITY,S4-ADL4.test.csv@108.out,"1,1,1",n,abs_resid,0.6859546359346043,0.030870927139044105,0.0,0.0,0.0,0.0,0.0,0.0,0.0
OPPORTUNITY,S4-ADL1.test.csv@77.out,"1,1,1",n,abs_resid,0.10581353656489831,0.02129608022637899,0.0,0.0,0.0,0.0,0.0,0.0,0.0
OPPORTUNITY,S2-ADL5.test.csv@53.out,"1,1,1",n,abs_resid,0.227090578284383,0.02258751079738625,0.005235602094240838,0.0014064697609001407,0.0022172949002217295,0.0014064697609001407,0.006802721088435374,0.20112517580872014,0.0131603165838395
OPPORTUNITY,S1-ADL4.test.csv@68.out,"1,1,1",n,abs_resid,0.24118149352286455,0.025787520157024926,0.0,0.0,0.0,0.0,0.0,0.0,0.0
OPPORTUNITY,S1-ADL3.test.csv@77.out,"1,1,1",n,abs_resid,0.07222641078095873,0.02072889852297536,0.0,0.0,0.0,0.0,0.0,0.0,0.0
OPPORTUNITY,S3-ADL4.test.csv@50.out,"1,1,1",n,abs_resid,0.1516211214463701,0.05646102040103518,0.004,0.0005844535359438924,0.0010198878123406426,0.0005844535359438924,0.0049504950495049506,0.20046756282875514,0.009662380100567629
OPPORTUNITY,S3-ADL5.test.csv@42.out,"1,1,1",n,abs_resid,0.3904466795465742,0.04844216477408706,0.046875,0.01413760603204524,0.02172338884866039,0.01413760603204524,0.04198473282442748,0.2010281895296033,0.06946227176580243
OPPORTUNITY,S1-ADL3.test.csv@42.out,"1,1,1",n,abs_resid,0.33099605884024685,0.026523462580174472,0.0,0.0,0.0,0.0,0.0,0.0,0.0
OPPORTUNITY,S4-ADL3.test.csv@17.out,"1,1,1",n,abs_resid,0.35960750676690023,0.03149304832142043,0.0,0.0,0.0,0.0,0.0,0.0,0.0
OPPORTUNITY,S3-ADL1.test.csv@42.out,"1,1,1",n,abs_resid,0.39625287538071735,0.08402185873432849,0.01968503937007874,0.0024838549428713363,0.004411116012351125,0.0024838549428713363,0.01990049751243781,0.20049677098857427,0.036207213632428605
OPPORTUNITY,S2-ADL4.test.csv@94.out,"1,1,1",n,abs_resid,0.24449181980740037,0.016898007493601156,0.0,0.0,0.0,0.0,0.0,0.0,0.0
OPPORTUNITY,S1-ADL3.test.csv@83.out,"1,1,1",n,abs_resid,0.32142070040531157,0.02624126291776701,0.0,0.0,0.0,0.0,0.0,0.0,0.0
OPPORTUNITY,S4-ADL4.test.csv@124.out,"1,1,1",n,abs_resid,0.5496722788074562,0.024138917568359536,0.003115264797507788,0.0028089887640449437,0.0029542097488921715,0.0028089887640449437,0.004694835680751174,0.20224719101123598,0.009176650522559266
OPPORTUNITY,S3-ADL1.test.csv@63.out,"1,1,1",n,abs_resid,0.14314493992551952,0.06225535519124691,0.005988023952095809,0.0004967709885742673,0.0009174311926605505,0.0004967709885742673,0.01020408163265306,0.20039741679085943,0.019419345210873674
OPPORTUNITY,S1-ADL3.test.csv@94.out,"1,1,1",n,abs_resid,0.30434195002070796,0.025636179754958292,0.0,0.0,0.0,0.0,0.0,0.0,0.0
OPPORTUNITY,S1-ADL4.test.csv@78.out,"1,1,1",n,abs_resid,0.20072944960973496,0.024531109829277076,0.0,0.0,0.0,0.0,0.0,0.0,0.0
OPPORTUNITY,S1-ADL2.test.csv@94.out,"1,1,1",n,abs_resid,0.2983602591610922,0.028799192295339015,0.0,0.0,0.0,0.0,0.0,0.0,0.0
OPPORTUNITY,S1-ADL3.test.csv@82.out,"1,1,1",n,abs_resid,0.305017697639297,0.02560763762878132,0.0,0.0,0.0,0.0,0.0,0.0,0.0
OPPORTUNITY,S1-ADL5.test.csv@111.out,"1,1,1",n,abs_resid,0.23010868160050257,0.023138782403644084,0.0,0.0,0.0,0.0,0.0,0.0,0.0
OPPORTUNITY,S1-ADL5.test.csv@55.out,"1,1,1",n,abs_resid,0.20674267820680073,0.022404230112034598,0.0,0.0,0.0,0.0,0.0,0.0,0.0
OPPORTUNITY,S3-ADL4.test.csv@68.out,"1,1,1",n,abs_resid,0.28710894664401565,0.06497242157693489,0.006993006993006993,0.0005844535359438924,0.0010787486515641855,0.0005844535359438924,0.01020408163265306,0.20046756282875514,0.019419674451521582
OPPORTUNITY,S1-ADL3.test.csv@108.out,"1,1,1",n,abs_resid,0.23684224948308485,0.023581636542047497,0.0,0.0,0.0,0.0,0.0,0.0,0.0
OPPORTUNITY,S4-ADL5.test.csv@4.out,"1,1,1",n,abs_resid,0.2124255346896192,0.01696330457599053,0.0,0.0,0.0,0.0,0.0,0.0,0.0
OPPORTUNITY,S1-ADL5.test.csv@129.out,"1,1,1",n,abs_resid,0.26572022804454176,0.023974940765625213,0.0,0.0,0.0,0.0,0.0,0.0,0.0
OPPORTUNITY,S2-ADL2.test.csv@108.out,"1,1,1",n,abs_resid,0.2835234611373557,0.017131957683757495,0.0,0.0,0.0,0.0,0.0,0.0,0.0
OPPORTUNITY,S1-ADL5.test.csv@16.out,"1,1,1",n,abs_resid,0.2009164562593342,0.02222655187363873,0.0,0.0,0.0,0.0,0.0,0.0,0.0
OPPORTUNITY,S4-ADL2.test.csv@77.out,"1,1,1",n,abs_resid,0.2659574864814469,0.008018229706577685,0.005988023952095809,0.004608294930875576,0.005208333333333333,0.004608294930875576,0.00847457627118644,0.20368663594470046,0.016272134889371574
OPPORTUNITY,S1-ADL1.test.csv@76.out,"1,1,1",n,abs_resid,0.19677445823852563,0.016519223827219334,0.0021598272138228943,0.001455604075691412,0.0017391304347826088,0.001455604075691412,0.00089126559714795,0.20116448326055314,0.001774668469586009
OPPORTUNITY,S1-ADL4.test.csv@76.out,"1,1,1",n,abs_resid,0.1349366682524267,0.023186036549220586,0.0,0.0,0.0,0.0,0.0,0.0,0.0
OPPORTUNITY,S1-ADL2.test.csv@79.out,"1,1,1",n,abs_resid,0.1552404230461784,0.025028157438316576,0.0,0.0,0.0,0.0,0.0,0.0,0.0
OPPORTUNITY,S2-ADL3.test.csv@40.out,"1,1,1",n,abs_resid,0.2616521124119567,0.0214360593150838,0.0,0.0,0.0,0.0,0.0,0.0,0.0
OPPORTUNITY,S3-ADL1.test.csv@66.out,"1,1,1",n,abs_resid,0.20360833856859226,0.06611985654445825,0.0,0.0,0.0,0.0,0.0,0.0,0.0
OPPORTUNITY,S2-ADL3.test.csv@80.out,"1,1,1",n,abs_resid,0.22048541236511093,0.020607403126797093,0.00641025641025641,0.0017152658662092624,0.0027063599458728013,0.0017152658662092624,0.008771929824561403,0.20137221269296743,0.01681153609325104
OPPORTUNITY,S1-ADL5.test.csv@66.out,"1,1,1",n,abs_resid,0.15234909629765442,0.021294675145113507,0.0,0.0,0.0,0.0,0.0,0.0,0.0
OPPORTUNITY,S1-ADL1.test.csv@94.out,"1,1,1",n,abs_resid,0.3298531209135019,0.019702451128794877,0.024096385542168676,0.008733624454148471,0.01282051282051282,0.008733624454148471,0.017964071856287425,0.20232896652110627,0.03299833821318351
OPPORTUNITY,S1-ADL2.test.csv@80.out,"1,1,1",n,abs_resid,0.24925533257604443,0.027294322648659088,0.0,0.0,0.0,0.0,0.0,0.0,0.0
OPPORTUNITY,S1-ADL5.test.csv@45.out,"1,1,1",n,abs_resid,0.3450802286160124,0.026275567528202762,0.0,0.0,0.0,0.0,0.0,0.0,0.0
OPPORTUNITY,S1-ADL4.test.csv@96.out,"1,1,1",n,abs_resid,0.3140085272966299,0.02806549244583034,0.0,0.0,0.0,0.0,0.0,0.0,0.0
OPPORTUNITY,S1-ADL5.test.csv@113.out,"1,1,1",n,abs_resid,0.34747961134841365,0.026780041772500936,0.0,0.0,0.0,0.0,0.0,0.0,0.0
OPPORTUNITY,S2-ADL2.test.csv@65.out,"1,1,1",n,abs_resid,0.2708590890159538,0.021143393361418343,0.046218487394957986,0.023454157782515993,0.031117397454031116,0.023454157782515993,0.046052631578947366,0.2026804751751447,0.07505208593494454
OPPORTUNITY,S3-ADL1.test.csv@51.out,"1,1,1",n,abs_resid,0.0979707500698806,0.06033590310331294,0.0,0.0,0.0,0.0,0.0,0.0,0.0
OPPORTUNITY,S1-ADL5.test.csv@49.out,"1,1,1",n,abs_resid,0.2115956143204575,0.022155353119085255,0.0,0.0,0.0,0.0,0.0,0.0,0.0
OPPORTUNITY,S1-ADL5.test.csv@120.out,"1,1,1",n,abs_resid,0.09745637055263687,0.02027065450334368,0.0,0.0,0.0,0.0,0.0,0.0,0.0
OPPORTUNITY,S3-ADL5.test.csv@120.out,"1,1,1",n,abs_resid,0.2049829881413473,0.036696896163392834,0.0,0.0,0.0,0.0,0.0,0.0,0.0
OPPORTUNITY,S1-ADL4.test.csv@83.out,"1,1,1",n,abs_resid,0.3064866719427899,0.027800142808817364,0.0,0.0,0.0,0.0,0.0,0.0,0.0
OPPORTUNITY,S1-ADL2.test.csv@124.out,"1,1,1",n,abs_resid,0.4125036003585795,0.03516739425101223,0.0,0.0,0.0,0.0,0.0,0.0,0.0
OPPORTUNITY,S1-ADL4.test.csv@92.out,"1,1,1",n,abs_resid,0.23335390436770925,0.02540378900134635,0.0,0.0,0.0,0.0,0.0,0.0,0.0
OPPORTUNITY,S3-ADL5.test.csv@124.out,"1,1,1",n,abs_resid,0.3654514474138373,0.04538945117394957,0.0,0.0,0.0,0.0,0.0,0.0,0.0
OPPORTUNITY,S1-ADL4.test.csv@108.out,"1,1,1",n,abs_resid,0.2759784212407074,0.02700236151245853,0.003076923076923077,0.0014326647564469914,0.0019550342130987292,0.0014326647564469914,0.0043859649122807015,0.2011461318051576,0.008584740684578039
OPPORTUNITY,S4-ADL3.test.csv@81.out,"1,1,1",n,abs_resid,0.3584894165357243,0.03584488887155499,0.08024691358024691,0.01694915254237288,0.02798708288482239,0.01694915254237288,0.06060606060606061,0.2016949152542373,0.09320540434697475
OPPORTUNITY,S1-ADL3.test.csv@91.out,"1,1,1",n,abs_resid,0.23596558805407392,0.02353031375462968,0.0,0.0,0.0,0.0,0.0,0.0,0.0
OPPORTUNITY,S1-ADL2.test.csv@78.out,"1,1,1",n,abs_resid,0.15344461273086796,0.024817786429676098,0.0,0.0,0.0,0.0,0.0,0.0,0.0
OPPORTUNITY,S1-ADL5.test.csv@90.out,"1,1,1",n,abs_resid,0.14688282144550507,0.021238554377352177,0.0,0.0,0.0,0.0,0.0,0.0,0.0
OPPORTUNITY,S1-ADL4.test.csv@40.out,"1,1,1",n,abs_resid,0.2150056743901218,0.02493390458625298,0.002688172043010753,0.0014326647564469914,0.001869158878504673,0.0014326647564469914,0.0033222591362126247,0.2011461318051576,0.006536556296323886
OPPORTUNITY,S3-ADL3.test.csv@92.out,"1,1,1",n,abs_resid,0.2541487417733584,0.04385180101098089,0.009302325581395349,0.0017513134851138354,0.0029476787030213707,0.0017513134851138354,0.015037593984962405,0.20070052539404554,0.027978857163783736
OPPORTUNITY,S3-ADL2.test.csv@63.out,"1,1,1",n,abs_resid,0.17515810018746586,0.030585442951770393,0.0,0.0,0.0,0.0,0.0,0.0,0.0
OPPORTUNITY,S1-ADL5.test.csv@78.out,"1,1,1",n,abs_resid,0.13129844168107993,0.021070965531341287,0.0,0.0,0.0,0.0,0.0,0.0,0.0
OPPORTUNITY,S3-ADL5.test.csv@38.out,"1,1,1",n,abs_resid,0.2199382435640107,0.03925199701296346,0.008086253369272238,0.002827521206409048,0.004189944134078212,0.002827521206409048,0.0035087719298245615,0.20226201696512724,0.006897881778149207
OPPORTUNITY,S1-ADL3.test.csv@121.out,"1,1,1",n,abs_resid,0.33702014579316036,0.02748821982000942,0.0,0.0,0.0,0.0,0.0,0.0,0.0
OPPORTUNITY,S1-ADL3.test.csv@78.out,"1,1,1",n,abs_resid,0.2067908085014433,0.022974646142299684,0.0,0.0,0.0,0.0,0.0,0.0,0.0
OPPORTUNITY,S3-ADL3.test.csv@80.out,"1,1,1",n,abs_resid,0.3034601159550798,0.04623943577227355,0.0,0.0,0.0,0.0,0.0,0.0,0.0
OPPORTUNITY,S2-ADL3.test.csv@81.out,"1,1,1",n,abs_resid,0.23892808547255584,0.021096755446264322,0.014218009478672985,0.005145797598627788,0.007556675062972292,0.005145797598627788,0.012048192771084338,0.20205831903945112,0.022740434732249723
OPPORTUNITY,S1-ADL1.test.csv@78.out,"1,1,1",n,abs_resid,0.22666605221032965,0.017265003754031144,0.005633802816901409,0.002911208151382824,0.003838771593090211,0.002911208151382824,0.007782101167315175,0.20116448326055314,0.01498452213795085
OPPORTUNITY,S1-ADL2.test.csv@48.out,"1,1,1",n,abs_resid,0.192923029997055,0.025292532306092314,0.0,0.0,0.0,0.0,0.0,0.0,0.0
OPPORTUNITY,S3-ADL1.test.csv@55.out,"1,1,1",n,abs_resid,0.2878910698301764,0.07211072241890243,0.0,0.0,0.0,0.0,0.0,0.0,0.0
OPPORTUNITY,S4-ADL2.test.csv@131.out,"1,1,1",n,abs_resid,0.3304573666125037,0.008285988739409045,0.0,0.0,0.0,0.0,0.0,0.0,0.0
OPPORTUNITY,S3-ADL3.test.csv@71.out,"1,1,1",n,abs_resid,0.2242342608375313,0.04237385125395128,0.0,0.0,0.0,0.0,0.0,0.0,0.0
OPPORTUNITY,S3-ADL4.test.csv@124.out,"1,1,1",n,abs_resid,0.26879872063453686,0.06373466416432243,0.0,0.0,0.0,0.0,0.0,0.0,0.0
OPPORTUNITY,S3-ADL1.test.csv@54.out,"1,1,1",n,abs_resid,0.2873055787153659,0.07214971647924641,0.0,0.0,0.0,0.0,0.0,0.0,0.0
OPPORTUNITY,S3-ADL4.test.csv@103.out,"1,1,1",n,abs_resid,0.16724252848450927,0.056601664428193726,0.005128205128205128,0.0011689070718877848,0.0019038553069966682,0.0011689070718877848,0.006097560975609756,0.20046756282875514,0.011835136207580699
OPPORTUNITY,S1-ADL1.test.csv@89.out,"1,1,1",n,abs_resid,0.17536507999121553,0.016198764999509,0.01282051282051282,0.002911208151382824,0.004744958481613286,0.002911208151382824,0.015625,0.20116448326055314,0.028997670954069535
OPPORTUNITY,S1-ADL3.test.csv@52.out,"1,1,1",n,abs_resid,0.1479541826477798,0.02181179349988134,0.0,0.0,0.0,0.0,0.0,0.0,0.0
OPPORTUNITY,S3-ADL3.test.csv@126.out,"1,1,1",n,abs_resid,0.29907557546289937,0.04652261419510724,0.0,0.0,0.0,0.0,0.0,0.0,0.0
OPPORTUNITY,S2-ADL5.test.csv@94.out,"1,1,1",n,abs_resid,0.23586438267525486,0.022825877280040124,0.0,0.0,0.0,0.0,0.0,0.0,0.0
OPPORTUNITY,S2-ADL4.test.csv@54.out,"1,1,1",n,abs_resid,0.27929352252471035,0.01772454970733533,0.007547169811320755,0.0041928721174004195,0.005390835579514825,0.0041928721174004195,0.009302325581395349,0.20167714884696017,0.01778435088043629
OPPORTUNITY,S2-ADL2.test.csv@125.out,"1,1,1",n,abs_resid,0.25470493029436797,0.016555111182068004,0.0,0.0,0.0,0.0,0.0,0.0,0.0
OPPORTUNITY,S4-ADL2.test.csv@17.out,"1,1,1",n,abs_resid,0.29220718680908875,0.007829305170635143,0.0,0.0,0.0,0.0,0.0,0.0,0.0
OPPORTUNITY,S1-ADL2.test.csv@93.out,"1,1,1",n,abs_resid,0.24994627779557732,0.02728888162414118,0.0,0.0,0.0,0.0,0.0,0.0,0.0
OPPORTUNITY,S2-ADL4.test.csv@80.out,"1,1,1",n,abs_resid,0.22266293509435486,0.01659876390967459,0.010752688172043012,0.0020964360587002098,0.0035087719298245615,0.0020964360587002098,0.013888888888888888,0.20167714884696017,0.025988059540211255
OPPORTUNITY,S2-ADL2.test.csv@109.out,"1,1,1",n,abs_resid,0.2659277032965666,0.016683062476113553,0.0,0.0,0.0,0.0,0.0,0.0,0.0
OPPORTUNITY,S4-ADL5.test.csv@79.out,"1,1,1",n,abs_resid,0.1862859937402191,0.01694836405277961,0.030303030303030304,0.004166666666666667,0.007326007326007326,0.004166666666666667,0.025,0.20333333333333334,0.04452554744525548
OPPORTUNITY,S2-ADL2.test.csv@101.out,"1,1,1",n,abs_resid,0.28744153972938036,0.01840022240662094,0.022222222222222223,0.0021321961620469083,0.0038910505836575876,0.0021321961620469083,0.029411764705882353,0.20170575692963755,0.05133771096760189
OPPORTUNITY,S3-ADL3.test.csv@67.out,"1,1,1",n,abs_resid,0.29431252905455385,0.046266032081516376,0.028037383177570093,0.002626970227670753,0.004803843074459567,0.002626970227670753,0.05172413793103448,0.20070052539404554,0.08225077154955861
OPPORTUNITY,S3-ADL4.test.csv@81.out,"1,1,1",n,abs_resid,0.2658067759056458,0.06329000048606144,0.0,0.0,0.0,0.0,0.0,0.0,0.0
OPPORTUNITY,S1-ADL3.test.csv@131.out,"1,1,1",n,abs_resid,0.2597710854786974,0.02447693621897989,0.0,0.0,0.0,0.0,0.0,0.0,0.0
OPPORTUNITY,S3-ADL3.test.csv@63.out,"1,1,1",n,abs_resid,0.14512096927453522,0.03914696660938207,0.0,0.0,0.0,0.0,0.0,0.0,0.0
OPPORTUNITY,S4-ADL5.test.csv@5.out,"1,1,1",n,abs_resid,0.2619041471048513,0.017903523044499065,0.0,0.0,0.0,0.0,0.0,0.0,0.0
OPPORTUNITY,S1-ADL3.test.csv@128.out,"1,1,1",n,abs_resid,0.278597482637054,0.02488058276691899,0.0,0.0,0.0,0.0,0.0,0.0,0.0
OPPORTUNITY,S3-ADL2.test.csv@25.out,"1,1,1",n,abs_resid,0.23950064960489786,0.0331066568174947,0.02197802197802198,0.0022727272727272726,0.004119464469618949,0.0022727272727272726,0.03773584905660377,0.20090909090909093,0.06353769855530798
OPPORTUNITY,S3-ADL5.test.csv@68.out,"1,1,1",n,abs_resid,0.29138462173205626,0.04068567994404582,0.0,0.0,0.0,0.0,0.0,0.0,0.0
OPPORTUNITY,S3-ADL5.test.csv@50.out,"1,1,1",n,abs_resid,0.17690360295595142,0.03581237261326755,0.006514657980456026,0.001885014137606032,0.0029239766081871343,0.001885014137606032,0.008064516129032258,0.20075400565504242,0.015506133294507334
OPPORTUNITY,S4-ADL4.test.csv@6.out,"1,1,1",n,abs_resid,0.36134605929099034,0.01539155309752541,0.0,0.0,0.0,0.0,0.0,0.0,0.0
OPPORTUNITY,S2-ADL2.test.csv@91.out,"1,1,1",n,abs_resid,0.2604776718377267,0.01836311836093813,0.015151515151515152,0.006396588486140725,0.008995502248875561,0.006396588486140725,0.023255813953488372,0.20170575692963755,0.04170340327984483
OPPORTUNITY,S1-ADL2.test.csv@85.out,"1,1,1",n,abs_resid,0.24618944520496966,0.026865627024945396,0.0,0.0,0.0,0.0,0.0,0.0,0.0
OPPORTUNITY,S4-ADL2.test.csv@79.out,"1,1,1",n,abs_resid,0.2872616605844277,0.008059787622656994,0.007874015748031496,0.004608294930875576,0.005813953488372093,0.004608294930875576,0.010869565217391304,0.20368663594470046,0.020637811084652378
OPPORTUNITY,S3-ADL4.test.csv@53.out,"1,1,1",n,abs_resid,0.18356277108607436,0.05840712355587712,0.0053475935828877,0.0005844535359438924,0.001053740779768177,0.0005844535359438924,0.007575757575757576,0.20046756282875514,0.014599782918679636
OPPORTUNITY,S1-ADL3.test.csv@125.out,"1,1,1",n,abs_resid,0.2896635961008041,0.025293070074199585,0.0,0.0,0.0,0.0,0.0,0.0,0.0
OPPORTUNITY,S1-ADL4.test.csv@110.out,"1,1,1",n,abs_resid,0.4308682620727857,0.03398287990381162,0.0,0.0,0.0,0.0,0.0,0.0,0.0
OPPORTUNITY,S3-ADL5.test.csv@54.out,"1,1,1",n,abs_resid,0.26646559127478187,0.03984308694905647,0.05405405405405406,0.005655042412818096,0.010238907849829351,0.005655042412818096,0.046153846153846156,0.20150801131008483,0.07510538641686183
OPPORTUNITY,S3-ADL1.test.csv@56.out,"1,1,1",n,abs_resid,0.3173017145295547,0.07477300156023683,0.0,0.0,0.0,0.0,0.0,0.0,0.0
OPPORTUNITY,S3-ADL4.test.csv@125.out,"1,1,1",n,abs_resid,0.19101909491501715,0.05820274501987016,0.0,0.0,0.0,0.0,0.0,0.0,0.0
OPPORTUNITY,S1-ADL5.test.csv@77.out,"1,1,1",n,abs_resid,0.06872816741786275,0.020120071361924483,0.0,0.0,0.0,0.0,0.0,0.0,0.0
OPPORTUNITY,S4-ADL5.test.csv@40.out,"1,1,1",n,abs_resid,0.281481220657277,0.01831259987507844,0.0,0.0,0.0,0.0,0.0,0.0,0.0
OPPORTUNITY,S2-ADL4.test.csv@38.out,"1,1,1",n,abs_resid,0.22251819116086033,0.016466345033559673,0.003076923076923077,0.0020964360587002098,0.0024937655860349127,0.0020964360587002098,0.003787878787878788,0.20167714884696017,0.007436093654584947
OPPORTUNITY,S2-ADL4.test.csv@81.out,"1,1,1",n,abs_resid,0.2282869803276601,0.016750725333811577,0.01020408163265306,0.0041928721174004195,0.005943536404160475,0.0041928721174004195,0.013888888888888888,0.20167714884696017,0.025988059540211255
OPPORTUNITY,S1-ADL5.test.csv@52.out,"1,1,1",n,abs_resid,0.10208061922012324,0.02046286385018287,0.0,0.0,0.0,0.0,0.0,0.0,0.0
OPPORTUNITY,S1-ADL5.test.csv@114.out,"1,1,1",n,abs_resid,0.23882995763875103,0.023313418396177597,0.0,0.0,0.0,0.0,0.0,0.0,0.0
OPPORTUNITY,S1-ADL5.test.csv@125.out,"1,1,1",n,abs_resid,0.3338498395566578,0.0269407165222777,0.0,0.0,0.0,0.0,0.0,0.0,0.0
OPPORTUNITY,S3-ADL1.test.csv@52.out,"1,1,1",n,abs_resid,0.15659876845972664,0.06307622692827969,0.0,0.0,0.0,0.0,0.0,0.0,0.0
OPPORTUNITY,S4-ADL4.test.csv@81.out,"1,1,1",n,abs_resid,0.340482112264295,0.015681785488207492,0.008928571428571428,0.0028089887640449437,0.004273504273504274,0.0028089887640449437,0.010416666666666666,0.20224719101123598,0.01981287837094111
OPPORTUNITY,S1-ADL4.test.csv@90.out,"1,1,1",n,abs_resid,0.1886767599926631,0.024252773827008557,0.0,0.0,0.0,0.0,0.0,0.0,0.0
OPPORTUNITY,S1-ADL2.test.csv@89.out,"1,1,1",n,abs_resid,0.12899680255795365,0.024327862316781034,0.0,0.0,0.0,0.0,0.0,0.0,0.0
OPPORTUNITY,S2-ADL2.test.csv@40.out,"1,1,1",n,abs_resid,0.29648757420238075,0.017436997491494122,0.005917159763313609,0.0042643923240938165,0.004956629491945477,0.0042643923240938165,0.00749063670411985,0.20170575692963755,0.014444843145188999
OPPORTUNITY,S1-ADL3.test.csv@54.out,"1,1,1",n,abs_resid,0.2049169177844638,0.02307843928792736,0.0,0.0,0.0,0.0,0.0,0.0,0.0
OPPORTUNITY,S2-ADL4.test.csv@66.out,"1,1,1",n,abs_resid,0.23600009098916275,0.016920785946811588,0.005376344086021506,0.0020964360587002098,0.0030165912518853697,0.0020964360587002098,0.008333333333333333,0.20167714884696017,0.0160053240163048
OPPORTUNITY,S4-ADL5.test.csv@118.out,"1,1,1",n,abs_resid,0.19817057902973398,0.01761036410839458,0.01818181818181818,0.008333333333333333,0.011428571428571429,0.008333333333333333,0.017857142857142856,0.20333333333333334,0.03283100107642627
OPPORTUNITY,S3-ADL4.test.csv@126.out,"1,1,1",n,abs_resid,0.2632928570355062,0.0629560119304105,0.007556675062972292,0.0017533606078316774,0.0028462998102466793,0.0017533606078316774,0.0035460992907801418,0.20140268848626536,0.006969486753727947
OPPORTUNITY,S4-ADL2.test.csv@120.out,"1,1,1",n,abs_resid,0.45313284142670673,0.010346179978438258,0.003125,0.004608294930875576,0.0037243947858473,0.004608294930875576,0.006134969325153374,0.20368663594470046,0.011911178182602134
OPPORTUNITY,S4-ADL5.test.csv@126.out,"1,1,1",n,abs_resid,0.6981345852895149,0.042963750068660725,0.0,0.0,0.0,0.0,0.0,0.0,0.0
OPPORTUNITY,S2-ADL1.test.csv@110.out,"1,1,1",n,abs_resid,0.36847552083438806,0.03061791999979702,0.0,0.0,0.0,0.0,0.0,0.0,0.0
OPPORTUNITY,S3-ADL1.test.csv@61.out,"1,1,1",n,abs_resid,0.17576262431849826,0.06348263356789316,0.0,0.0,0.0,0.0,0.0,0.0,0.0
OPPORTUNITY,S1-ADL4.test.csv@114.out,"1,1,1",n,abs_resid,0.2840223168319292,0.02698174971425321,0.0,0.0,0.0,0.0,0.0,0.0,0.0
OPPORTUNITY,S1-ADL5.test.csv@42.out,"1,1,1",n,abs_resid,0.3584394448044246,0.02673992163994951,0.0026954177897574125,0.001579778830963665,0.00199203187250996,0.001579778830963665,0.003134796238244514,0.20126382306477095,0.006173437742285626
OPPORTUNITY,S2-ADL1.test.csv@108.out,"1,1,1",n,abs_resid,0.36187113355551226,0.030498933603345955,0.006696428571428571,0.0033632286995515697,0.004477611940298508,0.0033632286995515697,0.009584664536741214,0.2008968609865471,0.0182964183127544
OPPORTUNITY,S1-ADL1.test.csv@42.out,"1,1,1",n,abs_resid,0.39645380306118094,0.021954382254357894,0.011152416356877323,0.008733624454148471,0.009795918367346938,0.008733624454148471,0.012387387387387387,0.20116448326055314,0.02333767786881345
OPPORTUNITY,S2-ADL2.test.csv@110.out,"1,1,1",n,abs_resid,0.3933209037709745,0.020143083512221105,0.0,0.0,0.0,0.0,0.0,0.0,0.0
OPPORTUNITY,S3-ADL1.test.csv@40.out,"1,1,1",n,abs_resid,0.282525770342198,0.07164991187283037,0.0,0.0,0.0,0.0,0.0,0.0,0.0
OPPORTUNITY,S1-ADL2.test.csv@122.out,"1,1,1",n,abs_resid,0.4037983378479403,0.03363050707290016,0.0,0.0,0.0,0.0,0.0,0.0,0.0
OPPORTUNITY,S1-ADL5.test.csv@108.out,"1,1,1",n,abs_resid,0.19524342017602683,0.021887730933244073,0.0,0.0,0.0,0.0,0.0,0.0,0.0
OPPORTUNITY,S4-ADL5.test.csv@125.out,"1,1,1",n,abs_resid,0.3261105894627021,0.019720734298322006,0.0,0.0,0.0,0.0,0.0,0.0,0.0
OPPORTUNITY,S1-ADL5.test.csv@71.out,"1,1,1",n,abs_resid,0.3281502142171364,0.025583666633620137,0.0,0.0,0.0,0.0,0.0,0.0,0.0
OPPORTUNITY,S3-ADL4.test.csv@67.out,"1,1,1",n,abs_resid,0.24817611145696813,0.062231876426504566,0.05714285714285714,0.0035067212156633548,0.006607929515418502,0.0035067212156633548,0.07142857142857142,0.20070134424313268,0.10536004663578069
OPPORTUNITY,S2-ADL3.test.csv@79.out,"1,1,1",n,abs_resid,0.19636856996120167,0.019997277113303992,0.0136986301369863,0.003430531732418525,0.0054869684499314125,0.003430531732418525,0.008928571428571428,0.20274442538593482,0.017103911325914885
OPPORTUNITY,S4-ADL5.test.csv@131.out,"1,1,1",n,abs_resid,0.3466456703182055,0.020162978156511663,0.0,0.0,0.0,0.0,0.0,0.0,0.0
OPPORTUNITY,S1-ADL2.test.csv@120.out,"1,1,1",n,abs_resid,0.22403664113243818,0.026158530699696602,0.0,0.0,0.0,0.0,0.0,0.0,0.0
OPPORTUNITY,S3-ADL3.test.csv@55.out,"1,1,1",n,abs_resid,0.2313461139260121,0.04283764646141745,0.0,0.0,0.0,0.0,0.0,0.0,0.0
OPPORTUNITY,S2-ADL2.test.csv@104.out,"1,1,1",n,abs_resid,0.5467896628206257,0.02703936562021598,0.0,0.0,0.0,0.0,0.0,0.0,0.0
OPPORTUNITY,S1-ADL5.test.csv@18.out,"1,1,1",n,abs_resid,0.2769513115993944,0.024068301128318443,0.0,0.0,0.0,0.0,0.0,0.0,0.0
OPPORTUNITY,S2-ADL2.test.csv@81.out,"1,1,1",n,abs_resid,0.2584652705320643,0.016850609398503805,0.023474178403755867,0.010660980810234541,0.01466275659824047,0.010660980810234541,0.01818181818181818,0.20284292821606256,0.03337231057062675
OPPORTUNITY,S2-ADL5.test.csv@93.out,"1,1,1",n,abs_resid,0.2385770618024528,0.022910598141462634,0.0,0.0,0.0,0.0,0.0,0.0,0.0
OPPORTUNITY,S1-ADL2.test.csv@130.out,"1,1,1",n,abs_resid,0.3345689440350554,0.03039306921063593,0.010526315789473684,0.005263157894736842,0.007017543859649123,0.005263157894736842,0.0036231884057971015,0.20421052631578948,0.007120049913751974
OPPORTUNITY,S2-ADL2.test.csv@54.out,"1,1,1",n,abs_resid,0.33551899725613943,0.01985859957725442,0.027303754266211604,0.017057569296375266,0.02099737532808399,0.017057569296375266,0.034782608695652174,0.20170575692963755,0.05933359466875735
OPPORTUNITY,S1-ADL3.test.csv@80.out,"1,1,1",n,abs_resid,0.23943788367393753,0.02383312122664721,0.0,0.0,0.0,0.0,0.0,0.0,0.0
OPPORTUNITY,S3-ADL4.test.csv@92.out,"1,1,1",n,abs_resid,0.24573003401670251,0.06183890304433163,0.006756756756756757,0.0005844535359438924,0.0010758472296933835,0.0005844535359438924,0.011494252873563218,0.20046756282875514,0.021741886409736306
OPPORTUNITY,S3-ADL4.test.csv@94.out,"1,1,1",n,abs_resid,0.26154293821385755,0.06301244775705217,0.0,0.0,0.0,0.0,0.0,0.0,0.0
OPPORTUNITY,S1-ADL2.test.csv@42.out,"1,1,1",n,abs_resid,0.3576232131703544,0.03125183483529813,0.00980392156862745,0.003947368421052632,0.005628517823639775,0.003947368421052632,0.010775862068965518,0.20105263157894737,0.020455373016043013
OPPORTUNITY,S4-ADL2.test.csv@81.out,"1,1,1",n,abs_resid,0.36650994912229296,0.00981909812529064,0.018404907975460124,0.013824884792626729,0.015789473684210527,0.013824884792626729,0.0234375,0.20368663594470046,0.04203785308943347
OPPORTUNITY,S4-ADL5.test.csv@6.out,"1,1,1",n,abs_resid,0.29342788210745957,0.01863267249153788,0.0,0.0,0.0,0.0,0.0,0.0,0.0
OPPORTUNITY,S2-ADL5.test.csv@79.out,"1,1,1",n,abs_resid,0.17180489421351602,0.021611924737061337,0.0,0.0,0.0,0.0,0.0,0.0,0.0
OPPORTUNITY,S1-ADL3.test.csv@89.out,"1,1,1",n,abs_resid,0.13695079970155538,0.021507751969697373,0.0,0.0,0.0,0.0,0.0,0.0,0.0
OPPORTUNITY,S4-ADL4.test.csv@120.out,"1,1,1",n,abs_resid,0.3208496586908802,0.014619784459667657,0.0,0.0,0.0,0.0,0.0,0.0,0.0
OPPORTUNITY,S1-ADL3.test.csv@111.out,"1,1,1",n,abs_resid,0.3123089214735271,0.02618219660876482,0.0,0.0,0.0,0.0,0.0,0.0,0.0
OPPORTUNITY,S1-ADL3.test.csv@120.out,"1,1,1",n,abs_resid,0.21694728052930853,0.02314770084274871,0.0,0.0,0.0,0.0,0.0,0.0,0.0
OPPORTUNITY,S4-ADL2.test.csv@127.out,"1,1,1",n,abs_resid,0.3304573666125037,0.008285988739409045,0.0,0.0,0.0,0.0,0.0,0.0,0.0
OPPORTUNITY,S4-ADL5.test.csv@91.out,"1,1,1",n,abs_resid,0.2573813249869588,0.02061573077138627,0.04054054054054054,0.00625,0.010830324909747292,0.00625,0.03773584905660377,0.2025,0.0636167288435107
OPPORTUNITY,S4-ADL4.test.csv@133.out,"1,1,1",n,abs_resid,0.5208965160274505,0.020190263084272624,0.0,0.0,0.0,0.0,0.0,0.0,0.0
OPPORTUNITY,S3-ADL5.test.csv@103.out,"1,1,1",n,abs_resid,0.21267430531828155,0.03703775688039385,0.0,0.0,0.0,0.0,0.0,0.0,0.0
OPPORTUNITY,S4-ADL5.test.csv@132.out,"1,1,1",n,abs_resid,0.40460524256651015,0.02202279923160257,0.002849002849002849,0.0020833333333333333,0.0024067388688327317,0.0020833333333333333,0.0036900369003690036,0.2016666666666667,0.007247461890928693
OPPORTUNITY,S1-ADL4.test.csv@103.out,"1,1,1",n,abs_resid,0.1823661932771083,0.02371593002436504,0.00234192037470726,0.0014326647564469914,0.0017777777777777779,0.0014326647564469914,0.002793296089385475,0.2011461318051576,0.0055100743310597085
OPPORTUNITY,S1-ADL4.test.csv@112.out,"1,1,1",n,abs_resid,0.2840442397815305,0.026982629373339118,0.0,0.0,0.0,0.0,0.0,0.0,0.0
OPPORTUNITY,S3-ADL5.test.csv@55.out,"1,1,1",n,abs_resid,0.2525728289844951,0.03905050934562237,0.026845637583892617,0.003770028275212064,0.006611570247933884,0.003770028275212064,0.03571428571428571,0.20075400565504242,0.060640569395017795
OPPORTUNITY,S1-ADL5.test.csv@80.out,"1,1,1",n,abs_resid,0.2347250923902243,0.023114242278722188,0.0,0.0,0.0,0.0,0.0,0.0,0.0
OPPORTUNITY,S4-ADL5.test.csv@108.out,"1,1,1",n,abs_resid,0.48598004694835684,0.0265159631716805,0.0026041666666666665,0.0020833333333333333,0.0023148148148148147,0.0020833333333333333,0.0038461538461538464,0.2016666666666667,0.007548346849656893
OPPORTUNITY,S1-ADL4.test.csv@16.out,"1,1,1",n,abs_resid,0.25734912078010624,0.026085020188464876,0.0,0.0,0.0,0.0,0.0,0.0,0.0
OPPORTUNITY,S2-ADL4.test.csv@77.out,"1,1,1",n,abs_resid,0.12897624865152407,0.015372343307404827,0.023622047244094488,0.006289308176100629,0.009933774834437087,0.006289308176100629,0.021052631578947368,0.20251572327044026,0.038140361267397095
OPPORTUNITY,S3-ADL3.test.csv@103.out,"1,1,1",n,abs_resid,0.14470585827517551,0.03859354525837201,0.0027397260273972603,0.0008756567425569177,0.0013271400132714001,0.0008756567425569177,0.0031847133757961785,0.20070052539404554,0.006269935495166241
OPPORTUNITY,S4-ADL3.test.csv@42.out,"1,1,1",n,abs_resid,0.43437071556906715,0.03666352103368196,0.033707865168539325,0.01564537157757497,0.0213713268032057,0.01564537157757497,0.030612244897959183,0.20139069969578446,0.05314606183170796
OPPORTUNITY,S2-ADL2.test.csv@38.out,"1,1,1",n,abs_resid,0.24458924450307848,0.017132848245227844,0.02072538860103627,0.017057569296375266,0.01871345029239766,0.017057569296375266,0.025078369905956112,0.20170575692963755,0.04461027899108148
OPPORTUNITY,S1-ADL4.test.csv@95.out,"1,1,1",n,abs_resid,0.3235869380143216,0.02850544606909496,0.0,0.0,0.0,0.0,0.0,0.0,0.0
OPPORTUNITY,S1-ADL2.test.csv@108.out,"1,1,1",n,abs_resid,0.3218084641598462,0.030246028889267012,0.002932551319648094,0.0013157894736842105,0.0018165304268846503,0.0013157894736842105,0.004347826086956522,0.20105263157894737,0.008511586452762924
OPPORTUNITY,S4-ADL5.test.csv@42.out,"1,1,1",n,abs_resid,0.3800363849765258,0.021096536788705326,0.0,0.0,0.0,0.0,0.0,0.0,0.0
OPPORTUNITY,S2-ADL2.test.csv@89.out,"1,1,1",n,abs_resid,0.1981531287903841,0.01620905223130966,0.005988023952095809,0.0021321961620469083,0.0031446540880503146,0.0021321961620469083,0.008620689655172414,0.20170575692963755,0.01653470365126807
OPPORTUNITY,S1-ADL2.test.csv@114.out,"1,1,1",n,abs_resid,0.2917552597598035,0.02847059224719736,0.002583979328165375,0.0013157894736842105,0.0017436791630340018,0.0013157894736842105,0.003436426116838488,0.20105263157894737,0.006757354371937521
OPPORTUNITY,S1-ADL3.test.csv@45.out,"1,1,1",n,abs_resid,0.31582535354175917,0.02602514819450666,0.0,0.0,0.0,0.0,0.0,0.0,0.0
OPPORTUNITY,S2-ADL2.test.csv@94.out,"1,1,1",n,abs_resid,0.27815502723429464,0.017637229786928017,0.02127659574468085,0.0042643923240938165,0.007104795737122558,0.0042643923240938165,0.03636363636363636,0.20170575692963755,0.061618628887803284
OPPORTUNITY,S4-ADL2.test.csv@124.out,"1,1,1",n,abs_resid,0.6881436296316029,0.017862309876339865,0.009174311926605505,0.013824884792626729,0.011029411764705883,0.013824884792626729,0.014423076923076924,0.20368663594470046,0.02693862625195539
OPPORTUNITY,S4-ADL5.test.csv@54.out,"1,1,1",n,abs_resid,0.22588145539906107,0.01717798176469291,0.0,0.0,0.0,0.0,0.0,0.0,0.0
OPPORTUNITY,S1-ADL5.test.csv@83.out,"1,1,1",n,abs_resid,0.3272509417606989,0.025632177730645692,0.0,0.0,0.0,0.0,0.0,0.0,0.0
OPPORTUNITY,S4-ADL5.test.csv@32.out,"1,1,1",n,abs_resid,0.26532433489827856,0.018209676697834153,0.0149812734082397,0.008333333333333333,0.0107095046854083,0.008333333333333333,0.011382113821138212,0.20222222222222222,0.021551213735938424
OPPORTUNITY,S2-ADL3.test.csv@92.out,"1,1,1",n,abs_resid,0.23826190081425647,0.020852942553892546,0.0,0.0,0.0,0.0,0.0,0.0,0.0
OPPORTUNITY,S4-ADL1.test.csv@42.out,"1,1,1",n,abs_resid,0.4045050848042888,0.030332295300370123,0.0,0.0,0.0,0.0,0.0,0.0,0.0
OPPORTUNITY,S4-ADL2.test.csv@33.out,"1,1,1",n,abs_resid,0.3048728057323992,0.008734875840483476,0.0,0.0,0.0,0.0,0.0,0.0,0.0
OPPORTUNITY,S1-ADL4.test.csv@94.out,"1,1,1",n,abs_resid,0.28093803185989186,0.026897569081496892,0.0,0.0,0.0,0.0,0.0,0.0,0.0
OPPORTUNITY,S4-ADL2.test.csv@128.out,"1,1,1",n,abs_resid,0.4325164486827735,0.009971521946410848,0.007425742574257425,0.013824884792626729,0.00966183574879227,0.013824884792626729,0.010752688172043012,0.20368663594470046,0.020427026527405495
OPPORTUNITY,S2-ADL3.test.csv@89.out,"1,1,1",n,abs_resid,0.18320418644912295,0.019676711525693665,0.0,0.0,0.0,0.0,0.0,0.0,0.0
OPPORTUNITY,S3-ADL2.test.csv@55.out,"1,1,1",n,abs_resid,0.25205648893002064,0.0334239153428951,0.016666666666666666,0.003409090909090909,0.005660377358490566,0.003409090909090909,0.022727272727272728,0.20090909090909093,0.040835181079083516
OPPORTUNITY,S2-ADL5.test.csv@98.out,"1,1,1",n,abs_resid,0.1895702045563093,0.021717552609006086,0.0,0.0,0.0,0.0,0.0,0.0,0.0
OPPORTUNITY,S4-ADL3.test.csv@16.out,"1,1,1",n,abs_resid,0.34222612806726094,0.03128991433262852,0.02040816326530612,0.011734028683181226,0.014900662251655629,0.011734028683181226,0.02064896755162242,0.20134103184950644,0.03745650204681692
OPPORTUNITY,S2-ADL2.test.csv@93.out,"1,1,1",n,abs_resid,0.2959822531026741,0.018168907396778622,0.0,0.0,0.0,0.0,0.0,0.0,0.0
OPPORTUNITY,S2-ADL3.test.csv@52.out,"1,1,1",n,abs_resid,0.266665630852395,0.021795296998888117,0.0037593984962406013,0.0017152658662092624,0.002355712603062426,0.0017152658662092624,0.00546448087431694,0.20137221269296743,0.010640226218097447
OPPORTUNITY,S1-ADL2.test.csv@96.out,"1,1,1",n,abs_resid,0.3229548345129564,0.029741806792736407,0.007518796992481203,0.002631578947368421,0.003898635477582846,0.002631578947368421,0.005681818181818182,0.20210526315789476,0.011052904265730242
OPPORTUNITY,S1-ADL5.test.csv@132.out,"1,1,1",n,abs_resid,0.26572022804454176,0.023974940765625213,0.0,0.0,0.0,0.0,0.0,0.0,0.0
OPPORTUNITY,S2-ADL5.test.csv@92.out,"1,1,1",n,abs_resid,0.1857394415919656,0.021736059701851506,0.0,0.0,0.0,0.0,0.0,0.0,0.0
OPPORTUNITY,S2-ADL3.test.csv@68.out,"1,1,1",n,abs_resid,0.29626796117910004,0.022754695438915836,0.00980392156862745,0.0017152658662092624,0.00291970802919708,0.0017152658662092624,0.014925373134328358,0.20137221269296743,0.027790928889309726
OPPORTUNITY,S1-ADL1.test.csv@81.out,"1,1,1",n,abs_resid,0.28843320082064056,0.018442704625714366,0.011267605633802818,0.005822416302765648,0.007677543186180422,0.005822416302765648,0.013745704467353952,0.20116448326055314,0.02573305216901513
OPPORTUNITY,S4-ADL3.test.csv@124.out,"1,1,1",n,abs_resid,0.4385001049985215,0.03695437271286432,0.012195121951219513,0.005215123859191656,0.0073059360730593605,0.005215123859191656,0.01639344262295082,0.20139069969578446,0.030318891404195185
OPPORTUNITY,S2-ADL5.test.csv@91.out,"1,1,1",n,abs_resid,0.21258169103982738,0.022211779054234736,0.0072992700729927005,0.0028129395218002813,0.0040609137055837565,0.0028129395218002813,0.010582010582010581,0.20112517580872014,0.020106154873633517
OPPORTUNITY,S3-ADL2.test.csv@53.out,"1,1,1",n,abs_resid,0.2146207820175126,0.032102734208267286,0.0049504950495049506,0.0011363636363636363,0.0018484288354898336,0.0011363636363636363,0.006944444444444444,0.20090909090909093,0.013424857246993075
OPPORTUNITY,S1-ADL3.test.csv@132.out,"1,1,1",n,abs_resid,0.34531437286315003,0.02733613508898309,0.0,0.0,0.0,0.0,0.0,0.0,0.0
OPPORTUNITY,S1-ADL5.test.csv@39.out,"1,1,1",n,abs_resid,0.12976241606649855,0.02093880872661523,0.0,0.0,0.0,0.0,0.0,0.0,0.0
OPPORTUNITY,S2-ADL2.test.csv@98.out,"1,1,1",n,abs_resid,0.24172032266440005,0.016246853981647845,0.0,0.0,0.0,0.0,0.0,0.0,0.0
OPPORTUNITY,S1-ADL4.test.csv@77.out,"1,1,1",n,abs_resid,0.1071404234344639,0.022740477200228676,0.0,0.0,0.0,0.0,0.0,0.0,0.0
OPPORTUNITY,S1-ADL5.test.csv@82.out,"1,1,1",n,abs_resid,0.3319742056434903,0.02580953000301819,0.0,0.0,0.0,0.0,0.0,0.0,0.0
OPPORTUNITY,S3-ADL3.test.csv@51.out,"1,1,1",n,abs_resid,0.09514064596861671,0.03773956051154225,0.0,0.0,0.0,0.0,0.0,0.0,0.0
OPPORTUNITY,S1-ADL2.test.csv@67.out,"1,1,1",n,abs_resid,0.23257563989294394,0.02673172792789632,0.0,0.0,0.0,0.0,0.0,0.0,0.0
OPPORTUNITY,S4-ADL5.test.csv@129.out,"1,1,1",n,abs_resid,0.40460524256651015,0.02202279923160257,0.002849002849002849,0.0020833333333333333,0.0024067388688327317,0.0020833333333333333,0.0036900369003690036,0.2016666666666667,0.007247461890928693
OPPORTUNITY,S3-ADL4.test.csv@93.out,"1,1,1",n,abs_resid,0.26546343861285615,0.06330577121031897,0.0,0.0,0.0,0.0,0.0,0.0,0.0
OPPORTUNITY,S4-ADL5.test.csv@127.out,"1,1,1",n,abs_resid,0.3466456703182055,0.020162978156511663,0.0,0.0,0.0,0.0,0.0,0.0,0.0
OPPORTUNITY,S1-ADL5.test.csv@44.out,"1,1,1",n,abs_resid,0.36924371126885414,0.027213620292698453,0.0,0.0,0.0,0.0,0.0,0.0,0.0
OPPORTUNITY,S4-ADL5.test.csv@81.out,"1,1,1",n,abs_resid,0.2849250130412102,0.018782706707332664,0.03225806451612903,0.008333333333333333,0.013245033112582781,0.008333333333333333,0.020202020202020204,0.20333333333333334,0.036752522970326856
OPPORTUNITY,S1-ADL2.test.csv@76.out,"1,1,1",n,abs_resid,0.14225041019815726,0.02443887435888353,0.0,0.0,0.0,0.0,0.0,0.0,0.0
OPPORTUNITY,S1-ADL4.test.csv@42.out,"1,1,1",n,abs_resid,0.34447311479075643,0.03072735481788444,0.010810810810810811,0.0057306590257879654,0.00749063670411985,0.0057306590257879654,0.007407407407407407,0.20152817574021015,0.014289584179872679
OPPORTUNITY,S1-ADL3.test.csv@47.out,"1,1,1",n,abs_resid,0.19667906010307767,0.02249081558060269,0.0,0.0,0.0,0.0,0.0,0.0,0.0
OPPORTUNITY,S1-ADL5.test.csv@17.out,"1,1,1",n,abs_resid,0.24301211031485548,0.023245360448427774,0.0,0.0,0.0,0.0,0.0,0.0,0.0
OPPORTUNITY,S2-ADL2.test.csv@55.out,"1,1,1",n,abs_resid,0.30699944594878925,0.018256977304163716,0.018867924528301886,0.008528784648187633,0.011747430249632892,0.008528784648187633,0.023391812865497075,0.20170575692963755,0.04192193922205112
OPPORTUNITY,S4-ADL5.test.csv@16.out,"1,1,1",n,abs_resid,0.2571338028169014,0.01777840220131427,0.0,0.0,0.0,0.0,0.0,0.0,0.0
OPPORTUNITY,S1-ADL3.test.csv@93.out,"1,1,1",n,abs_resid,0.22866829668148714,0.02351190955697144,0.0,0.0,0.0,0.0,0.0,0.0,0.0
OPPORTUNITY,S4-ADL3.test.csv@118.out,"1,1,1",n,abs_resid,0.36022131999516716,0.03134559988699721,0.0,0.0,0.0,0.0,0.0,0.0,0.0
OPPORTUNITY,S4-ADL5.test.csv@53.out,"1,1,1",n,abs_resid,0.17090727699530517,0.016281833068543146,0.0,0.0,0.0,0.0,0.0,0.0,0.0
OPPORTUNITY,S4-ADL2.test.csv@42.out,"1,1,1",n,abs_resid,0.4558972856343731,0.010766117350904157,0.0056179775280898875,0.009216589861751152,0.006980802792321117,0.009216589861751152,0.0064516129032258064,0.20368663594470046,0.012507074136955293
OPPORTUNITY,S4-ADL4.test.csv@92.out,"1,1,1",n,abs_resid,0.2708394327250518,0.01410566666673076,0.02185792349726776,0.011235955056179775,0.014842300556586271,0.011235955056179775,0.023255813953488372,0.20299625468164795,0.04173082845703727
OPPORTUNITY,S1-ADL1.test.csv@16.out,"1,1,1",n,abs_resid,0.31456169223803837,0.019050890437008354,0.0016863406408094434,0.001455604075691412,0.0015625,0.001455604075691412,0.002028397565922921,0.20116448326055314,0.004016297682636923
OPPORTUNITY,S4-ADL1.test.csv@16.out,"1,1,1",n,abs_resid,0.2962818974703661,0.025911422153212,0.014466546112115732,0.008771929824561403,0.010921501706484642,0.008771929824561403,0.012224938875305624,0.20140350877192983,0.023050727664085842
OPPORTUNITY,S3-ADL5.test.csv@51.out,"1,1,1",n,abs_resid,0.14822633232795637,0.03531084386796807,0.06086956521739131,0.006597549481621112,0.011904761904761904,0.006597549481621112,0.047619047619047616,0.20131950989632424,0.07702015649226553
OPPORTUNITY,S3-ADL2.test.csv@50.out,"1,1,1",n,abs_resid,0.18935033577750887,0.031023485532607253,0.009174311926605505,0.0022727272727272726,0.0036429872495446266,0.0022727272727272726,0.011976047904191617,0.20090909090909093,0.022604648784105147
OPPORTUNITY,S1-ADL3.test.csv@115.out,"1,1,1",n,abs_resid,0.3123089214735271,0.02618219660876482,0.0,0.0,0.0,0.0,0.0,0.0,0.0
OPPORTUNITY,S2-ADL2.test.csv@120.out,"1,1,1",n,abs_resid,0.18944604777225982,0.015414476828520615,0.0,0.0,0.0,0.0,0.0,0.0,0.0
OPPORTUNITY,S1-ADL3.test.csv@81.out,"1,1,1",n,abs_resid,0.2285938225413356,0.02368981349876178,0.0,0.0,0.0,0.0,0.0,0.0,0.0
OPPORTUNITY,S2-ADL4.test.csv@92.out,"1,1,1",n,abs_resid,0.21387866849305806,0.0164255316042111,0.012048192771084338,0.0041928721174004195,0.006220839813374806,0.0041928721174004195,0.008547008547008548,0.20335429769392036,0.01640453238626755
OPPORTUNITY,S3-ADL5.test.csv@67.out,"1,1,1",n,abs_resid,0.27070924874831076,0.03972640976775892,0.0,0.0,0.0,0.0,0.0,0.0,0.0
OPPORTUNITY,S4-ADL5.test.csv@77.out,"1,1,1",n,abs_resid,0.14184467918622848,0.016034055692330226,0.03225806451612903,0.004166666666666667,0.007380073800738007,0.004166666666666667,0.025,0.20333333333333334,0.04452554744525548
OPPORTUNITY,S3-ADL5.test.csv@126.out,"1,1,1",n,abs_resid,0.33148131786918467,0.043023271366962546,0.0,0.0,0.0,0.0,0.0,0.0,0.0
OPPORTUNITY,S1-ADL4.test.csv@133.out,"1,1,1",n,abs_resid,0.20980555074468604,0.025215119031770004,0.035555555555555556,0.011461318051575931,0.01733477789815818,0.011461318051575931,0.017391304347826087,0.2045845272206304,0.03205746997418341
OPPORTUNITY,S1-ADL4.test.csv@52.out,"1,1,1",n,abs_resid,0.18325384437190384,0.0240880978251282,0.0,0.0,0.0,0.0,0.0,0.0,0.0
OPPORTUNITY,S3-ADL4.test.csv@130.out,"1,1,1",n,abs_resid,0.2779967412403578,0.0641026522269088,0.002421307506053269,0.0005844535359438924,0.0009416195856873823,0.0005844535359438924,0.003246753246753247,0.20046756282875514,0.00639001443807927
OPPORTUNITY,S1-ADL5.test.csv@40.out,"1,1,1",n,abs_resid,0.17698017284802386,0.02183782187461966,0.0,0.0,0.0,0.0,0.0,0.0,0.0
OPPORTUNITY,S1-ADL2.test.csv@82.out,"1,1,1",n,abs_resid,0.3343809163195759,0.030291267969263482,0.0,0.0,0.0,0.0,0.0,0.0,0.0
OPPORTUNITY,S3-ADL4.test.csv@108.out,"1,1,1",n,abs_resid,0.33648136943930207,0.07033084071354662,0.004819277108433735,0.0011689070718877848,0.0018814675446848542,0.0011689070718877848,0.007407407407407408,0.20046756282875514,0.014286904365211597
OPPORTUNITY,S2-ADL1.test.csv@109.out,"1,1,1",n,abs_resid,0.34775347101042786,0.029567326362717028,0.0,0.0,0.0,0.0,0.0,0.0,0.0
OPPORTUNITY,S1-ADL3.test.csv@126.out,"1,1,1",n,abs_resid,0.1674854907542459,0.022164493480613463,0.0,0.0,0.0,0.0,0.0,0.0,0.0
OPPORTUNITY,S1-ADL4.test.csv@39.out,"1,1,1",n,abs_resid,0.1603237179276382,0.023796620048976844,0.010362694300518135,0.0057306590257879654,0.007380073800738007,0.0057306590257879654,0.004361370716510903,0.2022922636103152,0.008538650264349147
OPPORTUNITY,S2-ADL5.test.csv@78.out,"1,1,1",n,abs_resid,0.1946154676527645,0.02190017042564456,0.0,0.0,0.0,0.0,0.0,0.0,0.0
OPPORTUNITY,S4-ADL3.test.csv@53.out,"1,1,1",n,abs_resid,0.2442994010151988,0.026724362622199235,0.0,0.0,0.0,0.0,0.0,0.0,0.0
OPPORTUNITY,S2-ADL4.test.csv@93.out,"1,1,1",n,abs_resid,0.23476449374125452,0.01677192339059643,0.006711409395973154,0.0020964360587002098,0.003194888178913738,0.0020964360587002098,0.009615384615384616,0.20167714884696017,0.018355625942109183
OPPORTUNITY,S1-ADL5.test.csv@131.out,"1,1,1",n,abs_resid,0.2773658261981362,0.024413548100006312,0.0,0.0,0.0,0.0,0.0,0.0,0.0
OPPORTUNITY,S3-ADL3.test.csv@120.out,"1,1,1",n,abs_resid,0.11160153086434191,0.03774516067151191,0.0,0.0,0.0,0.0,0.0,0.0,0.0
OPPORTUNITY,S1-ADL2.test.csv@90.out,"1,1,1",n,abs_resid,0.16485240957031944,0.024924944340803497,0.0,0.0,0.0,0.0,0.0,0.0,0.0
OPPORTUNITY,S3-ADL3.test.csv@104.out,"1,1,1",n,abs_resid,0.4543719976961017,0.05820528061471075,0.0,0.0,0.0,0.0,0.0,0.0,0.0
OPPORTUNITY,S2-ADL1.test.csv@120.out,"1,1,1",n,abs_resid,0.34515146483019205,0.029451845976244537,0.0,0.0,0.0,0.0,0.0,0.0,0.0
OPPORTUNITY,S4-ADL5.test.csv@89.out,"1,1,1",n,abs_resid,0.20301291079812206,0.01710682663077415,0.037037037037037035,0.008333333333333333,0.013605442176870748,0.008333333333333333,0.03896103896103896,0.20222222222222222,0.06533445016154123
OPPORTUNITY,S1-ADL2.test.csv@44.out,"1,1,1",n,abs_resid,0.4096979905953779,0.03409356574066826,0.0,0.0,0.0,0.0,0.0,0.0,0.0
OPPORTUNITY,S1-ADL2.test.csv@103.out,"1,1,1",n,abs_resid,0.20475441509140863,0.025441000451038913,0.0,0.0,0.0,0.0,0.0,0.0,0.0
OPPORTUNITY,S4-ADL5.test.csv@38.out,"1,1,1",n,abs_resid,0.16269561815336464,0.016060984705265378,0.0,0.0,0.0,0.0,0.0,0.0,0.0
OPPORTUNITY,S3-ADL4.test.csv@129.out,"1,1,1",n,abs_resid,0.26684080320122827,0.06323009539403382,0.0,0.0,0.0,0.0,0.0,0.0,0.0
OPPORTUNITY,S3-ADL4.test.csv@63.out,"1,1,1",n,abs_resid,0.20659929612413191,0.059346141700955986,0.02054794520547945,0.0017533606078316774,0.0032310177705977385,0.0017533606078316774,0.02857142857142857,0.20046756282875514,0.0500145815106445
OPPORTUNITY,S1-ADL5.test.csv@130.out,"1,1,1",n,abs_resid,0.23451029485401653,0.023094328616608144,0.0,0.0,0.0,0.0,0.0,0.0,0.0
OPPORTUNITY,S1-ADL3.test.csv@130.out,"1,1,1",n,abs_resid,0.2786275267382714,0.024881480968394976,0.0,0.0,0.0,0.0,0.0,0.0,0.0
OPPORTUNITY,S1-ADL1.test.csv@80.out,"1,1,1",n,abs_resid,0.30831358159645117,0.018872307646469456,0.011527377521613832,0.005822416302765648,0.007736943907156673,0.005822416302765648,0.01444043321299639,0.20116448326055314,0.02694653102409492
OPPORTUNITY,S4-ADL2.test.csv@16.out,"1,1,1",n,abs_resid,0.3095258517354359,0.008080798680728743,0.0,0.0,0.0,0.0,0.0,0.0,0.0
OPPORTUNITY,S2-ADL4.test.csv@89.out,"1,1,1",n,abs_resid,0.16513147870478706,0.01558037426295804,0.0,0.0,0.0,0.0,0.0,0.0,0.0
OPPORTUNITY,S1-ADL3.test.csv@68.out,"1,1,1",n,abs_resid,0.24169138699229384,0.023865287782700265,0.0,0.0,0.0,0.0,0.0,0.0,0.0
OPPORTUNITY,S1-ADL3.test.csv@53.out,"1,1,1",n,abs_resid,0.17057954386203905,0.022329039374899228,0.0,0.0,0.0,0.0,0.0,0.0,0.0
OPPORTUNITY,S1-ADL3.test.csv@114.out,"1,1,1",n,abs_resid,0.2623319781192823,0.024449026164109666,0.0,0.0,0.0,0.0,0.0,0.0,0.0
OPPORTUNITY,S2-ADL4.test.csv@67.out,"1,1,1",n,abs_resid,0.29351159584443853,0.018106352782453993,0.02127659574468085,0.0041928721174004195,0.0070052539404553416,0.0041928721174004195,0.016666666666666666,0.20335429769392036,0.030808321422899795
SMD,machine-1-5.test.csv@1.out,"1,1,1",n,abs_resid,0.7266779632296874,0.2726852306243607,0.8571428571428571,0.24,0.375,0.24,0.75,0.3176848921386736,0.44631833017088135
SMD,machine-1-5.test.csv@31.out,"1,1,1",n,abs_resid,0.505364737778531,0.04467891418156293,0.08839779005524862,0.16,0.11387900355871886,0.16,0.055696202531645575,0.4216894734433363,0.09839634283284981
SMD,machine-2-1.test.csv@11.out,"1,1,1",n,abs_resid,0.5766961073092665,0.05311932052997394,0.2608695652173913,0.0076726342710997444,0.014906832298136646,0.0076726342710997444,0.2608695652173913,0.09135947441706067,0.13532618658814793
SMD,machine-2-3.test.csv@6.out,"1,1,1",n,abs_resid,0.8331620592144584,0.24050031850330367,0.36363636363636365,0.18604651162790697,0.24615384615384617,0.18604651162790697,0.2878787878787879,0.10831723635956443,0.1574081151849837
SMD,machine-1-5.test.csv@25.out,"1,1,1",n,abs_resid,0.46662501059052786,0.0208659579613376,0.04405286343612335,0.1,0.06116207951070336,0.1,0.02403846153846154,0.16749033924420206,0.042042868347036216
SMD,machine-2-8.test.csv@33.out,"1,1,1",n,abs_resid,0.932748167195179,0.645389831661697,1.0,0.4472049689440994,0.6180257510729614,0.4472049689440994,1.0,0.22104493971501646,0.3620586475164572
SMD,machine-2-7.test.csv@28.out,"1,1,1",n,abs_resid,0.41512958385606114,0.003289426946965424,0.0,0.0,0.0,0.0,0.0,0.0,0.0
SMD,machine-2-2.test.csv@11.out,"1,1,1",n,abs_resid,0.9068993782433045,0.4332510113473888,0.421875,0.01906106600776562,0.0364741641337386,0.01906106600776562,0.428,0.24741729595801248,0.31356793290236473
SMD,machine-3-10.test.csv@1.out,"1,1,1",n,abs_resid,0.5637282049356604,0.05124958348370302,0.04627249357326478,0.03474903474903475,0.03969128996692393,0.03474903474903475,0.01948051948051948,0.10170523102573986,0.03269808085506431
SMD,machine-1-5.test.csv@19.out,"1,1,1",n,abs_resid,0.6310628653732102,0.07045732159317208,0.128,0.16,0.14222222222222222,0.16,0.10323886639676114,0.4454924491790852,0.16763080267544303
SMD,machine-2-6.test.csv@2.out,"1,1,1",n,abs_resid,0.6602317935234947,0.16318746263865397,0.14977973568281938,0.18579234972677597,0.16585365853658537,0.18579234972677597,0.04314720812182741,0.19639560439560444,0.07075079338022357
SMD,machine-2-8.test.csv@12.out,"1,1,1",n,abs_resid,0.8415832020201004,0.15462842659002984,0.29333333333333333,0.2732919254658385,0.2829581993569132,0.2732919254658385,0.175,0.2104111209701272,0.19107879439019243
SMD,machine-1-2.test.csv@24.out,"1,1,1",n,abs_resid,0.7643166876415551,0.08824869270343434,0.11036036036036036,0.11893203883495146,0.11448598130841121,0.11893203883495146,0.09124087591240876,0.15461860866856408,0.11476097667187196
SMD,machine-3-11.test.csv@3.out,"1,1,1",n,abs_resid,0.6793918164943853,0.17575806998920823,0.34951456310679613,0.18181818181818182,0.23920265780730898,0.18181818181818182,0.1232876712328767,0.15624269909984198,0.13782258075378734
SMD,machine-3-8.test.csv@21.out,"1,1,1",n,abs_resid,0.8537502522727756,0.33695006109276193,0.71,0.10357403355215171,0.18077657542966263,0.10357403355215171,0.6240601503759399,0.1386371087718616,0.2268734911792501
SMD,machine-3-11.test.csv@21.out,"1,1,1",n,abs_resid,0.5484935124552512,0.11781237062367375,0.41818181818181815,0.11616161616161616,0.18181818181818182,0.11616161616161616,0.225,0.14840468173801508,0.17884646349710703
SMD,machine-2-6.test.csv@22.out,"1,1,1",n,abs_resid,0.7546001344671781,0.2193178184971366,0.5740740740740741,0.16939890710382513,0.2616033755274262,0.16939890710382513,0.38045977011494253,0.18874272786037494,0.25231447545663893
SMD,machine-3-2.test.csv@11.out,"1,1,1",n,abs_resid,0.6296392642377078,0.1310505062718464,0.36486486486486486,0.027,0.05027932960893855,0.027,0.36875,0.2376442116227063,0.28902420688143526
SMD,machine-2-8.test.csv@1.out,"1,1,1",n,abs_resid,0.9701177700435155,0.8492071106117126,0.9693877551020408,0.5900621118012422,0.7335907335907336,0.5900621118012422,0.8888888888888888,0.21966873706004142,0.35227956587602977
SMD,machine-3-3.test.csv@35.out,"1,1,1",n,abs_resid,0.5667004597994764,0.006086751724789072,0.014084507042253521,0.025,0.018018018018018018,0.025,0.011494252873563218,0.01730103806228374,0.013812154696132596
SMD,machine-3-6.test.csv@20.out,"1,1,1",n,abs_resid,0.49390637124917586,0.061437754884611416,0.19230769230769232,0.04950495049504951,0.07874015748031496,0.04950495049504951,0.121875,0.22945833132268495,0.15919488210623164
SMD,machine-1-6.test.csv@2.out,"1,1,1",n,abs_resid,0.5581966202047614,0.06459812744200003,0.10298102981029811,0.07509881422924901,0.08685714285714285,0.07509881422924901,0.06532180595581172,0.2931115896945043,0.10683479060697301
SMD,machine-3-3.test.csv@16.out,"1,1,1",n,abs_resid,0.5659684526470401,0.06143470410125073,0.05952380952380952,0.125,0.08064516129032258,0.125,0.043209876543209874,0.159327731092437,0.0679827481995226
SMD,machine-2-8.test.csv@2.out,"1,1,1",n,abs_resid,0.9100128537827398,0.5975180653451505,0.9176470588235294,0.484472049689441,0.6341463414634146,0.484472049689441,0.7878787878787878,0.21490683229813665,0.3377003641277826
SMD,machine-3-11.test.csv@4.out,"1,1,1",n,abs_resid,0.7476527897984696,0.3416075235089634,0.9090909090909091,0.25252525252525254,0.3952569169960474,0.25252525252525254,0.7333333333333333,0.15906685906685908,0.2614276217682675
SMD,machine-1-2.test.csv@18.out,"1,1,1",n,abs_resid,0.8034767456605726,0.18596519209226325,0.5217391304347826,0.02912621359223301,0.05517241379310345,0.02912621359223301,0.5,0.23904520100773446,0.3234513946938311
SMD,machine-2-4.test.csv@28.out,"1,1,1",n,abs_resid,0.36966293837203035,0.017230703644932975,0.011235955056179775,0.005263157894736842,0.007168458781362007,0.005263157894736842,0.007936507936507936,0.05238095238095238,0.013784461152882205
SMD,machine-2-3.test.csv@4.out,"1,1,1",n,abs_resid,0.8042872052880884,0.42528717715338943,1.0,0.14418604651162792,0.25203252032520324,0.14418604651162792,1.0,0.06393616461643672,0.12018797131402441
SMD,machine-2-3.test.csv@32.out,"1,1,1",n,abs_resid,0.8806677311828917,0.26356191339102353,0.3203463203463203,0.34418604651162793,0.33183856502242154,0.34418604651162793,0.2809917355371901,0.10112620673467235,0.14872700386547993
SMD,machine-2-8.test.csv@22.out,"1,1,1",n,abs_resid,0.9590136781078569,0.7679922991335311,0.9393939393939394,0.577639751552795,0.7153846153846154,0.577639751552795,0.8484848484848485,0.21650399290150843,0.3449808119571804
SMD,machine-1-1.test.csv@1.out,"1,1,1",n,abs_resid,0.5665770445093709,0.1619013167198357,0.2336182336182336,0.030438010393466965,0.053858784893267654,0.030438010393466965,0.3049645390070922,0.12690478981277067,0.17922764197587332
SMD,machine-1-2.test.csv@7.out,"1,1,1",n,abs_resid,0.7269586091602753,0.0861307291547194,0.16666666666666666,0.11650485436893204,0.13714285714285715,0.11650485436893204,0.1115702479338843,0.2821196624764868,0.15990331404081723
SMD,machine-2-9.test.csv@15.out,"1,1,1",n,abs_resid,0.8273317213472229,0.4602044504759315,0.6861435726210351,0.2341880341880342,0.3491928632115548,0.2341880341880342,0.6879719735305566,0.42284333189150114,0.5237672907740539
SMD,machine-3-11.test.csv@22.out,"1,1,1",n,abs_resid,0.5965395376433638,0.0877540254333662,0.4375,0.10606060606060606,0.17073170731707318,0.10606060606060606,0.35,0.14177008177008177,0.20179970461369928
SMD,machine-1-6.test.csv@1.out,"1,1,1",n,abs_resid,0.6035154804489947,0.1346006090593399,0.38961038961038963,0.11857707509881422,0.18181818181818182,0.11857707509881422,0.23553459119496858,0.45579484725213365,0.3105768308013947
SMD,machine-2-2.test.csv@6.out,"1,1,1",n,abs_resid,0.5165352359947426,0.1200420969278933,0.3684210526315789,0.0024708789269325803,0.004908835904628331,0.0024708789269325803,0.3333333333333333,0.11900826446280992,0.17539585870889157
SMD,machine-1-8.test.csv@24.out,"1,1,1",n,abs_resid,0.39365315233388926,0.031693930523005565,0.059907834101382486,0.023090586145648313,0.03333333333333333,0.023090586145648313,0.045,0.13099319727891157,0.0669877468980712
SMD,machine-3-11.test.csv@16.out,"1,1,1",n,abs_resid,0.5296409850253931,0.013086864756637402,0.022727272727272728,0.08585858585858586,0.035940803382663845,0.08585858585858586,0.022727272727272728,0.25060125060125066,0.041674999000119985
SMD,machine-3-6.test.csv@9.out,"1,1,1",n,abs_resid,0.7721721516382773,0.24355796474090957,0.5673758865248227,0.19801980198019803,0.29357798165137616,0.19801980198019803,0.45263157894736844,0.16345924322906422,0.2401815209483038
SMD,machine-3-6.test.csv@14.out,"1,1,1",n,abs_resid,0.7589335059717719,0.21940948032142857,0.6741573033707865,0.1485148514851485,0.2434077079107505,0.1485148514851485,0.6610169491525424,0.05133779264214047,0.0952759884296929
SMD,machine-3-10.test.csv@26.out,"1,1,1",n,abs_resid,0.8222728401010411,0.3097157785565942,0.6923076923076923,0.0694980694980695,0.12631578947368421,0.0694980694980695,0.7878787878787878,0.08586036181444187,0.154846118127928
SMD,machine-2-3.test.csv@28.out,"1,1,1",n,abs_resid,0.8266542373990122,0.30440442050765293,0.3924731182795699,0.3395348837209302,0.3640897755610973,0.3395348837209302,0.24528301886792453,0.10437889984375247,0.146440720534394
SMD,machine-1-6.test.csv@9.out,"1,1,1",n,abs_resid,0.6736226342237788,0.17964802036639888,0.6052631578947368,0.13636363636363635,0.22258064516129034,0.13636363636363635,0.3431034482758621,0.5861324764411627,0.43283749253382464
SMD,machine-2-4.test.csv@19.out,"1,1,1",n,abs_resid,0.3707132467812315,0.017373531398411513,0.011428571428571429,0.005263157894736842,0.007207207207207207,0.005263157894736842,0.00847457627118644,0.05238095238095238,0.014588859416445624
SMD,machine-3-7.test.csv@30.out,"1,1,1",n,abs_resid,0.8179394011504721,0.20105443088166208,1.0,0.01152073732718894,0.022779043280182234,0.01152073732718894,1.0,0.1765144694533762,0.30006340599514614
SMD,machine-1-5.test.csv@24.out,"1,1,1",n,abs_resid,0.9080534609844956,0.34823778005450046,0.4805194805194805,0.37,0.4180790960451977,0.37,0.35000000000000003,0.4158394853542591,0.3800896210167737
SMD,machine-2-3.test.csv@25.out,"1,1,1",n,abs_resid,0.8611038260140409,0.3945042390457047,0.5481481481481482,0.34418604651162793,0.4228571428571429,0.34418604651162793,0.32056451612903225,0.12176829637147099,0.17649423195857883
SMD,machine-2-8.test.csv@4.out,"1,1,1",n,abs_resid,0.9095473560260774,0.6488753662078821,0.9278350515463918,0.5590062111801242,0.6976744186046512,0.5590062111801242,0.7941176470588235,0.2165631469979296,0.3403183631171147
SMD,machine-2-7.test.csv@3.out,"1,1,1",n,abs_resid,0.6231900700383446,0.18980334539529362,0.5882352941176471,0.14925373134328357,0.23809523809523808,0.14925373134328357,0.2857142857142857,0.026373626373626374,0.0482897384305835
SMD,machine-3-3.test.csv@1.out,"1,1,1",n,abs_resid,0.6232877259084232,0.009422602039154671,0.00641025641025641,0.025,0.01020408163265306,0.025,0.0038910505836575876,0.01730103806228374,0.0063532401524777635
SMD,machine-3-10.test.csv@21.out,"1,1,1",n,abs_resid,0.7011970728542851,0.1304719983786044,0.2611464968152866,0.07915057915057915,0.12148148148148148,0.07915057915057915,0.18110236220472442,0.0648814351526764,0.09553622064228873
SMD,machine-3-11.test.csv@6.out,"1,1,1",n,abs_resid,0.735963233919943,0.17765297985269696,0.8333333333333334,0.050505050505050504,0.09523809523809523,0.050505050505050504,0.8,0.14872534872534873,0.250821334414926
SMD,machine-3-6.test.csv@7.out,"1,1,1",n,abs_resid,0.5755360605438988,0.05981272348048431,0.1506849315068493,0.054455445544554455,0.08,0.054455445544554455,0.11320754716981132,0.23171677202464253,0.15210343799636572
SMD,machine-2-6.test.csv@31.out,"1,1,1",n,abs_resid,0.7544620441266999,0.21922432402104972,0.5740740740740741,0.16939890710382513,0.2616033755274262,0.16939890710382513,0.38045977011494253,0.18874272786037494,0.25231447545663893
SMD,machine-3-10.test.csv@20.out,"1,1,1",n,abs_resid,0.7570680775705088,0.27483747402306,0.5333333333333333,0.12355212355212356,0.2006269592476489,0.12355212355212356,0.4897959183673469,0.0687702890487155,0.12060667628578382
SMD,machine-3-8.test.csv@16.out,"1,1,1",n,abs_resid,0.4996683265229409,0.04779561469553979,0.04006677796327212,0.0175054704595186,0.024365482233502538,0.0175054704595186,0.04145077720207254,0.16999067929550896,0.06664961441927736
SMD,machine-2-3.test.csv@31.out,"1,1,1",n,abs_resid,0.8343817926096405,0.3145973076221577,0.4074074074074074,0.3581395348837209,0.3811881188118812,0.3581395348837209,0.25366876310272535,0.10420835439150458,0.14772894421722635
SMD,machine-1-5.test.csv@32.out,"1,1,1",n,abs_resid,0.8032843344912312,0.2426797086060981,0.11267605633802817,0.32,0.16666666666666666,0.32,0.04032258064516129,0.26219872113068105,0.0698960966767485
SMD,machine-3-8.test.csv@2.out,"1,1,1",n,abs_resid,0.7331462001180971,0.18094958603035521,0.3707093821510298,0.11816192560175055,0.17920353982300885,0.11816192560175055,0.30497198879551823,0.17207471272773653,0.22001186548163196
SMD,machine-3-8.test.csv@22.out,"1,1,1",n,abs_resid,0.8416102008902804,0.30517456304661467,0.6062992125984252,0.11232676878191102,0.18953846153846154,0.11232676878191102,0.5260115606936416,0.13787035365463812,0.21847680538323866
SMD,machine-2-7.test.csv@23.out,"1,1,1",n,abs_resid,0.5181229838497453,0.005930383082611071,0.01282051282051282,0.04477611940298507,0.019933554817275746,0.04477611940298507,0.015228426395939087,0.017582417582417582,0.016320979258755527
SMD,machine-3-10.test.csv@4.out,"1,1,1",n,abs_resid,0.6765512328721405,0.12925099874288232,0.25,0.07722007722007722,0.11799410029498525,0.07722007722007722,0.20919425608296766,0.05693598921500131,0.08951017119339023
SMD,machine-3-8.test.csv@36.out,"1,1,1",n,abs_resid,0.6822411689371417,0.2115554005897019,0.3829787234042553,0.14442013129102846,0.2097457627118644,0.14442013129102846,0.2817955112219451,0.2133708868945264,0.24285556686009221
SMD,machine-2-8.test.csv@14.out,"1,1,1",n,abs_resid,0.9043050986671534,0.5119800723484959,0.6981132075471698,0.45962732919254656,0.5543071161048689,0.45962732919254656,0.4838709677419355,0.2122567287784679,0.29507479526283875
SMD,machine-2-7.test.csv@32.out,"1,1,1",n,abs_resid,0.6319135233622234,0.011790254897172054,0.0425531914893617,0.08955223880597014,0.057692307692307696,0.08955223880597014,0.022727272727272728,0.05714285714285715,0.032520325203252036
SMD,machine-3-11.test.csv@32.out,"1,1,1",n,abs_resid,0.8590660058461388,0.5773554802292352,0.9315068493150684,0.3434343434343434,0.5018450184501845,0.3434343434343434,0.9795918367346939,0.20497033830367165,0.3390067223251025
SMD,machine-3-10.test.csv@23.out,"1,1,1",n,abs_resid,0.5293263424341219,0.04814217007164865,0.09852216748768473,0.03861003861003861,0.05547850208044383,0.03861003861003861,0.062146892655367235,0.10445609317533155,0.0779292349101489
SMD,machine-3-8.test.csv@19.out,"1,1,1",n,abs_resid,0.8495701497250827,0.32038507836919117,0.6148409893992933,0.12691466083150985,0.21039903264812576,0.12691466083150985,0.5323383084577115,0.1377428618674924,0.21885647690436855
SMD,machine-3-10.test.csv@3.out,"1,1,1",n,abs_resid,0.6635723620123946,0.11401527954947614,0.1859504132231405,0.08687258687258688,0.11842105263157894,0.08687258687258688,0.15948275862068967,0.09927382477397373,0.1223734154012394
SMD,machine-2-8.test.csv@25.out,"1,1,1",n,abs_resid,0.9853956375363644,0.9136280079703845,0.9901960784313726,0.6273291925465838,0.7680608365019012,0.6273291925465838,0.95,0.22641386073880354,0.36567601739541217
SMD,machine-2-8.test.csv@7.out,"1,1,1",n,abs_resid,0.9510285100338322,0.8180714986431705,0.96875,0.19254658385093168,0.32124352331606215,0.19254658385093168,0.9333333333333333,0.21100266193433898,0.34419229775135696
SMD,machine-2-1.test.csv@22.out,"1,1,1",n,abs_resid,0.5661395710571432,0.0481955670187047,0.06896551724137931,0.03324808184143223,0.04486626402070751,0.03324808184143223,0.06329113924050633,0.10277717045520274,0.07833986168636924
SMD,machine-1-5.test.csv@21.out,"1,1,1",n,abs_resid,0.5905091925781581,0.05331138520890199,0.07947019867549669,0.12,0.09561752988047809,0.12,0.05254120879120879,0.401336605023241,0.09291800444205664
SMD,machine-2-1.test.csv@10.out,"1,1,1",n,abs_resid,0.5098170647126451,0.0456767206982559,0.2916666666666667,0.008951406649616368,0.017369727047146403,0.008951406649616368,0.2916666666666667,0.11194770971117833,0.16179510564242278
SMD,machine-3-11.test.csv@5.out,"1,1,1",n,abs_resid,0.638096543846948,0.03904900145047261,0.5,0.010101010101010102,0.019801980198019802,0.010101010101010102,0.6666666666666666,0.1394901394901395,0.23070803500397777
SMD,machine-1-6.test.csv@13.out,"1,1,1",n,abs_resid,0.6674957497814556,0.1580354184799687,0.5,0.1324110671936759,0.209375,0.1324110671936759,0.2826441102756892,0.5381640629451111,0.37063203734096606
SMD,machine-1-6.test.csv@24.out,"1,1,1",n,abs_resid,0.6326707729766546,0.05015485627927198,0.03260869565217391,0.005928853754940711,0.010033444816053512,0.005928853754940711,0.04054054054054054,0.031841748424662995,0.035668440756614114
SMD,machine-1-5.test.csv@22.out,"1,1,1",n,abs_resid,0.4908790138100483,0.03857444991536085,0.05405405405405406,0.08,0.06451612903225806,0.08,0.0471311475409836,0.27222750683851255,0.08035100733029522
SMD,machine-2-6.test.csv@16.out,"1,1,1",n,abs_resid,0.6920479446927679,0.03995093523649555,0.06666666666666667,0.09289617486338798,0.0776255707762557,0.09289617486338798,0.040123456790123455,0.17102564102564105,0.06499805103295253
SMD,machine-1-2.test.csv@13.out,"1,1,1",n,abs_resid,0.8709590289948574,0.11636692227825975,0.20727272727272728,0.1383495145631068,0.16593886462882096,0.1383495145631068,0.15935114503816794,0.16651562086441657,0.16285462420809435
SMD,machine-2-6.test.csv@15.out,"1,1,1",n,abs_resid,0.4407720617263822,0.010042962581206762,0.005597014925373134,0.01639344262295082,0.008344923504867872,0.01639344262295082,0.005917159763313609,0.10959706959706961,0.011228112311144801
SMD,machine-1-1.test.csv@14.out,"1,1,1",n,abs_resid,0.6701062663998157,0.2551173607176247,0.7785234899328859,0.04305864884929473,0.0816039395005276,0.04305864884929473,0.8111111111111112,0.50146263351339,0.6197623798518228
SMD,machine-3-8.test.csv@25.out,"1,1,1",n,abs_resid,0.8386287746318227,0.2291395859661651,0.2914285714285714,0.1487964989059081,0.1970062771607919,0.1487964989059081,0.23072020395156148,0.13742856078441926,0.1722539832270792
SMD,machine-3-10.test.csv@28.out,"1,1,1",n,abs_resid,0.7012704705168238,0.13107725351452612,0.26282051282051283,0.07915057915057915,0.12166172106824925,0.07915057915057915,0.18253968253968253,0.0648814351526764,0.09573505031381004
SMD,machine-2-5.test.csv@14.out,"1,1,1",n,abs_resid,0.8411603600700808,0.42828142272136277,0.975609756097561,0.10498687664041995,0.1895734597156398,0.10498687664041995,0.9855072463768115,0.5072431191783181,0.6697593665490176
SMD,machine-3-11.test.csv@31.out,"1,1,1",n,abs_resid,0.596393928507275,0.08767724879419825,0.4375,0.10606060606060606,0.17073170731707318,0.10606060606060606,0.35,0.14177008177008177,0.20179970461369928
SMD,machine-3-1.test.csv@20.out,"1,1,1",n,abs_resid,0.5180393336238449,0.055160614575765536,0.29545454545454547,0.07103825136612021,0.1145374449339207,0.07103825136612021,0.1717171717171717,0.24953975680397747,0.20344003086096932
SMD,machine-3-7.test.csv@6.out,"1,1,1",n,abs_resid,0.7246938710135046,0.07383770259322919,0.37037037037037035,0.02304147465437788,0.04338394793926247,0.02304147465437788,0.21052631578947367,0.08408309089981117,0.1201706594928796
SMD,machine-3-10.test.csv@24.out,"1,1,1",n,abs_resid,0.7531557083826127,0.24833920265251921,0.6271186440677966,0.07142857142857142,0.12824956672443674,0.07142857142857142,0.68125,0.04485400075843762,0.08416642239890744
SMD,machine-2-7.test.csv@4.out,"1,1,1",n,abs_resid,0.6625288636639843,0.26067457180235903,0.6190476190476191,0.19402985074626866,0.29545454545454547,0.19402985074626866,0.375,0.02490842490842491,0.046713991298374176
SMD,machine-3-6.test.csv@31.out,"1,1,1",n,abs_resid,0.49427554901469994,0.06189635586735774,0.18518518518518517,0.04950495049504951,0.078125,0.04950495049504951,0.11890243902439024,0.22945833132268495,0.15663735742432428
SMD,machine-1-6.test.csv@11.out,"1,1,1",n,abs_resid,0.48294938351719663,0.12791661048315384,0.5773195876288659,0.11067193675889328,0.1857379767827529,0.11067193675889328,0.5384615384615384,0.4159901168731033,0.4693683060096978
SMD,machine-1-2.test.csv@26.out,"1,1,1",n,abs_resid,0.7732947567157114,0.08937420290820694,0.10930232558139535,0.11407766990291263,0.11163895486935867,0.11407766990291263,0.08987341772151898,0.1553934270705011,0.11388199162531018
SMD,machine-1-6.test.csv@6.out,"1,1,1",n,abs_resid,0.5489948300180735,0.05911665946026174,0.14391143911439114,0.07707509881422925,0.10038610038610038,0.07707509881422925,0.1308411214953271,0.32119782586401396,0.18593921609369898
SMD,machine-2-2.test.csv@12.out,"1,1,1",n,abs_resid,0.5418051065552899,0.14819210306192293,0.25210084033613445,0.03176844334627603,0.05642633228840126,0.03176844334627603,0.23823529411764705,0.25518907670112606,0.24642092421427075
SMD,machine-1-7.test.csv@34.out,"1,1,1",n,abs_resid,0.5001626247494197,0.15643981721565042,0.3230769230769231,0.009055627425614488,0.01761744966442953,0.009055627425614488,0.24583333333333335,0.11975074583698747,0.1610503667723687
SMD,machine-2-4.test.csv@9.out,"1,1,1",n,abs_resid,0.9216973953563541,0.5035429635955686,1.0,0.09473684210526316,0.17307692307692307,0.09473684210526316,1.0,0.5252300895815438,0.6887224336436267
SMD,machine-3-10.test.csv@25.out,"1,1,1",n,abs_resid,0.5348331226572718,0.0445657845032513,0.05649717514124294,0.019305019305019305,0.02877697841726619,0.019305019305019305,0.0234375,0.019009204674733684,0.02099235914675235
SMD,machine-3-6.test.csv@6.out,"1,1,1",n,abs_resid,0.7100685786122805,0.05437218646881625,0.0,0.0,0.0,0.0,0.0,0.0,0.0
SMD,machine-2-1.test.csv@21.out,"1,1,1",n,abs_resid,0.5451908187055694,0.04779224847276255,0.0855457227138643,0.0370843989769821,0.05173951828724353,0.0370843989769821,0.07167235494880546,0.10425455491931286,0.08494629355802535
SMD,machine-2-7.test.csv@19.out,"1,1,1",n,abs_resid,0.4013630635053239,0.0032174424777782376,0.0,0.0,0.0,0.0,0.0,0.0,0.0
SMD,machine-1-1.test.csv@28.out,"1,1,1",n,abs_resid,0.5950388897582265,0.18874233444883687,0.4173441734417344,0.05716406829992576,0.10055501142670584,0.05716406829992576,0.35856573705179284,0.1267660489543218,0.18731087922552586
SMD,machine-1-6.test.csv@16.out,"1,1,1",n,abs_resid,0.6107387067536911,0.05371184996263986,0.10270270270270271,0.037549407114624504,0.05499276410998553,0.037549407114624504,0.090625,0.1748939709887305,0.11938707100161529
SMD,machine-3-11.test.csv@10.out,"1,1,1",n,abs_resid,0.8706837777814067,0.1236748445821626,0.75,0.045454545454545456,0.08571428571428572,0.045454545454545456,0.75,0.25060125060125066,0.3756760004807115
SMD,machine-2-8.test.csv@26.out,"1,1,1",n,abs_resid,0.9626579536706765,0.6968605896699771,0.8235294117647058,0.6086956521739131,0.7,0.6086956521739131,0.6222222222222222,0.2173913043478261,0.3222094361334868
SMD,machine-1-8.test.csv@11.out,"1,1,1",n,abs_resid,0.4832125337471348,0.043713004000044096,0.04215456674473068,0.03197158081705151,0.03636363636363636,0.03197158081705151,0.04096385542168675,0.22540757984154208,0.06932848112979244
SMD,machine-3-8.test.csv@4.out,"1,1,1",n,abs_resid,0.7423811207384545,0.20698744759891463,0.41531322505800466,0.13056163384390956,0.19866814650388456,0.13056163384390956,0.33392351274787535,0.1712833350160642,0.2264242187408363
SMD,machine-3-8.test.csv@20.out,"1,1,1",n,abs_resid,0.8456683755087272,0.30727177839554815,0.5869565217391305,0.11816192560175055,0.19672131147540983,0.11816192560175055,0.5051020408163265,0.13780457792207657,0.21653338607358652
SMD,machine-3-7.test.csv@10.out,"1,1,1",n,abs_resid,0.7910500231101185,0.2470267935633851,0.8333333333333334,0.08064516129032258,0.14705882352941177,0.08064516129032258,0.7333333333333333,0.1274120349104272,0.21710367714970027
SMD,machine-1-7.test.csv@33.out,"1,1,1",n,abs_resid,0.4729836684302744,0.1461617244695894,0.1430635838150289,0.042690815006468305,0.0657588840916639,0.042690815006468305,0.13020833333333334,0.1971957203143877,0.15684916418432557
SMD,machine-3-7.test.csv@13.out,"1,1,1",n,abs_resid,0.8842859888613804,0.4705460753126342,1.0,0.07603686635944701,0.14132762312633834,0.07603686635944701,1.0,0.12730914101975194,0.22586376067986005
SMD,machine-2-3.test.csv@21.out,"1,1,1",n,abs_resid,0.7766796609010326,0.19600507671626943,0.2882882882882883,0.29767441860465116,0.2929061784897025,0.29767441860465116,0.22575757575757577,0.10093988592588034,0.13950487295767663
SMD,machine-2-8.test.csv@9.out,"1,1,1",n,abs_resid,0.888942191164017,0.49846009717806866,0.71,0.4409937888198758,0.5440613026819924,0.4409937888198758,0.5,0.2135690396559962,0.2992969534650151
SMD,machine-3-9.test.csv@21.out,"1,1,1",n,abs_resid,0.5383134956616247,0.04903307065941228,0.18333333333333332,0.054455445544554455,0.08396946564885496,0.054455445544554455,0.13333333333333333,0.16219832735961767,0.14635618801207417
SMD,machine-3-3.test.csv@37.out,"1,1,1",n,abs_resid,0.5643016795453094,0.006075877088112016,0.013888888888888888,0.025,0.017857142857142856,0.025,0.011235955056179775,0.01730103806228374,0.013623978201634877
SMD,machine-3-1.test.csv@30.out,"1,1,1",n,abs_resid,0.8135079675854605,0.02972897266910894,0.0,0.0,0.0,0.0,0.0,0.0,0.0
SMD,machine-3-6.test.csv@12.out,"1,1,1",n,abs_resid,0.734736208842325,0.240410643276753,0.47058823529411764,0.2376237623762376,0.3157894736842105,0.2376237623762376,0.383016983016983,0.16035848932871566,0.22606844772989662
SMD,machine-2-7.test.csv@1.out,"1,1,1",n,abs_resid,0.6290628029309118,0.08293548460191949,0.11688311688311688,0.13432835820895522,0.125,0.13432835820895522,0.04878048780487805,0.02527472527472528,0.03329714078899747
SMD,machine-2-8.test.csv@23.out,"1,1,1",n,abs_resid,0.9839840326269185,0.8949000929378617,0.9775280898876404,0.5403726708074534,0.696,0.5403726708074534,0.9545454545454546,0.22058562555456968,0.3583583308736211
SMD,machine-3-10.test.csv@6.out,"1,1,1",n,abs_resid,0.6970818497358205,0.18420590553323693,0.8571428571428571,0.011583011583011582,0.022857142857142857,0.011583011583011582,0.5,0.04242424242424243,0.0782122905027933
SMD,machine-3-10.test.csv@16.out,"1,1,1",n,abs_resid,0.5353794985075373,0.0446947306608577,0.05649717514124294,0.019305019305019305,0.02877697841726619,0.019305019305019305,0.023622047244094488,0.019009204674733684,0.021066063542032793
SMD,machine-1-4.test.csv@9.out,"1,1,1",n,abs_resid,0.7899557835148009,0.29580189081598274,0.5913978494623656,0.3021978021978022,0.4,0.3021978021978022,0.37926829268292683,0.2012614445686236,0.2629738997551672
SMD,machine-2-8.test.csv@15.out,"1,1,1",n,abs_resid,0.8818169050058638,0.48023076461617803,0.3548387096774194,0.546583850931677,0.43031784841075793,0.546583850931677,0.1746031746031746,0.2132505175983437,0.19200135570242333
SMD,machine-2-3.test.csv@1.out,"1,1,1",n,abs_resid,0.8923426196019659,0.43515708785169005,0.5675675675675675,0.2930232558139535,0.38650306748466257,0.2930232558139535,0.39215686274509803,0.11518997505392063,0.17807360121844834
SMD,machine-2-9.test.csv@26.out,"1,1,1",n,abs_resid,0.6971890673709126,0.12366506367034766,0.4307692307692308,0.015954415954415956,0.03076923076923077,0.015954415954415956,0.13333333333333333,0.025517241379310347,0.04283646888567294
SMD,machine-2-9.test.csv@13.out,"1,1,1",n,abs_resid,0.811435758998734,0.5183252020234147,0.8884462151394422,0.12706552706552707,0.22233300099700898,0.12706552706552707,0.8643678160919541,0.4026957035370099,0.5494234510323937
SMD,machine-2-5.test.csv@1.out,"1,1,1",n,abs_resid,0.8437925075106136,0.33624660587438887,0.5353535353535354,0.2782152230971129,0.36614853195164077,0.2782152230971129,0.5045045045045045,0.05857360402414053,0.10496109377244155
SMD,machine-3-9.test.csv@31.out,"1,1,1",n,abs_resid,0.5126805954334259,0.05112547561900182,0.2037037037037037,0.054455445544554455,0.0859375,0.054455445544554455,0.125,0.1652568697729988,0.1423367428841919
SMD,machine-2-6.test.csv@26.out,"1,1,1",n,abs_resid,0.7593560478271109,0.3012071307560706,0.8857142857142857,0.16939890710382513,0.28440366972477066,0.16939890710382513,0.776,0.16483516483516483,0.271911792188376
SMD,machine-1-5.test.csv@16.out,"1,1,1",n,abs_resid,0.39887952215538425,0.0037729338873337555,0.006172839506172839,0.04,0.0106951871657754,0.04,0.006172839506172839,0.10523270891934487,0.011661620666823629
SMD,machine-2-3.test.csv@23.out,"1,1,1",n,abs_resid,0.7629471042482523,0.2803179342455439,0.4608695652173913,0.24651162790697675,0.3212121212121212,0.24651162790697675,0.39344262295081966,0.10103998294474485,0.16078800523504153
SMD,machine-2-7.test.csv@24.out,"1,1,1",n,abs_resid,0.5591727838974008,0.04702248994401457,0.07643312101910828,0.1791044776119403,0.10714285714285714,0.1791044776119403,0.04504504504504504,0.1758241758241758,0.07171671896010758
SMD,machine-3-8.test.csv@35.out,"1,1,1",n,abs_resid,0.7027056116008215,0.21807825603250802,0.41372141372141374,0.14514952589350838,0.21490280777537796,0.14514952589350838,0.30662983425414364,0.1791217421328988,0.2261405737889411
SMD,machine-2-4.test.csv@1.out,"1,1,1",n,abs_resid,0.7836830994451327,0.5091852228958852,0.8986486486486487,0.35,0.5037878787878788,0.35,0.8235294117647058,0.014768683274021354,0.02901699317026882
SMD,machine-3-4.test.csv@6.out,"1,1,1",n,abs_resid,0.6757859525268143,0.1565735916158159,0.8,0.004519774011299435,0.008988764044943821,0.004519774011299435,0.6666666666666666,0.07051470916476943,0.12753932112521396
SMD,machine-2-1.test.csv@20.out,"1,1,1",n,abs_resid,0.5688800708470997,0.04886229023136634,0.07065217391304347,0.03324808184143223,0.04521739130434783,0.03324808184143223,0.06535947712418301,0.10248292266759211,0.07981571102440994
SMD,machine-2-8.test.csv@10.out,"1,1,1",n,abs_resid,0.9249745620735779,0.41102326559438507,0.6043956043956044,0.3416149068322981,0.4365079365079365,0.3416149068322981,0.4375,0.21952085181898848,0.29235106436855346
SMD,machine-3-8.test.csv@32.out,"1,1,1",n,abs_resid,0.836955156195311,0.299124388164729,1.0,0.02188183807439825,0.042826552462526764,0.02188183807439825,1.0,0.03601609657947686,0.06952806370168964
SMD,machine-2-8.test.csv@21.out,"1,1,1",n,abs_resid,0.9570144970994543,0.817341624807605,0.944954128440367,0.639751552795031,0.762962962962963,0.639751552795031,0.8484848484848485,0.21827861579414376,0.34722992387961893
SMD,machine-2-7.test.csv@2.out,"1,1,1",n,abs_resid,0.611574747918419,0.15325247266202055,0.5882352941176471,0.14925373134328357,0.23809523809523808,0.14925373134328357,0.2857142857142857,0.026373626373626374,0.0482897384305835
SMD,machine-1-2.test.csv@15.out,"1,1,1",n,abs_resid,0.6051234722896546,0.028987833997399154,0.037383177570093455,0.019417475728155338,0.025559105431309903,0.019417475728155338,0.04081632653061224,0.12215440818473824,0.061187601814896145
SMD,machine-3-4.test.csv@7.out,"1,1,1",n,abs_resid,0.5586066735003804,0.1191876850002089,0.8,0.004519774011299435,0.008988764044943821,0.004519774011299435,0.6666666666666666,0.07051470916476943,0.12753932112521396
SMD,machine-3-6.test.csv@13.out,"1,1,1",n,abs_resid,0.7872047754100633,0.3462852600076704,0.7008547008547008,0.20297029702970298,0.31477927063339733,0.20297029702970298,0.6,0.1040646118989023,0.1773665827939867
SMD,machine-3-3.test.csv@22.out,"1,1,1",n,abs_resid,0.48523293313749283,0.004947804915505253,0.004366812227074236,0.0125,0.006472491909385114,0.0125,0.006211180124223602,0.01453287197231834,0.00870285951098218
SMD,machine-2-2.test.csv@10.out,"1,1,1",n,abs_resid,0.9068209226061529,0.4444715565569712,0.453781512605042,0.01906106600776562,0.036585365853658534,0.01906106600776562,0.46120689655172414,0.24741729595801248,0.3220622847150296
SMD,machine-3-11.test.csv@37.out,"1,1,1",n,abs_resid,0.607949669136125,0.01564774606597481,0.03155339805825243,0.06565656565656566,0.04262295081967213,0.06565656565656566,0.01278772378516624,0.14907808241141576,0.023554935845859822
SMD,machine-2-7.test.csv@21.out,"1,1,1",n,abs_resid,0.4160673837965395,0.003295005482710804,0.0,0.0,0.0,0.0,0.0,0.0,0.0
SMD,machine-3-10.test.csv@11.out,"1,1,1",n,abs_resid,0.5334771562486311,0.0444878279731436,0.056818181818181816,0.019305019305019305,0.02881844380403458,0.019305019305019305,0.023809523809523808,0.019009204674733684,0.02114028731467743
SMD,machine-2-4.test.csv@20.out,"1,1,1",n,abs_resid,0.3649214835964015,0.0170576322056821,0.006369426751592357,0.002631578947368421,0.0037243947858473,0.002631578947368421,0.007936507936507936,0.028571428571428574,0.012422360248447204
SMD,machine-3-7.test.csv@11.out,"1,1,1",n,abs_resid,0.8399440780893195,0.2647639843413519,0.8695652173913043,0.09216589861751152,0.16666666666666666,0.09216589861751152,0.8636363636363636,0.15068646965753077,0.25660137075219375
SMD,machine-3-6.test.csv@15.out,"1,1,1",n,abs_resid,0.7081899123194965,0.13739842298653107,0.34065934065934067,0.15346534653465346,0.21160409556313994,0.15346534653465346,0.267515923566879,0.21647758529170488,0.23930569357184953
SMD,machine-1-5.test.csv@28.out,"1,1,1",n,abs_resid,0.5281818181818181,0.05104068097198363,0.057803468208092484,0.1,0.07326007326007326,0.1,0.03265306122448979,0.3407989354099411,0.05959603163709944
SMD,machine-1-1.test.csv@19.out,"1,1,1",n,abs_resid,0.5625212570907582,0.17452972183561616,0.5302013422818792,0.05864884929472903,0.10561497326203209,0.05864884929472903,0.42786069651741293,0.12678831508637312,0.19561104651125466
SMD,machine-2-2.test.csv@33.out,"1,1,1",n,abs_resid,0.6058472015400309,0.14185180558988142,0.12170639899623588,0.03423932227320861,0.0534435261707989,0.03423932227320861,0.12216624685138538,0.14662438662755373,0.13328255363167796
SMD,machine-1-5.test.csv@7.out,"1,1,1",n,abs_resid,0.7893815131746166,0.26731370766684354,0.6052631578947368,0.23,0.3333333333333333,0.23,0.44796380090497734,0.21911309978536872,0.2942831235989336
SMD,machine-2-8.test.csv@13.out,"1,1,1",n,abs_resid,0.8399348480924667,0.23416183457774767,0.5567010309278351,0.33540372670807456,0.4186046511627907,0.33540372670807456,0.5957446808510638,0.2095829636202307,0.3100798454664373
SMD,machine-2-4.test.csv@15.out,"1,1,1",n,abs_resid,0.9106929779669235,0.43202050591359487,0.5736842105263158,0.2868421052631579,0.3824561403508772,0.2868421052631579,0.4446153846153846,0.5652059411321284,0.49771033844495055
SMD,machine-2-9.test.csv@24.out,"1,1,1",n,abs_resid,0.697369354173647,0.12376200739556595,0.4307692307692308,0.015954415954415956,0.03076923076923077,0.015954415954415956,0.13333333333333333,0.025517241379310347,0.04283646888567294
SMD,machine-3-5.test.csv@31.out,"1,1,1",n,abs_resid,0.695772855664625,0.12350311879940212,0.1972318339100346,0.14393939393939395,0.16642335766423358,0.14393939393939395,0.10775862068965517,0.07931322894602784,0.09137327898677658
SMD,machine-3-10.test.csv@14.out,"1,1,1",n,abs_resid,0.832434961588122,0.3722822247944514,0.5648148148148148,0.11776061776061776,0.19488817891373802,0.11776061776061776,0.425925925925926,0.28399370985343386,0.34077176550743155
SMD,machine-2-8.test.csv@16.out,"1,1,1",n,abs_resid,0.8992637372210348,0.5392102469070484,0.53125,0.5279503105590062,0.5295950155763239,0.5279503105590062,0.29245283018867924,0.21362452414345823,0.2468993965000138
SMD,machine-1-4.test.csv@14.out,"1,1,1",n,abs_resid,0.5809482109661859,0.03430647106117686,0.03298611111111111,0.0521978021978022,0.04042553191489362,0.0521978021978022,0.03298611111111111,0.21943727127298226,0.05735112289332634
SMD,machine-3-7.test.csv@7.out,"1,1,1",n,abs_resid,0.6732694182199259,0.0897387949352868,0.22,0.07603686635944701,0.11301369863013698,0.07603686635944701,0.12037037037037036,0.08408309089981117,0.09900651943594069
SMD,machine-2-4.test.csv@12.out,"1,1,1",n,abs_resid,0.8367688749124604,0.22323839424579206,0.24113475177304963,0.17894736842105263,0.2054380664652568,0.17894736842105263,0.17959183673469387,0.4438672336853096,0.25571825175369106
SMD,machine-2-8.test.csv@31.out,"1,1,1",n,abs_resid,0.9697660540427783,0.8251818323239454,0.9411764705882353,0.5962732919254659,0.7300380228136882,0.5962732919254659,0.8529411764705882,0.2164489183979439,0.3452775483708311
SMD,machine-2-8.test.csv@6.out,"1,1,1",n,abs_resid,0.8855385166059139,0.41254696354466536,0.6896551724137931,0.12422360248447205,0.21052631578947367,0.12422360248447205,0.5714285714285714,0.2082815734989648,0.3052879144222745
SMD,machine-2-8.test.csv@32.out,"1,1,1",n,abs_resid,0.9959290428524612,0.9276906200905864,0.9901960784313726,0.6273291925465838,0.7680608365019012,0.6273291925465838,0.9615384615384616,0.2200745341614907,0.35817163448863704
SMD,machine-2-3.test.csv@11.out,"1,1,1",n,abs_resid,0.6109859263818639,0.03375934163762627,0.06686046511627906,0.10697674418604651,0.08228980322003578,0.10697674418604651,0.05725190839694656,0.09919568967188017,0.07260121099421378
SMD,machine-3-10.test.csv@2.out,"1,1,1",n,abs_resid,0.6531253845881074,0.12943939567293733,0.28365384615384615,0.1138996138996139,0.162534435261708,0.1138996138996139,0.22247191011235956,0.0568743345458381,0.0905896684472264
SMD,machine-1-1.test.csv@20.out,"1,1,1",n,abs_resid,0.5743840832382421,0.1752471784329721,0.40463917525773196,0.058277654046028214,0.10188189487345879,0.058277654046028214,0.338865836791148,0.1268564018172776,0.18460488759382243
SMD,machine-2-6.test.csv@24.out,"1,1,1",n,abs_resid,0.7587172090985128,0.28892192913895126,0.8888888888888888,0.17486338797814208,0.2922374429223744,0.17486338797814208,0.7265625,0.19626373626373628,0.30904598347021334
SMD,machine-2-9.test.csv@10.out,"1,1,1",n,abs_resid,0.9479464375574079,0.7237128984556418,0.9626168224299065,0.05868945868945869,0.11063372717508056,0.05868945868945869,0.96875,0.1024964404045727,0.1853792421553907
SMD,machine-2-4.test.csv@10.out,"1,1,1",n,abs_resid,0.818226108387653,0.5712492480752879,0.9692307692307692,0.16578947368421051,0.28314606741573034,0.16578947368421051,0.9047619047619048,0.014959997859417226,0.029433323529521778
SMD,machine-2-3.test.csv@3.out,"1,1,1",n,abs_resid,0.7500899486474993,0.30850510510106566,1.0,0.11627906976744186,0.20833333333333334,0.11627906976744186,1.0,0.06357733976781596,0.11955376894677956
SMD,machine-3-3.test.csv@38.out,"1,1,1",n,abs_resid,0.5643016795453094,0.006075877088112016,0.013888888888888888,0.025,0.017857142857142856,0.025,0.011235955056179775,0.01730103806228374,0.013623978201634877
SMD,machine-2-3.test.csv@7.out,"1,1,1",n,abs_resid,0.8079193465416603,0.23268199983830576,0.40816326530612246,0.18604651162790697,0.25559105431309903,0.18604651162790697,0.32727272727272727,0.1107166621905851,0.16545854699377907
SMD,machine-3-10.test.csv@7.out,"1,1,1",n,abs_resid,0.67150178657472,0.2006693205622004,0.75,0.011583011583011582,0.022813688212927757,0.011583011583011582,0.6666666666666666,0.030303030303030307,0.05797101449275363
SMD,machine-3-6.test.csv@24.out,"1,1,1",n,abs_resid,0.43967033084224605,0.053400297794004646,0.7777777777777778,0.017326732673267328,0.03389830508474576,0.017326732673267328,0.6666666666666666,0.1714206437291898,0.27271724016156446
SMD,machine-3-9.test.csv@25.out,"1,1,1",n,abs_resid,0.7125435647896852,0.12981421714546848,0.3211009174311927,0.17326732673267325,0.22508038585209003,0.17326732673267325,0.2733918128654971,0.181445449545808,0.2181250503731401
SMD,machine-3-11.test.csv@7.out,"1,1,1",n,abs_resid,0.6964385184701333,0.2040291189288181,0.875,0.0707070707070707,0.1308411214953271,0.0707070707070707,0.8,0.15488215488215487,0.25952045133991536
SMD,machine-1-1.test.csv@9.out,"1,1,1",n,abs_resid,0.754147841934893,0.3630988003395764,0.7482014388489209,0.038604305864884926,0.07342040240028239,0.038604305864884926,0.7528112449799197,0.5014649313017348,0.6019542527964865
SMD,machine-3-3.test.csv@36.out,"1,1,1",n,abs_resid,0.5561929241969474,0.00601309065013823,0.013986013986013986,0.025,0.017937219730941704,0.025,0.011494252873563218,0.01730103806228374,0.013812154696132596
SMD,machine-3-11.test.csv@24.out,"1,1,1",n,abs_resid,0.6324460248252237,0.1986431613153463,0.9473684210526315,0.18181818181818182,0.3050847457627119,0.18181818181818182,0.8888888888888888,0.16437389770723104,0.2774428815955942
SMD,machine-3-9.test.csv@35.out,"1,1,1",n,abs_resid,0.8217877485691932,0.38795591118554507,1.0,0.04455445544554455,0.08530805687203792,0.04455445544554455,1.0,0.12000000000000001,0.21428571428571427
SMD,machine-3-10.test.csv@22.out,"1,1,1",n,abs_resid,0.6880721888825616,0.11521031723173156,0.2781456953642384,0.08108108108108109,0.12556053811659193,0.08108108108108109,0.18018018018018017,0.0652106945406748,0.09576293091892149
SMD,machine-1-1.test.csv@12.out,"1,1,1",n,abs_resid,0.7254062158591474,0.3968652994890966,0.8286516853932584,0.10950259836674091,0.19344262295081968,0.10950259836674091,0.7804347826086957,0.36825700115280646,0.50039632336831
SMD,machine-2-8.test.csv@11.out,"1,1,1",n,abs_resid,0.9669209175313389,0.4356125967467825,0.7049180327868853,0.2670807453416149,0.38738738738738737,0.2670807453416149,0.45454545454545453,0.2213664596273292,0.2977344115484863
SMD,machine-3-11.test.csv@12.out,"1,1,1",n,abs_resid,0.7332442894909215,0.07957713002532142,0.25,0.1111111111111111,0.15384615384615385,0.1111111111111111,0.23529411764705882,0.251948051948052,0.24333646911257448
SMD,machine-1-5.test.csv@23.out,"1,1,1",n,abs_resid,0.5006972803524528,0.07210835410565664,0.07142857142857142,0.1,0.08333333333333333,0.1,0.047619047619047616,0.16573479831815424,0.073981635705488
SMD,machine-3-8.test.csv@28.out,"1,1,1",n,abs_resid,0.8535557309493512,0.3369078500864021,0.71,0.10357403355215171,0.18077657542966263,0.10357403355215171,0.6240601503759399,0.1386371087718616,0.2268734911792501
SMD,machine-3-6.test.csv@32.out,"1,1,1",n,abs_resid,0.5195105901010173,0.06809698734905886,0.1919191919191919,0.04702970297029703,0.07554671968190854,0.04702970297029703,0.1455223880597015,0.22798774308739084,0.1776515176202984
SMD,machine-3-11.test.csv@1.out,"1,1,1",n,abs_resid,0.6218814242660121,0.1226801740876112,0.9523809523809523,0.10101010101010101,0.182648401826484,0.10101010101010101,0.9090909090909091,0.1446024874596303,0.24951623918652296
SMD,machine-2-8.test.csv@36.out,"1,1,1",n,abs_resid,0.8761464845289407,0.27960750400326545,0.17098445595854922,0.40993788819875776,0.2413162705667276,0.40993788819875776,0.09872611464968153,0.21057904227609697,0.13442808957471608
SMD,machine-3-11.test.csv@35.out,"1,1,1",n,abs_resid,0.4942779238405249,0.06648960553827471,0.3333333333333333,0.07575757575757576,0.12345679012345678,0.07575757575757576,0.2564102564102564,0.14191117524450858,0.18270410748806104
SMD,machine-2-8.test.csv@3.out,"1,1,1",n,abs_resid,0.9105752438159319,0.6133778345716027,0.9294117647058824,0.4906832298136646,0.6422764227642277,0.4906832298136646,0.8125,0.21509794553272815,0.34014680839934675
SMD,machine-3-1.test.csv@35.out,"1,1,1",n,abs_resid,0.8008638967142873,0.3008951134918029,0.875,0.03825136612021858,0.07329842931937172,0.03825136612021858,0.875,0.15555555555555556,0.26415094339622647
SMD,machine-1-6.test.csv@4.out,"1,1,1",n,abs_resid,0.563290849024729,0.07068983630044962,0.12802768166089964,0.07312252964426877,0.0930817610062893,0.07312252964426877,0.07898009950248756,0.2931115896945043,0.12443160216431629
SMD,machine-2-5.test.csv@12.out,"1,1,1",n,abs_resid,0.6474264972865371,0.07388882192458784,0.1793478260869565,0.08661417322834646,0.1168141592920354,0.08661417322834646,0.1534090909090909,0.22349337260677468,0.1819352136676537
SMD,machine-1-2.test.csv@4.out,"1,1,1",n,abs_resid,0.6158797757446759,0.03523051600308231,0.04709141274238227,0.0412621359223301,0.04398447606727038,0.0412621359223301,0.04897959183673469,0.12321403247362214,0.07009519711646145
SMD,machine-3-8.test.csv@1.out,"1,1,1",n,abs_resid,0.7560823459116011,0.2726871188558624,0.8043478260869565,0.08096280087527352,0.147117296222664,0.08096280087527352,0.725,0.13782368234026315,0.2316166599082418
SMD,machine-3-11.test.csv@19.out,"1,1,1",n,abs_resid,0.5302846590568883,0.09336882598406253,0.391304347826087,0.09090909090909091,0.14754098360655737,0.09090909090909091,0.18181818181818182,0.15031265031265031,0.16457112764136658
SMD,machine-3-11.test.csv@26.out,"1,1,1",n,abs_resid,0.6813818080209315,0.21887303901686855,0.9473684210526315,0.18181818181818182,0.3050847457627119,0.18181818181818182,0.8888888888888888,0.16437389770723104,0.2774428815955942
SMD,machine-3-10.test.csv@31.out,"1,1,1",n,abs_resid,0.6880996967099074,0.11580287265119057,0.28187919463087246,0.08108108108108109,0.12593703148425786,0.08108108108108109,0.1834862385321101,0.0652106945406748,0.09622366392297255
SMD,machine-3-1.test.csv@14.out,"1,1,1",n,abs_resid,0.5346752101605383,0.013790707410113285,0.01440922190201729,0.0273224043715847,0.018867924528301886,0.0273224043715847,0.014577259475218658,0.14397110728063697,0.026473993150571213
SMD,machine-3-11.test.csv@20.out,"1,1,1",n,abs_resid,0.5618543981216875,0.07498403057602974,0.41025641025641024,0.08080808080808081,0.1350210970464135,0.08080808080808081,0.34375,0.1418951418951419,0.20087282181435515
SMD,machine-2-4.test.csv@13.out,"1,1,1",n,abs_resid,0.9565910682540539,0.6088112779842833,1.0,0.11315789473684211,0.2033096926713948,0.11315789473684211,1.0,0.5698791090081433,0.7260165521511979
SMD,machine-1-2.test.csv@11.out,"1,1,1",n,abs_resid,0.8560842670147943,0.11343889627443175,0.1836734693877551,0.13106796116504854,0.1529745042492918,0.13106796116504854,0.10528942115768465,0.22420757728741675,0.143289232637378
SMD,machine-2-4.test.csv@31.out,"1,1,1",n,abs_resid,0.3689102650433658,0.017297387525724302,0.023529411764705882,0.010526315789473684,0.014545454545454545,0.010526315789473684,0.022222222222222223,0.09720853858784895,0.0361747632141766
SMD,machine-2-5.test.csv@15.out,"1,1,1",n,abs_resid,0.7848005499545061,0.2949183306283958,0.4857142857142857,0.2677165354330709,0.34517766497461927,0.2677165354330709,0.3257829977628635,0.38206266847209414,0.3516854800571804
SMD,machine-1-1.test.csv@25.out,"1,1,1",n,abs_resid,0.5999149656826003,0.1957830314094739,0.5019607843137255,0.047512991833704527,0.08680908782638183,0.047512991833704527,0.41818181818181815,0.1268405694566828,0.19464308680763567
SMD,machine-1-6.test.csv@10.out,"1,1,1",n,abs_resid,0.5068665833605955,0.15685761951785493,0.7272727272727273,0.12648221343873517,0.21548821548821548,0.12648221343873517,0.6184523809523809,0.5036431591061885,0.5551743140933311
SMD,machine-2-3.test.csv@16.out,"1,1,1",n,abs_resid,0.6337029405030583,0.044561165164530694,0.05572755417956656,0.08372093023255814,0.06691449814126393,0.08372093023255814,0.05531914893617021,0.09633505823982015,0.07028058810605747
SMD,machine-1-2.test.csv@10.out,"1,1,1",n,abs_resid,0.83639586915105,0.11870370486215423,0.20306513409961685,0.12864077669902912,0.1575037147102526,0.12864077669902912,0.16666666666666666,0.21196771263229786,0.18660720756943475
SMD,machine-3-6.test.csv@4.out,"1,1,1",n,abs_resid,0.49834513008419257,0.03533248411991341,0.16853932584269662,0.03712871287128713,0.060851926977687626,0.03712871287128713,0.1,0.2351092988466921,0.14031797962983497
SMD,machine-1-6.test.csv@3.out,"1,1,1",n,abs_resid,0.5740955213154493,0.07722629274789489,0.12624584717607973,0.07509881422924901,0.09417596034696406,0.07509881422924901,0.08031400966183576,0.2931115896945043,0.12608116362293936
SMD,machine-2-6.test.csv@7.out,"1,1,1",n,abs_resid,0.6556146541195871,0.19322324091332618,0.7222222222222222,0.14207650273224043,0.2374429223744292,0.14207650273224043,0.5454545454545455,0.2022921784098255,0.29512984731860964
SMD,machine-3-3.test.csv@6.out,"1,1,1",n,abs_resid,0.5629717734210358,0.010068262548414194,0.009174311926605505,0.025,0.013422818791946308,0.025,0.004739336492890996,0.01730103806228374,0.007440476190476191
SMD,machine-3-7.test.csv@12.out,"1,1,1",n,abs_resid,0.6130278831589016,0.10894274204072021,0.19029850746268656,0.1175115207373272,0.1452991452991453,0.1175115207373272,0.09361702127659574,0.10408207012708622,0.09857256605902731
SMD,machine-2-7.test.csv@6.out,"1,1,1",n,abs_resid,0.4631899169281502,0.004087397972635076,0.009569377990430622,0.029850746268656716,0.014492753623188406,0.029850746268656716,0.01,0.04835164835164835,0.01657250470809793
SMD,machine-2-8.test.csv@20.out,"1,1,1",n,abs_resid,0.904443770182187,0.576071756510257,0.8137254901960784,0.515527950310559,0.6311787072243346,0.515527950310559,0.6190476190476191,0.21586239847109415,0.32010420527130434
SMD,machine-1-5.test.csv@26.out,"1,1,1",n,abs_resid,0.9089396763534695,0.34767540064664826,0.4805194805194805,0.37,0.4180790960451977,0.37,0.35000000000000003,0.4158394853542591,0.3800896210167737
SMD,machine-2-4.test.csv@22.out,"1,1,1",n,abs_resid,0.3711553224155578,0.017388794902433793,0.023952095808383235,0.010526315789473684,0.014625228519195612,0.010526315789473684,0.022727272727272728,0.09720853858784895,0.03684112265853507
SMD,machine-2-6.test.csv@11.out,"1,1,1",n,abs_resid,0.6601405308479806,0.04308928178953227,0.05654761904761905,0.10382513661202186,0.07321772639691715,0.10382513661202186,0.03869969040247678,0.17195709052851912,0.06318036510910337
SMD,machine-2-8.test.csv@35.out,"1,1,1",n,abs_resid,0.8773438597260586,0.2792487593140129,0.17142857142857143,0.40993788819875776,0.24175824175824176,0.40993788819875776,0.09904153354632587,0.21057904227609697,0.13472018921444578
SMD,machine-3-6.test.csv@1.out,"1,1,1",n,abs_resid,0.5754000889539629,0.12976082752049545,0.5915492957746479,0.10396039603960396,0.17684210526315788,0.10396039603960396,0.47023809523809523,0.17875074393990575,0.25903499190881935
SMD,machine-3-8.test.csv@11.out,"1,1,1",n,abs_resid,0.5024485784048496,0.04809686559361031,0.037606837606837605,0.016046681254558718,0.022494887525562373,0.016046681254558718,0.03893805309734513,0.16999067929550896,0.06336233432954755
SMD,machine-2-7.test.csv@22.out,"1,1,1",n,abs_resid,0.4441152575265622,0.00373755877668134,0.006711409395973154,0.029850746268656716,0.010958904109589041,0.029850746268656716,0.008130081300813009,0.017582417582417582,0.01111883252258513
SMD,machine-2-8.test.csv@24.out,"1,1,1",n,abs_resid,0.9533302201380671,0.7183867475227601,0.8476190476190476,0.5527950310559007,0.6691729323308271,0.5527950310559007,0.6842105263157895,0.2170090778786431,0.32950880051787446
SMD,machine-1-2.test.csv@12.out,"1,1,1",n,abs_resid,0.7349064162950382,0.06035786163535696,0.10353535353535354,0.09951456310679611,0.10148514851485149,0.09951456310679611,0.05574324324324324,0.1624349008113504,0.08300233945388677
SMD,machine-3-6.test.csv@36.out,"1,1,1",n,abs_resid,0.514092741720475,0.06626160333037599,0.21518987341772153,0.04207920792079208,0.07039337474120083,0.04207920792079208,0.15196078431372548,0.22798774308739084,0.18236784066753706
SMD,machine-3-6.test.csv@10.out,"1,1,1",n,abs_resid,0.9068801624507633,0.3755196447685999,0.8412698412698413,0.1311881188118812,0.22698072805139186,0.1311881188118812,0.7269230769230769,0.10524564761644335,0.1838701401340002
SMD,machine-3-7.test.csv@14.out,"1,1,1",n,abs_resid,0.5149280382941528,0.10110421135240338,1.0,0.07603686635944701,0.14132762312633834,0.07603686635944701,1.0,0.042829581993569135,0.08214109521460287
SMD,machine-2-9.test.csv@16.out,"1,1,1",n,abs_resid,0.5035080444306856,0.06419447166969228,0.07305194805194805,0.02564102564102564,0.03795866722901729,0.02564102564102564,0.07154742096505824,0.14266571021016616,0.09530100764304907
SMD,machine-2-4.test.csv@21.out,"1,1,1",n,abs_resid,0.3697641140979367,0.01724432472568621,0.01092896174863388,0.005263157894736842,0.007104795737122558,0.005263157894736842,0.007633587786259542,0.05238095238095238,0.01332525741974561
SMD,machine-2-6.test.csv@1.out,"1,1,1",n,abs_resid,0.7435412857646291,0.1861341148438153,0.3875,0.16939890710382513,0.23574144486692014,0.16939890710382513,0.18888888888888888,0.14300366300366302,0.1627743850096878
SMD,machine-3-11.test.csv@11.out,"1,1,1",n,abs_resid,0.7675833238075019,0.08137774053871802,0.875,0.03535353535353535,0.06796116504854369,0.03535353535353535,0.875,0.25060125060125066,0.38961593931948085
SMD,machine-2-1.test.csv@7.out,"1,1,1",n,abs_resid,0.5601359309615944,0.046354032688296645,0.0463980463980464,0.04859335038363171,0.047470331043098064,0.04859335038363171,0.04645476772616137,0.19178959005305865,0.07479329996529849
SMD,machine-2-3.test.csv@22.out,"1,1,1",n,abs_resid,0.775579165217081,0.18434652642939486,0.2831050228310502,0.28837209302325584,0.2857142857142857,0.28837209302325584,0.22325581395348837,0.09896796325367754,0.13714179247121888
SMD,machine-3-11.test.csv@36.out,"1,1,1",n,abs_resid,0.5171578366746321,0.06676763479716813,0.3409090909090909,0.07575757575757576,0.12396694214876033,0.07575757575757576,0.2631578947368421,0.14191117524450858,0.1843885346205046
SMD,machine-3-9.test.csv@36.out,"1,1,1",n,abs_resid,0.8136924807064692,0.3884171209052658,1.0,0.04455445544554455,0.08530805687203792,0.04455445544554455,1.0,0.12000000000000001,0.21428571428571427
SMD,machine-2-3.test.csv@19.out,"1,1,1",n,abs_resid,0.7240173296104999,0.15486634308854083,0.2185792349726776,0.18604651162790697,0.20100502512562815,0.18604651162790697,0.11742424242424243,0.09928600500029072,0.10759605564613323
SMD,machine-2-3.test.csv@2.out,"1,1,1",n,abs_resid,0.718829448443814,0.26228213977739,1.0,0.11162790697674418,0.200836820083682,0.11162790697674418,1.0,0.0729964920441111,0.1360610078138265
SMD,machine-1-8.test.csv@26.out,"1,1,1",n,abs_resid,0.38552522754800467,0.03007191482548095,0.056768558951965066,0.023090586145648313,0.03282828282828283,0.023090586145648313,0.043478260869565216,0.13099319727891157,0.06528696972984702
SMD,machine-3-9.test.csv@20.out,"1,1,1",n,abs_resid,0.5264170819157306,0.05296988523638531,0.22448979591836735,0.054455445544554455,0.08764940239043825,0.054455445544554455,0.14285714285714285,0.1652568697729988,0.1532427821231526
SMD,machine-2-4.test.csv@14.out,"1,1,1",n,abs_resid,0.8320036834024673,0.3591712218655606,0.9761904761904762,0.10789473684210527,0.1943127962085308,0.10789473684210527,0.9523809523809523,0.5538693032741383,0.7004076149582238
SMD,machine-2-3.test.csv@20.out,"1,1,1",n,abs_resid,0.7406214039125432,0.12613688279500687,0.2557077625570776,0.26046511627906976,0.25806451612903225,0.26046511627906976,0.2321167883211679,0.15273254082777893,0.1842372282548785
SMD,machine-3-5.test.csv@23.out,"1,1,1",n,abs_resid,0.7330508393779223,0.16412014104379513,0.6,0.030303030303030304,0.057692307692307696,0.030303030303030304,0.6666666666666666,0.0526423076923077,0.09757940758669735
SMD,machine-1-1.test.csv@23.out,"1,1,1",n,abs_resid,0.46876473705871885,0.10353929508092646,0.12469437652811736,0.01893095768374165,0.03287141475990976,0.01893095768374165,0.13333333333333333,0.12603901864501568,0.12958360717957246
SMD,machine-1-5.test.csv@20.out,"1,1,1",n,abs_resid,0.4827535372362959,0.03328821434179337,0.07368421052631578,0.07,0.07179487179487179,0.07,0.045454545454545456,0.24940092165898617,0.07689466056662216
SMD,machine-3-11.test.csv@28.out,"1,1,1",n,abs_resid,0.5610213414910739,0.13218474701184812,0.5294117647058824,0.13636363636363635,0.21686746987951808,0.13636363636363635,0.34285714285714286,0.14644059644059645,0.20522557314889583
SMD,machine-3-8.test.csv@31.out,"1,1,1",n,abs_resid,0.8411590004850024,0.3050924986491521,0.6062992125984252,0.11232676878191102,0.18953846153846154,0.11232676878191102,0.5260115606936416,0.13787035365463812,0.21847680538323866
SMD,machine-1-2.test.csv@9.out,"1,1,1",n,abs_resid,0.809612342631499,0.0704399022338146,0.05952380952380952,0.012135922330097087,0.020161290322580645,0.012135922330097087,0.05714285714285714,0.09085621485264662,0.07015967919073504
SMD,machine-3-6.test.csv@22.out,"1,1,1",n,abs_resid,0.4942126601939798,0.06201840915435614,0.18691588785046728,0.04950495049504951,0.07827788649706457,0.04950495049504951,0.12037037037037036,0.22945833132268495,0.15790576469115966
SMD,machine-3-5.test.csv@28.out,"1,1,1",n,abs_resid,0.668811987226913,0.1475072895463109,0.2361111111111111,0.1717171717171717,0.19883040935672514,0.1717171717171717,0.1261682242990654,0.05362576760987357,0.07526244680566216
SMD,machine-2-5.test.csv@9.out,"1,1,1",n,abs_resid,0.8768543114858841,0.4984477706801814,0.9743589743589743,0.09973753280839895,0.18095238095238095,0.09973753280839895,0.96,0.47561960866820957,0.6360944383380963
SMD,machine-2-6.test.csv@20.out,"1,1,1",n,abs_resid,0.745101296442704,0.2218529982518431,0.546875,0.1912568306010929,0.2834008097165992,0.1912568306010929,0.32598039215686275,0.20600193923723337,0.25246174158321977
SMD,machine-2-8.test.csv@34.out,"1,1,1",n,abs_resid,0.9787151076689498,0.9477269794205391,1.0,0.5093167701863354,0.6748971193415638,0.5093167701863354,1.0,0.22716356107660457,0.37022540153866923
SMD,machine-3-5.test.csv@7.out,"1,1,1",n,abs_resid,0.606773753136703,0.16658514219256432,0.7142857142857143,0.012626262626262626,0.02481389578163772,0.012626262626262626,0.7142857142857143,0.05176153846153846,0.09652805969849507
SMD,machine-2-8.test.csv@19.out,"1,1,1",n,abs_resid,0.9521929951921282,0.7463751867884605,0.9181818181818182,0.6273291925465838,0.7453874538745388,0.6273291925465838,0.7837837837837838,0.2173056328978368,0.3402705659495828
SMD,machine-3-4.test.csv@34.out,"1,1,1",n,abs_resid,0.6848688232096793,0.08714042889528358,0.06787330316742081,0.01694915254237288,0.027124773960216998,0.01694915254237288,0.046296296296296294,0.3334444890853087,0.08130411827924967
SMD,machine-3-1.test.csv@36.out,"1,1,1",n,abs_resid,0.791923165839118,0.2992919989965401,0.875,0.03825136612021858,0.07329842931937172,0.03825136612021858,0.875,0.15555555555555556,0.26415094339622647
SMD,machine-1-1.test.csv@10.out,"1,1,1",n,abs_resid,0.9411769556940303,0.8254500298153715,0.9555555555555556,0.03192279138827023,0.0617816091954023,0.03192279138827023,0.953125,0.12642072249373354,0.22323232562767018
SMD,machine-2-8.test.csv@5.out,"1,1,1",n,abs_resid,0.9439491514073677,0.26720194705828876,0.625,0.031055900621118012,0.05917159763313609,0.031055900621118012,0.6666666666666666,0.20621118012422363,0.31499051233396586
SMD,machine-2-7.test.csv@31.out,"1,1,1",n,abs_resid,0.44358607041729226,0.0037248381664595435,0.006688963210702341,0.029850746268656716,0.01092896174863388,0.029850746268656716,0.008097165991902834,0.017582417582417582,0.011088011088011088
SMD,machine-2-9.test.csv@11.out,"1,1,1",n,abs_resid,0.5049402957884103,0.06446163158796178,0.07248764415156507,0.02507122507122507,0.03725656223539373,0.02507122507122507,0.07082630691399663,0.14266571021016616,0.09465914007990248
SMD,machine-2-8.test.csv@30.out,"1,1,1",n,abs_resid,0.9770578645416343,0.7844052408489288,1.0,0.2919254658385093,0.4519230769230769,0.2919254658385093,1.0,0.21373766898063573,0.35219747140276936
SMD,machine-3-8.test.csv@3.out,"1,1,1",n,abs_resid,0.7355413797235705,0.20427792442709747,0.40757238307349664,0.13347921225382933,0.2010989010989011,0.13347921225382933,0.3285414794848757,0.1721340345742468,0.22590747420512233
SMD,machine-2-8.test.csv@28.out,"1,1,1",n,abs_resid,0.9636126537164854,0.8140454431150984,0.9454545454545454,0.6459627329192547,0.7675276752767528,0.6459627329192547,0.84375,0.2191396365309409,0.3479177178290212
SMD,machine-2-9.test.csv@9.out,"1,1,1",n,abs_resid,0.8646071378371274,0.5237651840104547,0.6864864864864865,0.07236467236467237,0.1309278350515464,0.07236467236467237,0.7045333333333333,0.40203321253425345,0.5119363139889457
SMD,machine-2-3.test.csv@14.out,"1,1,1",n,abs_resid,0.6464066630389858,0.1475730542656123,0.21518987341772153,0.15813953488372093,0.18230563002680966,0.15813953488372093,0.09090909090909091,0.12165952800873438,0.10406011148784552
SMD,machine-2-5.test.csv@13.out,"1,1,1",n,abs_resid,0.9194271185178811,0.5654851089832407,0.5564516129032258,0.18110236220472442,0.2732673267326733,0.18110236220472442,0.48191489361702117,0.5232415440402965,0.5017286535414941
SMD,machine-3-11.test.csv@15.out,"1,1,1",n,abs_resid,0.5158437255617064,0.01549386720525327,0.022429906542056073,0.06060606060606061,0.03274215552523874,0.06060606060606061,0.020754716981132074,0.14083694083694084,0.036177991946218256
SMD,machine-2-7.test.csv@25.out,"1,1,1",n,abs_resid,0.5756847614208243,0.007030890028562753,0.01282051282051282,0.05970149253731343,0.021108179419525065,0.05970149253731343,0.014760147601476014,0.05347985347985348,0.023135126569742103
SMD,machine-3-3.test.csv@31.out,"1,1,1",n,abs_resid,0.47995002873746717,0.004906498417293519,0.004347826086956522,0.0125,0.0064516129032258064,0.0125,0.006134969325153374,0.01453287197231834,0.008627773212818407
SMD,machine-1-5.test.csv@4.out,"1,1,1",n,abs_resid,0.8010599000254174,0.41049374885780004,0.967741935483871,0.3,0.4580152671755725,0.3,0.9090909090909091,0.21439848666739422,0.3469684999040385
SMD,machine-2-9.test.csv@12.out,"1,1,1",n,abs_resid,0.7926957622515827,0.49561840907924315,0.8530927835051546,0.1886039886039886,0.30891273915072326,0.1886039886039886,0.7916666666666666,0.1495392527653553,0.25156076758211093
SMD,machine-2-7.test.csv@20.out,"1,1,1",n,abs_resid,0.46452006174168586,0.004508097304601396,0.015209125475285171,0.05970149253731343,0.024242424242424242,0.05970149253731343,0.010101010101010102,0.019780219780219783,0.013372956909361073
SVDB,880.test.csv@2.out,"1,1,1",n,abs_resid,0.45406453223277704,0.15535073119328424,0.15456674473067916,0.025374855824682813,0.043593130779392336,0.025374855824682813,0.14047619047619048,0.20535292686932244,0.1668291964029005
SVDB,827.test.csv@1.out,"1,1,1",n,abs_resid,0.48801896469979744,0.004930596066669967,0.002036659877800407,0.008,0.003246753246753247,0.008,0.0024390243902439024,0.2064,0.004821078202373166
SVDB,871.test.csv@1.out,"1,1,1",n,abs_resid,0.5346285995208118,0.01212010435197666,0.006561679790026247,0.017123287671232876,0.009487666034155597,0.017123287671232876,0.005873715124816446,0.20646213689691953,0.011422468364590833
SVDB,873.test.csv@1.out,"1,1,1",n,abs_resid,0.5115141130965166,0.01089414182795891,0.009881422924901186,0.015479876160990712,0.012062726176115802,0.015479876160990712,0.01006036217303823,0.20495474766068417,0.019179293884459433
SVDB,840.test.csv@1.out,"1,1,1",n,abs_resid,0.646189105600046,0.13178237362968953,0.12413793103448276,0.053322048243757934,0.07460035523978685,0.053322048243757934,0.1251646903820817,0.2004490277746843,0.15410370693736278
SVDB,845.test.csv@1.out,"1,1,1",n,abs_resid,0.4753877512633945,0.0942804926527244,0.07526881720430108,0.018433179723502304,0.029613960867265997,0.018433179723502304,0.07563025210084033,0.20782742692590564,0.11090220413744462
SVDB,884.test.csv@1.out,"1,1,1",n,abs_resid,0.5470887282040047,0.11147656658808348,0.0532994923857868,0.012396694214876033,0.020114942528735632,0.012396694214876033,0.04871060171919771,0.07833507902177354,0.0600689265879299
SVDB,809.test.csv@1.out,"1,1,1",n,abs_resid,0.5486204698915157,0.01846311654418346,0.0189873417721519,0.031185031185031187,0.023603461841070025,0.031185031185031187,0.0189873417721519,0.20650556055598,0.03477707382931698
SVDB,862.test.csv@2.out,"1,1,1",n,abs_resid,0.4890841739964065,0.410732055819234,0.4837310195227766,0.037253591713999334,0.06917946331627113,0.037253591713999334,0.48394495412844035,0.20837058680942872,0.29131194697319357
SVDB,854.test.csv@2.out,"1,1,1",n,abs_resid,0.4954692920008755,0.417358716795572,0.375,0.020348389085864036,0.038602134815031434,0.020348389085864036,0.37941176470588234,0.2034436821926453,0.2648647340938806
SVDB,868.test.csv@1.out,"1,1,1",n,abs_resid,0.46488249245729757,0.2606260805907583,0.2631578947368421,0.019071124074489566,0.03556485355648536,0.019071124074489566,0.2625,0.20959285507447006,0.2330817925569731
SVDB,858.test.csv@1.out,"1,1,1",n,abs_resid,0.5286234330342333,0.026076188335276876,0.034071550255536626,0.029585798816568046,0.03167062549485352,0.029585798816568046,0.0341726618705036,0.20124571784490813,0.05842451109479457
SVDB,891.test.csv@1.out,"1,1,1",n,abs_resid,0.4942728578413154,0.2420166862415245,0.27491408934707906,0.02112490097702667,0.0392349190779794,0.02112490097702667,0.2777777777777778,0.20695610915298085,0.2371932709802978
SVDB,866.test.csv@2.out,"1,1,1",n,abs_resid,0.5121504371530012,0.17079662736343998,0.10294117647058823,0.016561514195583597,0.028532608695652172,0.016561514195583597,0.10855263157894737,0.13150082420920037,0.11892984815271337
SVDB,804.test.csv@1.out,"1,1,1",n,abs_resid,0.5224720964633107,0.018575896530755455,0.008291873963515755,0.017857142857142856,0.011325028312570781,0.017857142857142856,0.005940594059405941,0.2143589743589744,0.011560800221259335
SVDB,862.test.csv@1.out,"1,1,1",n,abs_resid,0.5016750681699351,0.4070038041966958,0.4894117647058824,0.034747744737721346,0.06488847293713929,0.034747744737721346,0.49868073878627966,0.2087758396976288,0.29432898964415394
SVDB,845.test.csv@2.out,"1,1,1",n,abs_resid,0.4923535124573671,0.09753668708879155,0.08634538152610442,0.028308097432521395,0.042637580565195836,0.028308097432521395,0.07770961145194274,0.2089597235080447,0.11328856590246754
SVDB,864.test.csv@1.out,"1,1,1",n,abs_resid,0.5421540903696744,0.13370034697128613,0.2015810276679842,0.053515215110178385,0.0845771144278607,0.053515215110178385,0.1444043321299639,0.2179015447244794,0.17369813213748872
SVDB,859.test.csv@1.out,"1,1,1",n,abs_resid,0.4689540916833589,0.11276579999689228,0.06936416184971098,0.01223865374808771,0.02080624187256177,0.01223865374808771,0.06990881458966565,0.12282176785747913,0.08910183415315744
SVDB,870.test.csv@2.out,"1,1,1",n,abs_resid,0.4921366379192722,0.23768997394034658,0.11274509803921569,0.012095713910070997,0.021847542151507957,0.012095713910070997,0.12027491408934708,0.20133669575239282,0.15059004739641244
SVDB,856.test.csv@2.out,"1,1,1",n,abs_resid,0.4974448201804538,0.03639223981706788,0.028282828282828285,0.024475524475524476,0.026241799437675725,0.024475524475524476,0.022727272727272728,0.2078400857473779,0.04097404197793019
SVDB,807.test.csv@1.out,"1,1,1",n,abs_resid,0.5072924154528154,0.025617696811678674,0.0215633423180593,0.016494845360824743,0.018691588785046728,0.016494845360824743,0.022598870056497175,0.2065980219482455,0.04074123179507286
SVDB,894.test.csv@2.out,"1,1,1",n,abs_resid,0.508264761477063,0.08448526146130488,0.09227467811158799,0.03300076745970836,0.04861503674392312,0.03300076745970836,0.07272727272727272,0.21165149202498118,0.10825587344431277
SVDB,856.test.csv@1.out,"1,1,1",n,abs_resid,0.5009597309958848,0.034898508077178106,0.030162412993039442,0.022727272727272728,0.0259222333000997,0.022727272727272728,0.025821596244131457,0.20792474183203397,0.045938248932076084
SVDB,886.test.csv@2.out,"1,1,1",n,abs_resid,0.45548763453266117,0.008193957295916033,0.0,0.0,0.0,0.0,0.0,0.0,0.0
SVDB,848.test.csv@1.out,"1,1,1",n,abs_resid,0.48826892399877564,0.005721341318931013,0.0031185031185031187,0.017543859649122806,0.00529567519858782,0.017543859649122806,0.0034602076124567475,0.21403508771929827,0.006810315954002457
SVDB,823.test.csv@1.out,"1,1,1",n,abs_resid,0.4540839919132731,0.22748289975618485,0.23469387755102042,0.02236266407389402,0.040834442964935644,0.02236266407389402,0.23834196891191708,0.20885001022905492,0.2226235038512403
SVDB,811.test.csv@2.out,"1,1,1",n,abs_resid,0.5044000839093766,0.02342912977034729,0.013297872340425532,0.012690355329949238,0.012987012987012988,0.012690355329949238,0.009259259259259259,0.10543478260869565,0.017023517023517024
SVDB,878.test.csv@2.out,"1,1,1",n,abs_resid,0.4783474250419587,0.35934986804539937,0.2546689303904924,0.024053880692751765,0.04395604395604396,0.024053880692751765,0.23846153846153847,0.20198873799903222,0.21871501864962833
SVDB,805.test.csv@2.out,"1,1,1",n,abs_resid,0.5609353717068419,0.06150340698734492,0.08823529411764706,0.0611353711790393,0.07222699914015478,0.0611353711790393,0.10354223433242507,0.20642650103519672,0.13790978704519732
SVDB,842.test.csv@2.out,"1,1,1",n,abs_resid,0.5240169515046366,0.09773772023389551,0.06872852233676977,0.021567217828900073,0.03283173734610123,0.021567217828900073,0.06586608442503639,0.21031655430859364,0.10031570402535783
SVDB,849.test.csv@1.out,"1,1,1",n,abs_resid,0.4959836342273935,0.017932533194854397,0.0189873417721519,0.028846153846153848,0.022900763358778626,0.028846153846153848,0.022535211267605635,0.2062626262626263,0.04063125691758591
SVDB,888.test.csv@1.out,"1,1,1",n,abs_resid,0.5590788636418556,0.12916956458654993,0.12093862815884476,0.04097859327217125,0.06121516674280494,0.04097859327217125,0.08645533141210375,0.21393443647464278,0.1231451572801255
SVDB,857.test.csv@1.out,"1,1,1",n,abs_resid,0.5474045778201078,0.12317354554974054,0.09154929577464789,0.024163568773234202,0.03823529411764706,0.024163568773234202,0.08695652173913043,0.20576212746560704,0.12224953181946573
SVDB,825.test.csv@2.out,"1,1,1",n,abs_resid,0.49428990524246774,0.12065436067648191,0.12355212355212356,0.01671018276762402,0.029438822447102116,0.01671018276762402,0.10416666666666667,0.21297611541447256,0.1399055143349596
SVDB,859.test.csv@2.out,"1,1,1",n,abs_resid,0.48141197048612583,0.12421634900594167,0.09846827133479212,0.022947475777664456,0.03722084367245657,0.022947475777664456,0.09649122807017543,0.16715099416134072,0.12235221326283037
SVDB,875.test.csv@1.out,"1,1,1",n,abs_resid,0.4691920430207198,0.17716124809778824,0.13972602739726028,0.015932521087160263,0.02860347728547392,0.015932521087160263,0.11320754716981132,0.20784127711635203,0.14657708985727824
SVDB,872.test.csv@2.out,"1,1,1",n,abs_resid,0.48746996592590097,0.036758403955188035,0.021367521367521368,0.012853470437017995,0.016051364365971106,0.012853470437017995,0.028735632183908046,0.20515791986598497,0.05041047496364552
SVDB,882.test.csv@2.out,"1,1,1",n,abs_resid,0.4790271773854529,0.0407591056392992,0.031791907514450865,0.011879049676025918,0.01729559748427673,0.011879049676025918,0.03642384105960265,0.20519412825108266,0.061865914485612954
SVDB,820.test.csv@2.out,"1,1,1",n,abs_resid,0.4937612014514412,0.0941724965509656,0.07878787878787878,0.026657552973342446,0.03983656792645557,0.026657552973342446,0.08051948051948052,0.20828961956692685,0.11614157559516948
SVDB,868.test.csv@2.out,"1,1,1",n,abs_resid,0.46483459797931004,0.25331181124756585,0.24285714285714285,0.019071124074489566,0.03536509257333056,0.019071124074489566,0.24085365853658536,0.17306146842566106,0.20140596516945425
SVDB,865.test.csv@2.out,"1,1,1",n,abs_resid,0.5017644107296394,0.3788563097130445,0.3988439306358382,0.021075137446548563,0.04003481288076589,0.021075137446548563,0.39672131147540984,0.20776895567679002,0.27271364671689224
SVDB,875.test.csv@2.out,"1,1,1",n,abs_resid,0.5035226935146375,0.18476438036102258,0.05730659025787966,0.006248047485160888,0.011267605633802818,0.006248047485160888,0.06329113924050633,0.12529152294972093,0.08409938785005468
SVDB,803.test.csv@2.out,"1,1,1",n,abs_resid,0.516477464038359,0.11287368035988565,0.07125890736342043,0.016,0.02613240418118467,0.016,0.08496732026143791,0.20651620972069018,0.12039876785897327
SVDB,863.test.csv@1.out,"1,1,1",n,abs_resid,0.5152523006348959,0.2662414275374192,0.2559055118110236,0.01599803101156781,0.030113504748668057,0.01599803101156781,0.25523012552301255,0.20375857137389744,0.22660830691362352
SVDB,858.test.csv@2.out,"1,1,1",n,abs_resid,0.5155830916614942,0.02493792475966145,0.037552155771905425,0.03994082840236687,0.03870967741935484,0.03994082840236687,0.03620689655172414,0.20152155536770922,0.06138491248505656
SVDB,874.test.csv@1.out,"1,1,1",n,abs_resid,0.5469669523517512,0.04722858895139728,0.0,0.0,0.0,0.0,0.0,0.0,0.0
SVDB,808.test.csv@2.out,"1,1,1",n,abs_resid,0.5879542282335855,0.06211880791331588,0.06343283582089553,0.04156479217603912,0.050221565731166914,0.04156479217603912,0.06156156156156156,0.20610861987300524,0.09480599163252133
SVDB,874.test.csv@2.out,"1,1,1",n,abs_resid,0.523066353240441,0.04685943677503237,0.032719836400818,0.01353637901861252,0.019150209455415918,0.01353637901861252,0.03587443946188341,0.20559872831991363,0.06108951317703267
SVDB,852.test.csv@1.out,"1,1,1",n,abs_resid,0.5397762955251428,0.0665555315097395,0.08539944903581267,0.03311965811965812,0.04772902232486528,0.03311965811965812,0.06046511627906977,0.2182882072790234,0.09469893787813549
SVDB,887.test.csv@2.out,"1,1,1",n,abs_resid,0.4706813817689281,0.20019069941908713,0.09611451942740286,0.014042426053181954,0.024504692387904068,0.014042426053181954,0.11461318051575932,0.18284111682816148,0.14090233098565383
SVDB,887.test.csv@1.out,"1,1,1",n,abs_resid,0.516933956130983,0.23382931125548934,0.24404761904761904,0.03674932775619958,0.06387951181511296,0.03674932775619958,0.11864406779661017,0.22020805919180844,0.15420519939664315
SVDB,889.test.csv@1.out,"1,1,1",n,abs_resid,0.5311433649227412,0.17916895851928244,0.208955223880597,0.028937577511368336,0.050835148874364564,0.028937577511368336,0.18992248062015504,0.20650365345271218,0.19786629967062141
SVDB,820.test.csv@1.out,"1,1,1",n,abs_resid,0.49854419472115663,0.09700844497250917,0.07481751824817519,0.028024606971975393,0.040775733465937346,0.028024606971975393,0.08108108108108109,0.21166103500442493,0.11724794348269736
SVDB,869.test.csv@1.out,"1,1,1",n,abs_resid,0.493850376400619,0.2712677265197554,0.2861635220125786,0.021426889569107606,0.03986856516976999,0.021426889569107606,0.2848101265822785,0.2061226425185731,0.23916030708118688
SVDB,883.test.csv@1.out,"1,1,1",n,abs_resid,0.48930289275794325,0.034117314253104984,0.024242424242424242,0.015717092337917484,0.01907032181168057,0.015717092337917484,0.024390243902439025,0.20471582143510522,0.043587399645086074
SVDB,851.test.csv@1.out,"1,1,1",n,abs_resid,0.5063802906605781,0.25299284539324624,0.07357859531772576,0.00573962953300287,0.010648596321393998,0.00573962953300287,0.07142857142857142,0.12937214196290456,0.09204018379206504
SVDB,803.test.csv@1.out,"1,1,1",n,abs_resid,0.5006833599715859,0.10788507170447877,0.037694013303769404,0.009066666666666667,0.014617368873602751,0.009066666666666667,0.04189944134078212,0.20653403718212668,0.0696658182080677
SVDB,847.test.csv@2.out,"1,1,1",n,abs_resid,0.5550431786517602,0.18715057461184792,0.2938271604938272,0.054587155963302755,0.09206963249516441,0.054587155963302755,0.25835866261398177,0.20544911108030736,0.22888601952983248
SVDB,828.test.csv@2.out,"1,1,1",n,abs_resid,0.5068361436020246,0.2515639081586638,0.32954545454545453,0.03171131765992345,0.05785536159600998,0.03171131765992345,0.29563492063492064,0.20862905883850372,0.24462598068680722
SVDB,802.test.csv@2.out,"1,1,1",n,abs_resid,0.5070142144469523,0.019766716485127643,0.011627906976744186,0.015105740181268883,0.013140604467805518,0.015105740181268883,0.009828009828009828,0.20603870025556772,0.018761117638547292
SVDB,853.test.csv@2.out,"1,1,1",n,abs_resid,0.4911763985687569,0.09728219304858024,0.07991803278688525,0.024667931688804556,0.037699371677138716,0.024667931688804556,0.0821917808219178,0.20761088532123598,0.11776225946891933
SVDB,824.test.csv@1.out,"1,1,1",n,abs_resid,0.48854671448239906,0.1419345707457177,0.11834319526627218,0.02621231979030144,0.04291845493562232,0.02621231979030144,0.12471131639722864,0.20835510555221334,0.15603037579960158
SVDB,882.test.csv@1.out,"1,1,1",n,abs_resid,0.4725494394150395,0.041812111046259065,0.032397408207343416,0.016198704103671708,0.02159827213822894,0.016198704103671708,0.032679738562091505,0.20519412825108266,0.056380219950670725
SVDB,879.test.csv@1.out,"1,1,1",n,abs_resid,0.5266529588910043,0.471262682610296,0.2934472934472934,0.014218663721700718,0.027123107307439106,0.014218663721700718,0.3161512027491409,0.20674304379142555,0.2500010753115321
SVDB,894.test.csv@1.out,"1,1,1",n,abs_resid,0.46844115497233596,0.07219808143874266,0.037900874635568516,0.009976976208749041,0.015795868772782502,0.009976976208749041,0.04276315789473684,0.16492477316762996,0.06791635970029626
SVDB,870.test.csv@1.out,"1,1,1",n,abs_resid,0.48626439508279573,0.23603072425562083,0.20557491289198607,0.015514067841178017,0.02885085574572127,0.015514067841178017,0.1956521739130435,0.20727548601042453,0.20129618028469423
SVDB,802.test.csv@1.out,"1,1,1",n,abs_resid,0.48304715592418157,0.017725990955980358,0.010438413361169102,0.015105740181268883,0.012345679012345678,0.015105740181268883,0.011961722488038277,0.2048338809784593,0.022603466133397195
SVDB,806.test.csv@2.out,"1,1,1",n,abs_resid,0.49186834864371265,0.012889828041014104,0.011890606420927468,0.026954177897574125,0.0165016501650165,0.026954177897574125,0.008695652173913044,0.2194056175092253,0.016728314906033707
SVDB,801.test.csv@1.out,"1,1,1",n,abs_resid,0.4880712309706976,0.5541144509763525,0.5522388059701493,0.01738517561376718,0.03370914474433436,0.01738517561376718,0.5411764705882353,0.19335169289898313,0.284910482529518
SVDB,891.test.csv@2.out,"1,1,1",n,abs_resid,0.5543579063149321,0.2804955504670362,0.2840909090909091,0.039609189331925004,0.06952491309385864,0.039609189331925004,0.29304029304029305,0.2136014766837542,0.24709308652280942
SVDB,812.test.csv@1.out,"1,1,1",n,abs_resid,0.48129538521767135,0.06298894239515272,0.06722689075630252,0.015748031496062992,0.025518341307814992,0.015748031496062992,0.046948356807511735,0.20614259753697092,0.0764788788873124
SVDB,805.test.csv@1.out,"1,1,1",n,abs_resid,0.628848340456783,0.07333641202351962,0.0782122905027933,0.040756914119359534,0.053588516746411484,0.040756914119359534,0.08259587020648967,0.20582286634460548,0.11788498179704791
SVDB,855.test.csv@2.out,"1,1,1",n,abs_resid,0.5591558916268526,0.3598428219670262,0.45098039215686275,0.04423076923076923,0.08056042031523643,0.04423076923076923,0.44232891832229576,0.10163171319846741,0.165286394497481
SVDB,889.test.csv@2.out,"1,1,1",n,abs_resid,0.5538236728960382,0.18553178146552324,0.15101289134438306,0.03389830508474576,0.05536799459824443,0.03389830508474576,0.17391304347826086,0.20622233731346204,0.18869463947653473
SVDB,888.test.csv@2.out,"1,1,1",n,abs_resid,0.5152473824437803,0.11050435048123732,0.12615384615384614,0.02507645259938838,0.04183673469387755,0.02507645259938838,0.10197368421052631,0.20993737628431133,0.13727046215828004
SVDB,801.test.csv@2.out,"1,1,1",n,abs_resid,0.4641901671553431,0.5263979042712655,0.3841059602649007,0.02043932808645601,0.0388132946687486,0.02043932808645601,0.38497652582159625,0.1960863668820701,0.25982952699661166
SVDB,883.test.csv@2.out,"1,1,1",n,abs_resid,0.48998614164983434,0.03254878193071152,0.03546099290780142,0.019646365422396856,0.025284450063211124,0.019646365422396856,0.045662100456621,0.20471582143510522,0.07466915878846392
SVDB,812.test.csv@2.out,"1,1,1",n,abs_resid,0.5014381383182598,0.067727317021407,0.052980132450331126,0.015748031496062992,0.024279210925644917,0.015748031496062992,0.06422018348623854,0.20458206845726026,0.09775437429803294
SVDB,825.test.csv@1.out,"1,1,1",n,abs_resid,0.4813508962361017,0.11882261601176594,0.10760667903525047,0.030287206266318537,0.04726976365118175,0.030287206266318537,0.09895833333333333,0.21267183884204163,0.13506811982826822
SVDB,844.test.csv@1.out,"1,1,1",n,abs_resid,0.5123783857612987,0.04486694723697643,0.058646616541353384,0.031150159744408944,0.0406885758998435,0.031150159744408944,0.05295315682281059,0.20675121313858197,0.08431224637661053
SVDB,810.test.csv@2.out,"1,1,1",n,abs_resid,0.5273894027448999,0.07150485455207509,0.05225225225225225,0.022103658536585365,0.031065881092662024,0.022103658536585365,0.04439252336448598,0.20943855827176186,0.07325742798375827
SVDB,827.test.csv@2.out,"1,1,1",n,abs_resid,0.3963653290806431,0.004090922167051958,0.0037926675094816687,0.024,0.006550218340611353,0.024,0.0037105751391465678,0.2096,0.007292058058141638
SVDB,853.test.csv@1.out,"1,1,1",n,abs_resid,0.5125350802378011,0.10213586120913799,0.0664819944598338,0.015180265654648957,0.024716786817713696,0.015180265654648957,0.07894736842105263,0.18921776624154657,0.11141078963956323
SVDB,890.test.csv@1.out,"1,1,1",n,abs_resid,0.5055422399026945,0.08848210559422946,0.03836317135549872,0.01038781163434903,0.01634877384196185,0.01038781163434903,0.042682926829268296,0.20597067690277399,0.07071227763656233
SVDB,849.test.csv@2.out,"1,1,1",n,abs_resid,0.5694113202804643,0.038083264064580694,0.03289473684210526,0.0641025641025641,0.043478260869565216,0.0641025641025641,0.02620967741935484,0.20851010101010103,0.046566016061525224
SVDB,842.test.csv@1.out,"1,1,1",n,abs_resid,0.49037734522429577,0.08822134171502072,0.049479166666666664,0.013659237958303379,0.02140845070422535,0.013659237958303379,0.04786324786324787,0.15637211503230097,0.07329266777878307
SVDB,890.test.csv@2.out,"1,1,1",n,abs_resid,0.5153209028351973,0.09071998164966058,0.04691358024691358,0.013157894736842105,0.02055164954029205,0.013157894736842105,0.052941176470588235,0.2061485692650041,0.08424685240731696
SVDB,886.test.csv@1.out,"1,1,1",n,abs_resid,0.5419395119577337,0.010529613278718115,0.0012970168612191958,0.0035587188612099642,0.0019011406844106464,0.0035587188612099642,0.0022522522522522522,0.10283687943262412,0.004407964736282109
SVDB,872.test.csv@1.out,"1,1,1",n,abs_resid,0.5004156235388235,0.03699337334032447,0.01559792027729636,0.011568123393316195,0.013284132841328414,0.011568123393316195,0.014861995753715499,0.20630899900267557,0.02772663269438461
SVDB,880.test.csv@1.out,"1,1,1",n,abs_resid,0.45897097658089775,0.159623089105837,0.140625,0.020761245674740483,0.036180904522613064,0.020761245674740483,0.140625,0.20366195640299894,0.16637262659261323
SVDB,865.test.csv@1.out,"1,1,1",n,abs_resid,0.5380493180735392,0.408313183520841,0.389873417721519,0.023518631643249847,0.04436122713524413,0.023518631643249847,0.3891891891891892,0.20718915446100863,0.27041819976202913
SVDB,893.test.csv@2.out,"1,1,1",n,abs_resid,0.49873627939482407,0.12386794856558667,0.09014675052410902,0.02188295165394402,0.03521703521703522,0.02188295165394402,0.09859735973597358,0.2072114583338676,0.13361617776563975
SVDB,809.test.csv@2.out,"1,1,1",n,abs_resid,0.5235820137408945,0.017538771126724865,0.01859229747675963,0.029106029106029108,0.022690437601296597,0.029106029106029108,0.01859229747675963,0.20650556055598,0.034113277185457286
SVDB,847.test.csv@1.out,"1,1,1",n,abs_resid,0.5687146467259201,0.1883736510434805,0.25462962962962965,0.02522935779816514,0.045909849749582635,0.02522935779816514,0.25462962962962965,0.18774678592780214,0.2161322027292533
SVDB,877.test.csv@2.out,"1,1,1",n,abs_resid,0.5101368009480369,0.09839506419948726,0.09219858156028368,0.023008849557522124,0.036827195467422094,0.023008849557522124,0.07627118644067797,0.19498268105913757,0.10965049499082141
SVDB,844.test.csv@2.out,"1,1,1",n,abs_resid,0.5403244887489882,0.04822640103822673,0.055865921787709494,0.023961661341853034,0.03353828954723309,0.023961661341853034,0.05485232067510549,0.20578101868098517,0.08661644326413373
SVDB,850.test.csv@1.out,"1,1,1",n,abs_resid,0.5285067691850864,0.017778649884329707,0.015804597701149427,0.022132796780684104,0.018440905280804692,0.022132796780684104,0.014466546112115732,0.20221327967806843,0.027001385332269843
SVDB,826.test.csv@2.out,"1,1,1",n,abs_resid,0.4905796655223199,0.09415272647287304,0.09549549549549549,0.033523086654016446,0.04962546816479401,0.033523086654016446,0.08528784648187633,0.2108847374430793,0.12145557076257553
SVDB,892.test.csv@2.out,"1,1,1",n,abs_resid,0.5045916370444332,0.4887636213786562,0.44946236559139785,0.027848101265822784,0.05244667503136763,0.027848101265822784,0.4057971014492754,0.21215073036773133,0.27863242500724905
SVDB,806.test.csv@1.out,"1,1,1",n,abs_resid,0.47240423730580083,0.012011119039266065,0.012600229095074456,0.029649595687331536,0.017684887459807074,0.029649595687331536,0.008532423208191127,0.2216034197070275,0.016432157089231257
SVDB,873.test.csv@2.out,"1,1,1",n,abs_resid,0.47969531814726374,0.010129702648688982,0.006910167818361303,0.021671826625386997,0.010479041916167664,0.021671826625386997,0.008146639511201629,0.2086516336861482,0.015681025664969386
SVDB,841.test.csv@1.out,"1,1,1",n,abs_resid,0.4745529023624072,0.038077613584064966,0.04071246819338423,0.03155818540433925,0.035555555555555556,0.03155818540433925,0.02702702702702703,0.2094700771866672,0.04787672522503279
SVDB,841.test.csv@2.out,"1,1,1",n,abs_resid,0.49254911548202507,0.030692558120782157,0.01939655172413793,0.01775147928994083,0.018537590113285273,0.01775147928994083,0.01675977653631285,0.20707486760582883,0.031009752942054585
SVDB,821.test.csv@1.out,"1,1,1",n,abs_resid,0.4981346795085895,0.18884684139090396,0.17342342342342343,0.02591719959609559,0.04509516837481698,0.02591719959609559,0.16136919315403422,0.21064509954041793,0.1827436763705578
SVDB,850.test.csv@2.out,"1,1,1",n,abs_resid,0.5016106195523138,0.017336448049320052,0.02247191011235955,0.04024144869215292,0.02883922134102379,0.04024144869215292,0.02132998745294856,0.2018937152325719,0.03858363033075219
SVDB,857.test.csv@2.out,"1,1,1",n,abs_resid,0.4748268867701141,0.09956172119344908,0.08354430379746836,0.020446096654275093,0.03285216525634644,0.020446096654275093,0.08539944903581267,0.20594386199516768,0.12073379879193158
SVDB,863.test.csv@2.out,"1,1,1",n,abs_resid,0.5139942109198236,0.2722363683311484,0.2357142857142857,0.02436623184838789,0.04416685255409324,0.02436623184838789,0.22137404580152673,0.20915477549923567,0.21509100696712796
SVDB,811.test.csv@1.out,"1,1,1",n,abs_resid,0.47297298987178815,0.021350054657487964,0.016985138004246284,0.02030456852791878,0.018497109826589597,0.02030456852791878,0.01556420233463035,0.2084265010351967,0.02896541852145306
SVDB,861.test.csv@2.out,"1,1,1",n,abs_resid,0.5004190359548596,0.2581886476759629,0.27,0.026832298136645963,0.0488135593220339,0.026832298136645963,0.2765273311897106,0.2028184541520334,0.2340057952223339
SVDB,871.test.csv@2.out,"1,1,1",n,abs_resid,0.5396492773961508,0.011689123942704797,0.009575923392612859,0.023972602739726026,0.013685239491691105,0.023972602739726026,0.008708272859216255,0.20646213689691953,0.016711671695312798
SVDB,864.test.csv@2.out,"1,1,1",n,abs_resid,0.5339498817294183,0.12378105807608743,0.125,0.030430220356768102,0.048945147679324896,0.030430220356768102,0.11730205278592376,0.20695626831456268,0.14973490905536063
SVDB,852.test.csv@2.out,"1,1,1",n,abs_resid,0.5130292105110956,0.05747038430456511,0.06235011990407674,0.027777777777777776,0.038433111603843315,0.027777777777777776,0.04985337243401759,0.21162532263232287,0.08069671621224508
SVDB,826.test.csv@1.out,"1,1,1",n,abs_resid,0.5001463747481585,0.09336415548249145,0.09018036072144289,0.028462998102466792,0.04326923076923077,0.028462998102466792,0.09342560553633218,0.21229980823032538,0.1297519751125673
SVDB,808.test.csv@1.out,"1,1,1",n,abs_resid,0.5777343328554618,0.05138249262364125,0.02197802197802198,0.011409942950285249,0.015021459227467811,0.011409942950285249,0.022887323943661973,0.2054626713895175,0.04118669423715797
